[0.143s] DEBUG:colcon:Command line arguments: ['/usr/bin/colcon', 'build']
[0.143s] DEBUG:colcon:Parsed command line arguments: Namespace(log_base=None, log_level=None, verb_name='build', build_base='build', install_base='install', merge_install=False, symlink_install=False, test_result_base=None, continue_on_error=False, executor='parallel', parallel_workers=8, event_handlers=None, ignore_user_meta=False, metas=['./colcon.meta'], base_paths=['.'], packages_ignore=None, packages_ignore_regex=None, paths=None, packages_up_to=None, packages_up_to_regex=None, packages_above=None, packages_above_and_dependencies=None, packages_above_depth=None, packages_select_by_dep=None, packages_skip_by_dep=None, packages_skip_up_to=None, packages_select_build_failed=False, packages_skip_build_finished=False, packages_select_test_failures=False, packages_skip_test_passed=False, packages_select=None, packages_skip=None, packages_select_regex=None, packages_skip_regex=None, packages_start=None, packages_end=None, allow_overriding=[], cmake_args=None, cmake_target=None, cmake_target_skip_unavailable=False, cmake_clean_cache=False, cmake_clean_first=False, cmake_force_configure=False, ament_cmake_args=None, catkin_cmake_args=None, catkin_skip_building_tests=False, mixin_files=None, mixin=None, verb_parser=<colcon_mixin.mixin.mixin_argument.MixinArgumentDecorator object at 0x7cb573c96050>, verb_extension=<colcon_core.verb.build.BuildVerb object at 0x7cb573c95a80>, main=<bound method BuildVerb.main of <colcon_core.verb.build.BuildVerb object at 0x7cb573c95a80>>, mixin_verb=('build',))
[0.187s] Level 1:colcon.colcon_core.package_discovery:discover_packages(colcon_meta) check parameters
[0.187s] Level 1:colcon.colcon_core.package_discovery:discover_packages(recursive) check parameters
[0.187s] Level 1:colcon.colcon_core.package_discovery:discover_packages(ignore) check parameters
[0.187s] Level 1:colcon.colcon_core.package_discovery:discover_packages(path) check parameters
[0.187s] Level 1:colcon.colcon_core.package_discovery:discover_packages(colcon_meta) discover
[0.187s] Level 1:colcon.colcon_core.package_discovery:discover_packages(recursive) discover
[0.187s] INFO:colcon.colcon_core.package_discovery:Crawling recursively for packages in '/home/alberto/Documents/sub_alberto'
[0.187s] Level 1:colcon.colcon_core.package_identification:_identify(.) by extensions ['ignore', 'ignore_ament_install']
[0.187s] Level 1:colcon.colcon_core.package_identification:_identify(.) by extension 'ignore'
[0.187s] Level 1:colcon.colcon_core.package_identification:_identify(.) by extension 'ignore_ament_install'
[0.187s] Level 1:colcon.colcon_core.package_identification:_identify(.) by extensions ['colcon_pkg']
[0.187s] Level 1:colcon.colcon_core.package_identification:_identify(.) by extension 'colcon_pkg'
[0.187s] Level 1:colcon.colcon_core.package_identification:_identify(.) by extensions ['colcon_meta']
[0.187s] Level 1:colcon.colcon_core.package_identification:_identify(.) by extension 'colcon_meta'
[0.187s] Level 1:colcon.colcon_core.package_identification:_identify(.) by extensions ['ros']
[0.187s] Level 1:colcon.colcon_core.package_identification:_identify(.) by extension 'ros'
[0.209s] Level 1:colcon.colcon_core.package_identification:_identify(.) by extensions ['cmake', 'python']
[0.209s] Level 1:colcon.colcon_core.package_identification:_identify(.) by extension 'cmake'
[0.209s] Level 1:colcon.colcon_core.package_identification:_identify(.) by extension 'python'
[0.209s] Level 1:colcon.colcon_core.package_identification:_identify(.) by extensions ['python_setup_py']
[0.209s] Level 1:colcon.colcon_core.package_identification:_identify(.) by extension 'python_setup_py'
[0.209s] Level 1:colcon.colcon_core.package_identification:_identify(build) by extensions ['ignore', 'ignore_ament_install']
[0.209s] Level 1:colcon.colcon_core.package_identification:_identify(build) by extension 'ignore'
[0.209s] Level 1:colcon.colcon_core.package_identification:_identify(build) ignored
[0.209s] Level 1:colcon.colcon_core.package_identification:_identify(install) by extensions ['ignore', 'ignore_ament_install']
[0.209s] Level 1:colcon.colcon_core.package_identification:_identify(install) by extension 'ignore'
[0.209s] Level 1:colcon.colcon_core.package_identification:_identify(install) ignored
[0.209s] Level 1:colcon.colcon_core.package_identification:_identify(log) by extensions ['ignore', 'ignore_ament_install']
[0.210s] Level 1:colcon.colcon_core.package_identification:_identify(log) by extension 'ignore'
[0.210s] Level 1:colcon.colcon_core.package_identification:_identify(log) ignored
[0.210s] Level 1:colcon.colcon_core.package_identification:_identify(src) by extensions ['ignore', 'ignore_ament_install']
[0.210s] Level 1:colcon.colcon_core.package_identification:_identify(src) by extension 'ignore'
[0.210s] Level 1:colcon.colcon_core.package_identification:_identify(src) by extension 'ignore_ament_install'
[0.210s] Level 1:colcon.colcon_core.package_identification:_identify(src) by extensions ['colcon_pkg']
[0.210s] Level 1:colcon.colcon_core.package_identification:_identify(src) by extension 'colcon_pkg'
[0.210s] Level 1:colcon.colcon_core.package_identification:_identify(src) by extensions ['colcon_meta']
[0.210s] Level 1:colcon.colcon_core.package_identification:_identify(src) by extension 'colcon_meta'
[0.210s] Level 1:colcon.colcon_core.package_identification:_identify(src) by extensions ['ros']
[0.210s] Level 1:colcon.colcon_core.package_identification:_identify(src) by extension 'ros'
[0.210s] Level 1:colcon.colcon_core.package_identification:_identify(src) by extensions ['cmake', 'python']
[0.210s] Level 1:colcon.colcon_core.package_identification:_identify(src) by extension 'cmake'
[0.210s] Level 1:colcon.colcon_core.package_identification:_identify(src) by extension 'python'
[0.210s] Level 1:colcon.colcon_core.package_identification:_identify(src) by extensions ['python_setup_py']
[0.210s] Level 1:colcon.colcon_core.package_identification:_identify(src) by extension 'python_setup_py'
[0.210s] Level 1:colcon.colcon_core.package_identification:_identify(src/uuv_control) by extensions ['ignore', 'ignore_ament_install']
[0.210s] Level 1:colcon.colcon_core.package_identification:_identify(src/uuv_control) by extension 'ignore'
[0.210s] Level 1:colcon.colcon_core.package_identification:_identify(src/uuv_control) by extension 'ignore_ament_install'
[0.210s] Level 1:colcon.colcon_core.package_identification:_identify(src/uuv_control) by extensions ['colcon_pkg']
[0.210s] Level 1:colcon.colcon_core.package_identification:_identify(src/uuv_control) by extension 'colcon_pkg'
[0.210s] Level 1:colcon.colcon_core.package_identification:_identify(src/uuv_control) by extensions ['colcon_meta']
[0.210s] Level 1:colcon.colcon_core.package_identification:_identify(src/uuv_control) by extension 'colcon_meta'
[0.210s] Level 1:colcon.colcon_core.package_identification:_identify(src/uuv_control) by extensions ['ros']
[0.210s] Level 1:colcon.colcon_core.package_identification:_identify(src/uuv_control) by extension 'ros'
[0.213s] DEBUG:colcon.colcon_core.package_identification:Package 'src/uuv_control' with type 'ros.ament_cmake' and name 'uuv_control'
[0.213s] Level 1:colcon.colcon_core.package_identification:_identify(src/uuv_master) by extensions ['ignore', 'ignore_ament_install']
[0.213s] Level 1:colcon.colcon_core.package_identification:_identify(src/uuv_master) by extension 'ignore'
[0.213s] Level 1:colcon.colcon_core.package_identification:_identify(src/uuv_master) by extension 'ignore_ament_install'
[0.213s] Level 1:colcon.colcon_core.package_identification:_identify(src/uuv_master) by extensions ['colcon_pkg']
[0.213s] Level 1:colcon.colcon_core.package_identification:_identify(src/uuv_master) by extension 'colcon_pkg'
[0.213s] Level 1:colcon.colcon_core.package_identification:_identify(src/uuv_master) by extensions ['colcon_meta']
[0.213s] Level 1:colcon.colcon_core.package_identification:_identify(src/uuv_master) by extension 'colcon_meta'
[0.213s] Level 1:colcon.colcon_core.package_identification:_identify(src/uuv_master) by extensions ['ros']
[0.213s] Level 1:colcon.colcon_core.package_identification:_identify(src/uuv_master) by extension 'ros'
[0.214s] DEBUG:colcon.colcon_core.package_identification:Package 'src/uuv_master' with type 'ros.ament_cmake' and name 'uuv_master'
[0.214s] Level 1:colcon.colcon_core.package_identification:_identify(src/uuv_mission) by extensions ['ignore', 'ignore_ament_install']
[0.214s] Level 1:colcon.colcon_core.package_identification:_identify(src/uuv_mission) by extension 'ignore'
[0.214s] Level 1:colcon.colcon_core.package_identification:_identify(src/uuv_mission) by extension 'ignore_ament_install'
[0.214s] Level 1:colcon.colcon_core.package_identification:_identify(src/uuv_mission) by extensions ['colcon_pkg']
[0.214s] Level 1:colcon.colcon_core.package_identification:_identify(src/uuv_mission) by extension 'colcon_pkg'
[0.214s] Level 1:colcon.colcon_core.package_identification:_identify(src/uuv_mission) by extensions ['colcon_meta']
[0.214s] Level 1:colcon.colcon_core.package_identification:_identify(src/uuv_mission) by extension 'colcon_meta'
[0.214s] Level 1:colcon.colcon_core.package_identification:_identify(src/uuv_mission) by extensions ['ros']
[0.214s] Level 1:colcon.colcon_core.package_identification:_identify(src/uuv_mission) by extension 'ros'
[0.215s] DEBUG:colcon.colcon_core.package_identification:Package 'src/uuv_mission' with type 'ros.ament_cmake' and name 'uuv_mission'
[0.215s] Level 1:colcon.colcon_core.package_identification:_identify(src/uuv_msgs) by extensions ['ignore', 'ignore_ament_install']
[0.215s] Level 1:colcon.colcon_core.package_identification:_identify(src/uuv_msgs) by extension 'ignore'
[0.215s] Level 1:colcon.colcon_core.package_identification:_identify(src/uuv_msgs) by extension 'ignore_ament_install'
[0.215s] Level 1:colcon.colcon_core.package_identification:_identify(src/uuv_msgs) by extensions ['colcon_pkg']
[0.215s] Level 1:colcon.colcon_core.package_identification:_identify(src/uuv_msgs) by extension 'colcon_pkg'
[0.215s] Level 1:colcon.colcon_core.package_identification:_identify(src/uuv_msgs) by extensions ['colcon_meta']
[0.215s] Level 1:colcon.colcon_core.package_identification:_identify(src/uuv_msgs) by extension 'colcon_meta'
[0.215s] Level 1:colcon.colcon_core.package_identification:_identify(src/uuv_msgs) by extensions ['ros']
[0.215s] Level 1:colcon.colcon_core.package_identification:_identify(src/uuv_msgs) by extension 'ros'
[0.215s] Level 1:colcon.colcon_core.package_identification:_identify(src/uuv_msgs) by extensions ['cmake', 'python']
[0.215s] Level 1:colcon.colcon_core.package_identification:_identify(src/uuv_msgs) by extension 'cmake'
[0.215s] Level 1:colcon.colcon_core.package_identification:_identify(src/uuv_msgs) by extension 'python'
[0.215s] Level 1:colcon.colcon_core.package_identification:_identify(src/uuv_msgs) by extensions ['python_setup_py']
[0.215s] Level 1:colcon.colcon_core.package_identification:_identify(src/uuv_msgs) by extension 'python_setup_py'
[0.215s] Level 1:colcon.colcon_core.package_identification:_identify(src/uuv_msgs/build) by extensions ['ignore', 'ignore_ament_install']
[0.216s] Level 1:colcon.colcon_core.package_identification:_identify(src/uuv_msgs/build) by extension 'ignore'
[0.216s] Level 1:colcon.colcon_core.package_identification:_identify(src/uuv_msgs/build) by extension 'ignore_ament_install'
[0.216s] Level 1:colcon.colcon_core.package_identification:_identify(src/uuv_msgs/build) by extensions ['colcon_pkg']
[0.216s] Level 1:colcon.colcon_core.package_identification:_identify(src/uuv_msgs/build) by extension 'colcon_pkg'
[0.216s] Level 1:colcon.colcon_core.package_identification:_identify(src/uuv_msgs/build) by extensions ['colcon_meta']
[0.216s] Level 1:colcon.colcon_core.package_identification:_identify(src/uuv_msgs/build) by extension 'colcon_meta'
[0.216s] Level 1:colcon.colcon_core.package_identification:_identify(src/uuv_msgs/build) by extensions ['ros']
[0.216s] Level 1:colcon.colcon_core.package_identification:_identify(src/uuv_msgs/build) by extension 'ros'
[0.216s] Level 1:colcon.colcon_core.package_identification:_identify(src/uuv_msgs/build) by extensions ['cmake', 'python']
[0.216s] Level 1:colcon.colcon_core.package_identification:_identify(src/uuv_msgs/build) by extension 'cmake'
[0.216s] Level 1:colcon.colcon_core.package_identification:_identify(src/uuv_msgs/build) by extension 'python'
[0.216s] Level 1:colcon.colcon_core.package_identification:_identify(src/uuv_msgs/build) by extensions ['python_setup_py']
[0.216s] Level 1:colcon.colcon_core.package_identification:_identify(src/uuv_msgs/build) by extension 'python_setup_py'
[0.216s] Level 1:colcon.colcon_core.package_identification:_identify(src/uuv_msgs/build/uuv_msgs) by extensions ['ignore', 'ignore_ament_install']
[0.216s] Level 1:colcon.colcon_core.package_identification:_identify(src/uuv_msgs/build/uuv_msgs) by extension 'ignore'
[0.216s] Level 1:colcon.colcon_core.package_identification:_identify(src/uuv_msgs/build/uuv_msgs) by extension 'ignore_ament_install'
[0.216s] Level 1:colcon.colcon_core.package_identification:_identify(src/uuv_msgs/build/uuv_msgs) by extensions ['colcon_pkg']
[0.216s] Level 1:colcon.colcon_core.package_identification:_identify(src/uuv_msgs/build/uuv_msgs) by extension 'colcon_pkg'
[0.216s] Level 1:colcon.colcon_core.package_identification:_identify(src/uuv_msgs/build/uuv_msgs) by extensions ['colcon_meta']
[0.216s] Level 1:colcon.colcon_core.package_identification:_identify(src/uuv_msgs/build/uuv_msgs) by extension 'colcon_meta'
[0.216s] Level 1:colcon.colcon_core.package_identification:_identify(src/uuv_msgs/build/uuv_msgs) by extensions ['ros']
[0.216s] Level 1:colcon.colcon_core.package_identification:_identify(src/uuv_msgs/build/uuv_msgs) by extension 'ros'
[0.216s] Level 1:colcon.colcon_core.package_identification:_identify(src/uuv_msgs/build/uuv_msgs) by extensions ['cmake', 'python']
[0.216s] Level 1:colcon.colcon_core.package_identification:_identify(src/uuv_msgs/build/uuv_msgs) by extension 'cmake'
[0.216s] Level 1:colcon.colcon_core.package_identification:_identify(src/uuv_msgs/build/uuv_msgs) by extension 'python'
[0.216s] Level 1:colcon.colcon_core.package_identification:_identify(src/uuv_msgs/build/uuv_msgs) by extensions ['python_setup_py']
[0.216s] Level 1:colcon.colcon_core.package_identification:_identify(src/uuv_msgs/build/uuv_msgs) by extension 'python_setup_py'
[0.216s] Level 1:colcon.colcon_core.package_identification:_identify(src/uuv_msgs/build/uuv_msgs/CMakeFiles) by extensions ['ignore', 'ignore_ament_install']
[0.216s] Level 1:colcon.colcon_core.package_identification:_identify(src/uuv_msgs/build/uuv_msgs/CMakeFiles) by extension 'ignore'
[0.216s] Level 1:colcon.colcon_core.package_identification:_identify(src/uuv_msgs/build/uuv_msgs/CMakeFiles) by extension 'ignore_ament_install'
[0.216s] Level 1:colcon.colcon_core.package_identification:_identify(src/uuv_msgs/build/uuv_msgs/CMakeFiles) by extensions ['colcon_pkg']
[0.217s] Level 1:colcon.colcon_core.package_identification:_identify(src/uuv_msgs/build/uuv_msgs/CMakeFiles) by extension 'colcon_pkg'
[0.217s] Level 1:colcon.colcon_core.package_identification:_identify(src/uuv_msgs/build/uuv_msgs/CMakeFiles) by extensions ['colcon_meta']
[0.217s] Level 1:colcon.colcon_core.package_identification:_identify(src/uuv_msgs/build/uuv_msgs/CMakeFiles) by extension 'colcon_meta'
[0.217s] Level 1:colcon.colcon_core.package_identification:_identify(src/uuv_msgs/build/uuv_msgs/CMakeFiles) by extensions ['ros']
[0.217s] Level 1:colcon.colcon_core.package_identification:_identify(src/uuv_msgs/build/uuv_msgs/CMakeFiles) by extension 'ros'
[0.217s] Level 1:colcon.colcon_core.package_identification:_identify(src/uuv_msgs/build/uuv_msgs/CMakeFiles) by extensions ['cmake', 'python']
[0.217s] Level 1:colcon.colcon_core.package_identification:_identify(src/uuv_msgs/build/uuv_msgs/CMakeFiles) by extension 'cmake'
[0.217s] Level 1:colcon.colcon_core.package_identification:_identify(src/uuv_msgs/build/uuv_msgs/CMakeFiles) by extension 'python'
[0.217s] Level 1:colcon.colcon_core.package_identification:_identify(src/uuv_msgs/build/uuv_msgs/CMakeFiles) by extensions ['python_setup_py']
[0.217s] Level 1:colcon.colcon_core.package_identification:_identify(src/uuv_msgs/build/uuv_msgs/CMakeFiles) by extension 'python_setup_py'
[0.217s] Level 1:colcon.colcon_core.package_identification:_identify(src/uuv_msgs/build/uuv_msgs/CMakeFiles/3.22.1) by extensions ['ignore', 'ignore_ament_install']
[0.217s] Level 1:colcon.colcon_core.package_identification:_identify(src/uuv_msgs/build/uuv_msgs/CMakeFiles/3.22.1) by extension 'ignore'
[0.217s] Level 1:colcon.colcon_core.package_identification:_identify(src/uuv_msgs/build/uuv_msgs/CMakeFiles/3.22.1) by extension 'ignore_ament_install'
[0.217s] Level 1:colcon.colcon_core.package_identification:_identify(src/uuv_msgs/build/uuv_msgs/CMakeFiles/3.22.1) by extensions ['colcon_pkg']
[0.217s] Level 1:colcon.colcon_core.package_identification:_identify(src/uuv_msgs/build/uuv_msgs/CMakeFiles/3.22.1) by extension 'colcon_pkg'
[0.217s] Level 1:colcon.colcon_core.package_identification:_identify(src/uuv_msgs/build/uuv_msgs/CMakeFiles/3.22.1) by extensions ['colcon_meta']
[0.217s] Level 1:colcon.colcon_core.package_identification:_identify(src/uuv_msgs/build/uuv_msgs/CMakeFiles/3.22.1) by extension 'colcon_meta'
[0.217s] Level 1:colcon.colcon_core.package_identification:_identify(src/uuv_msgs/build/uuv_msgs/CMakeFiles/3.22.1) by extensions ['ros']
[0.217s] Level 1:colcon.colcon_core.package_identification:_identify(src/uuv_msgs/build/uuv_msgs/CMakeFiles/3.22.1) by extension 'ros'
[0.217s] Level 1:colcon.colcon_core.package_identification:_identify(src/uuv_msgs/build/uuv_msgs/CMakeFiles/3.22.1) by extensions ['cmake', 'python']
[0.217s] Level 1:colcon.colcon_core.package_identification:_identify(src/uuv_msgs/build/uuv_msgs/CMakeFiles/3.22.1) by extension 'cmake'
[0.217s] Level 1:colcon.colcon_core.package_identification:_identify(src/uuv_msgs/build/uuv_msgs/CMakeFiles/3.22.1) by extension 'python'
[0.217s] Level 1:colcon.colcon_core.package_identification:_identify(src/uuv_msgs/build/uuv_msgs/CMakeFiles/3.22.1) by extensions ['python_setup_py']
[0.217s] Level 1:colcon.colcon_core.package_identification:_identify(src/uuv_msgs/build/uuv_msgs/CMakeFiles/3.22.1) by extension 'python_setup_py'
[0.217s] Level 1:colcon.colcon_core.package_identification:_identify(src/uuv_msgs/build/uuv_msgs/CMakeFiles/3.22.1/CompilerIdC) by extensions ['ignore', 'ignore_ament_install']
[0.217s] Level 1:colcon.colcon_core.package_identification:_identify(src/uuv_msgs/build/uuv_msgs/CMakeFiles/3.22.1/CompilerIdC) by extension 'ignore'
[0.217s] Level 1:colcon.colcon_core.package_identification:_identify(src/uuv_msgs/build/uuv_msgs/CMakeFiles/3.22.1/CompilerIdC) by extension 'ignore_ament_install'
[0.217s] Level 1:colcon.colcon_core.package_identification:_identify(src/uuv_msgs/build/uuv_msgs/CMakeFiles/3.22.1/CompilerIdC) by extensions ['colcon_pkg']
[0.217s] Level 1:colcon.colcon_core.package_identification:_identify(src/uuv_msgs/build/uuv_msgs/CMakeFiles/3.22.1/CompilerIdC) by extension 'colcon_pkg'
[0.217s] Level 1:colcon.colcon_core.package_identification:_identify(src/uuv_msgs/build/uuv_msgs/CMakeFiles/3.22.1/CompilerIdC) by extensions ['colcon_meta']
[0.217s] Level 1:colcon.colcon_core.package_identification:_identify(src/uuv_msgs/build/uuv_msgs/CMakeFiles/3.22.1/CompilerIdC) by extension 'colcon_meta'
[0.218s] Level 1:colcon.colcon_core.package_identification:_identify(src/uuv_msgs/build/uuv_msgs/CMakeFiles/3.22.1/CompilerIdC) by extensions ['ros']
[0.218s] Level 1:colcon.colcon_core.package_identification:_identify(src/uuv_msgs/build/uuv_msgs/CMakeFiles/3.22.1/CompilerIdC) by extension 'ros'
[0.218s] Level 1:colcon.colcon_core.package_identification:_identify(src/uuv_msgs/build/uuv_msgs/CMakeFiles/3.22.1/CompilerIdC) by extensions ['cmake', 'python']
[0.218s] Level 1:colcon.colcon_core.package_identification:_identify(src/uuv_msgs/build/uuv_msgs/CMakeFiles/3.22.1/CompilerIdC) by extension 'cmake'
[0.218s] Level 1:colcon.colcon_core.package_identification:_identify(src/uuv_msgs/build/uuv_msgs/CMakeFiles/3.22.1/CompilerIdC) by extension 'python'
[0.218s] Level 1:colcon.colcon_core.package_identification:_identify(src/uuv_msgs/build/uuv_msgs/CMakeFiles/3.22.1/CompilerIdC) by extensions ['python_setup_py']
[0.218s] Level 1:colcon.colcon_core.package_identification:_identify(src/uuv_msgs/build/uuv_msgs/CMakeFiles/3.22.1/CompilerIdC) by extension 'python_setup_py'
[0.218s] Level 1:colcon.colcon_core.package_identification:_identify(src/uuv_msgs/build/uuv_msgs/CMakeFiles/3.22.1/CompilerIdC/tmp) by extensions ['ignore', 'ignore_ament_install']
[0.218s] Level 1:colcon.colcon_core.package_identification:_identify(src/uuv_msgs/build/uuv_msgs/CMakeFiles/3.22.1/CompilerIdC/tmp) by extension 'ignore'
[0.218s] Level 1:colcon.colcon_core.package_identification:_identify(src/uuv_msgs/build/uuv_msgs/CMakeFiles/3.22.1/CompilerIdC/tmp) by extension 'ignore_ament_install'
[0.218s] Level 1:colcon.colcon_core.package_identification:_identify(src/uuv_msgs/build/uuv_msgs/CMakeFiles/3.22.1/CompilerIdC/tmp) by extensions ['colcon_pkg']
[0.218s] Level 1:colcon.colcon_core.package_identification:_identify(src/uuv_msgs/build/uuv_msgs/CMakeFiles/3.22.1/CompilerIdC/tmp) by extension 'colcon_pkg'
[0.218s] Level 1:colcon.colcon_core.package_identification:_identify(src/uuv_msgs/build/uuv_msgs/CMakeFiles/3.22.1/CompilerIdC/tmp) by extensions ['colcon_meta']
[0.218s] Level 1:colcon.colcon_core.package_identification:_identify(src/uuv_msgs/build/uuv_msgs/CMakeFiles/3.22.1/CompilerIdC/tmp) by extension 'colcon_meta'
[0.218s] Level 1:colcon.colcon_core.package_identification:_identify(src/uuv_msgs/build/uuv_msgs/CMakeFiles/3.22.1/CompilerIdC/tmp) by extensions ['ros']
[0.218s] Level 1:colcon.colcon_core.package_identification:_identify(src/uuv_msgs/build/uuv_msgs/CMakeFiles/3.22.1/CompilerIdC/tmp) by extension 'ros'
[0.218s] Level 1:colcon.colcon_core.package_identification:_identify(src/uuv_msgs/build/uuv_msgs/CMakeFiles/3.22.1/CompilerIdC/tmp) by extensions ['cmake', 'python']
[0.218s] Level 1:colcon.colcon_core.package_identification:_identify(src/uuv_msgs/build/uuv_msgs/CMakeFiles/3.22.1/CompilerIdC/tmp) by extension 'cmake'
[0.218s] Level 1:colcon.colcon_core.package_identification:_identify(src/uuv_msgs/build/uuv_msgs/CMakeFiles/3.22.1/CompilerIdC/tmp) by extension 'python'
[0.218s] Level 1:colcon.colcon_core.package_identification:_identify(src/uuv_msgs/build/uuv_msgs/CMakeFiles/3.22.1/CompilerIdC/tmp) by extensions ['python_setup_py']
[0.218s] Level 1:colcon.colcon_core.package_identification:_identify(src/uuv_msgs/build/uuv_msgs/CMakeFiles/3.22.1/CompilerIdC/tmp) by extension 'python_setup_py'
[0.218s] Level 1:colcon.colcon_core.package_identification:_identify(src/uuv_msgs/build/uuv_msgs/CMakeFiles/3.22.1/CompilerIdCXX) by extensions ['ignore', 'ignore_ament_install']
[0.218s] Level 1:colcon.colcon_core.package_identification:_identify(src/uuv_msgs/build/uuv_msgs/CMakeFiles/3.22.1/CompilerIdCXX) by extension 'ignore'
[0.218s] Level 1:colcon.colcon_core.package_identification:_identify(src/uuv_msgs/build/uuv_msgs/CMakeFiles/3.22.1/CompilerIdCXX) by extension 'ignore_ament_install'
[0.218s] Level 1:colcon.colcon_core.package_identification:_identify(src/uuv_msgs/build/uuv_msgs/CMakeFiles/3.22.1/CompilerIdCXX) by extensions ['colcon_pkg']
[0.218s] Level 1:colcon.colcon_core.package_identification:_identify(src/uuv_msgs/build/uuv_msgs/CMakeFiles/3.22.1/CompilerIdCXX) by extension 'colcon_pkg'
[0.218s] Level 1:colcon.colcon_core.package_identification:_identify(src/uuv_msgs/build/uuv_msgs/CMakeFiles/3.22.1/CompilerIdCXX) by extensions ['colcon_meta']
[0.218s] Level 1:colcon.colcon_core.package_identification:_identify(src/uuv_msgs/build/uuv_msgs/CMakeFiles/3.22.1/CompilerIdCXX) by extension 'colcon_meta'
[0.218s] Level 1:colcon.colcon_core.package_identification:_identify(src/uuv_msgs/build/uuv_msgs/CMakeFiles/3.22.1/CompilerIdCXX) by extensions ['ros']
[0.218s] Level 1:colcon.colcon_core.package_identification:_identify(src/uuv_msgs/build/uuv_msgs/CMakeFiles/3.22.1/CompilerIdCXX) by extension 'ros'
[0.218s] Level 1:colcon.colcon_core.package_identification:_identify(src/uuv_msgs/build/uuv_msgs/CMakeFiles/3.22.1/CompilerIdCXX) by extensions ['cmake', 'python']
[0.219s] Level 1:colcon.colcon_core.package_identification:_identify(src/uuv_msgs/build/uuv_msgs/CMakeFiles/3.22.1/CompilerIdCXX) by extension 'cmake'
[0.219s] Level 1:colcon.colcon_core.package_identification:_identify(src/uuv_msgs/build/uuv_msgs/CMakeFiles/3.22.1/CompilerIdCXX) by extension 'python'
[0.219s] Level 1:colcon.colcon_core.package_identification:_identify(src/uuv_msgs/build/uuv_msgs/CMakeFiles/3.22.1/CompilerIdCXX) by extensions ['python_setup_py']
[0.219s] Level 1:colcon.colcon_core.package_identification:_identify(src/uuv_msgs/build/uuv_msgs/CMakeFiles/3.22.1/CompilerIdCXX) by extension 'python_setup_py'
[0.219s] Level 1:colcon.colcon_core.package_identification:_identify(src/uuv_msgs/build/uuv_msgs/CMakeFiles/3.22.1/CompilerIdCXX/tmp) by extensions ['ignore', 'ignore_ament_install']
[0.219s] Level 1:colcon.colcon_core.package_identification:_identify(src/uuv_msgs/build/uuv_msgs/CMakeFiles/3.22.1/CompilerIdCXX/tmp) by extension 'ignore'
[0.219s] Level 1:colcon.colcon_core.package_identification:_identify(src/uuv_msgs/build/uuv_msgs/CMakeFiles/3.22.1/CompilerIdCXX/tmp) by extension 'ignore_ament_install'
[0.219s] Level 1:colcon.colcon_core.package_identification:_identify(src/uuv_msgs/build/uuv_msgs/CMakeFiles/3.22.1/CompilerIdCXX/tmp) by extensions ['colcon_pkg']
[0.219s] Level 1:colcon.colcon_core.package_identification:_identify(src/uuv_msgs/build/uuv_msgs/CMakeFiles/3.22.1/CompilerIdCXX/tmp) by extension 'colcon_pkg'
[0.219s] Level 1:colcon.colcon_core.package_identification:_identify(src/uuv_msgs/build/uuv_msgs/CMakeFiles/3.22.1/CompilerIdCXX/tmp) by extensions ['colcon_meta']
[0.219s] Level 1:colcon.colcon_core.package_identification:_identify(src/uuv_msgs/build/uuv_msgs/CMakeFiles/3.22.1/CompilerIdCXX/tmp) by extension 'colcon_meta'
[0.219s] Level 1:colcon.colcon_core.package_identification:_identify(src/uuv_msgs/build/uuv_msgs/CMakeFiles/3.22.1/CompilerIdCXX/tmp) by extensions ['ros']
[0.219s] Level 1:colcon.colcon_core.package_identification:_identify(src/uuv_msgs/build/uuv_msgs/CMakeFiles/3.22.1/CompilerIdCXX/tmp) by extension 'ros'
[0.219s] Level 1:colcon.colcon_core.package_identification:_identify(src/uuv_msgs/build/uuv_msgs/CMakeFiles/3.22.1/CompilerIdCXX/tmp) by extensions ['cmake', 'python']
[0.219s] Level 1:colcon.colcon_core.package_identification:_identify(src/uuv_msgs/build/uuv_msgs/CMakeFiles/3.22.1/CompilerIdCXX/tmp) by extension 'cmake'
[0.219s] Level 1:colcon.colcon_core.package_identification:_identify(src/uuv_msgs/build/uuv_msgs/CMakeFiles/3.22.1/CompilerIdCXX/tmp) by extension 'python'
[0.219s] Level 1:colcon.colcon_core.package_identification:_identify(src/uuv_msgs/build/uuv_msgs/CMakeFiles/3.22.1/CompilerIdCXX/tmp) by extensions ['python_setup_py']
[0.219s] Level 1:colcon.colcon_core.package_identification:_identify(src/uuv_msgs/build/uuv_msgs/CMakeFiles/3.22.1/CompilerIdCXX/tmp) by extension 'python_setup_py'
[0.219s] Level 1:colcon.colcon_core.package_identification:_identify(src/uuv_msgs/build/uuv_msgs/CMakeFiles/CMakeTmp) by extensions ['ignore', 'ignore_ament_install']
[0.219s] Level 1:colcon.colcon_core.package_identification:_identify(src/uuv_msgs/build/uuv_msgs/CMakeFiles/CMakeTmp) by extension 'ignore'
[0.219s] Level 1:colcon.colcon_core.package_identification:_identify(src/uuv_msgs/build/uuv_msgs/CMakeFiles/CMakeTmp) by extension 'ignore_ament_install'
[0.219s] Level 1:colcon.colcon_core.package_identification:_identify(src/uuv_msgs/build/uuv_msgs/CMakeFiles/CMakeTmp) by extensions ['colcon_pkg']
[0.219s] Level 1:colcon.colcon_core.package_identification:_identify(src/uuv_msgs/build/uuv_msgs/CMakeFiles/CMakeTmp) by extension 'colcon_pkg'
[0.219s] Level 1:colcon.colcon_core.package_identification:_identify(src/uuv_msgs/build/uuv_msgs/CMakeFiles/CMakeTmp) by extensions ['colcon_meta']
[0.219s] Level 1:colcon.colcon_core.package_identification:_identify(src/uuv_msgs/build/uuv_msgs/CMakeFiles/CMakeTmp) by extension 'colcon_meta'
[0.219s] Level 1:colcon.colcon_core.package_identification:_identify(src/uuv_msgs/build/uuv_msgs/CMakeFiles/CMakeTmp) by extensions ['ros']
[0.219s] Level 1:colcon.colcon_core.package_identification:_identify(src/uuv_msgs/build/uuv_msgs/CMakeFiles/CMakeTmp) by extension 'ros'
[0.219s] Level 1:colcon.colcon_core.package_identification:_identify(src/uuv_msgs/build/uuv_msgs/CMakeFiles/CMakeTmp) by extensions ['cmake', 'python']
[0.219s] Level 1:colcon.colcon_core.package_identification:_identify(src/uuv_msgs/build/uuv_msgs/CMakeFiles/CMakeTmp) by extension 'cmake'
[0.219s] Level 1:colcon.colcon_core.package_identification:_identify(src/uuv_msgs/build/uuv_msgs/CMakeFiles/CMakeTmp) by extension 'python'
[0.219s] Level 1:colcon.colcon_core.package_identification:_identify(src/uuv_msgs/build/uuv_msgs/CMakeFiles/CMakeTmp) by extensions ['python_setup_py']
[0.219s] Level 1:colcon.colcon_core.package_identification:_identify(src/uuv_msgs/build/uuv_msgs/CMakeFiles/CMakeTmp) by extension 'python_setup_py'
[0.220s] Level 1:colcon.colcon_core.package_identification:_identify(src/uuv_navigation) by extensions ['ignore', 'ignore_ament_install']
[0.220s] Level 1:colcon.colcon_core.package_identification:_identify(src/uuv_navigation) by extension 'ignore'
[0.220s] Level 1:colcon.colcon_core.package_identification:_identify(src/uuv_navigation) by extension 'ignore_ament_install'
[0.220s] Level 1:colcon.colcon_core.package_identification:_identify(src/uuv_navigation) by extensions ['colcon_pkg']
[0.220s] Level 1:colcon.colcon_core.package_identification:_identify(src/uuv_navigation) by extension 'colcon_pkg'
[0.220s] Level 1:colcon.colcon_core.package_identification:_identify(src/uuv_navigation) by extensions ['colcon_meta']
[0.220s] Level 1:colcon.colcon_core.package_identification:_identify(src/uuv_navigation) by extension 'colcon_meta'
[0.220s] Level 1:colcon.colcon_core.package_identification:_identify(src/uuv_navigation) by extensions ['ros']
[0.220s] Level 1:colcon.colcon_core.package_identification:_identify(src/uuv_navigation) by extension 'ros'
[0.221s] DEBUG:colcon.colcon_core.package_identification:Package 'src/uuv_navigation' with type 'ros.ament_cmake' and name 'uuv_navigation'
[0.221s] Level 1:colcon.colcon_core.package_identification:_identify(src/uuv_vision) by extensions ['ignore', 'ignore_ament_install']
[0.221s] Level 1:colcon.colcon_core.package_identification:_identify(src/uuv_vision) by extension 'ignore'
[0.221s] Level 1:colcon.colcon_core.package_identification:_identify(src/uuv_vision) by extension 'ignore_ament_install'
[0.221s] Level 1:colcon.colcon_core.package_identification:_identify(src/uuv_vision) by extensions ['colcon_pkg']
[0.221s] Level 1:colcon.colcon_core.package_identification:_identify(src/uuv_vision) by extension 'colcon_pkg'
[0.221s] Level 1:colcon.colcon_core.package_identification:_identify(src/uuv_vision) by extensions ['colcon_meta']
[0.221s] Level 1:colcon.colcon_core.package_identification:_identify(src/uuv_vision) by extension 'colcon_meta'
[0.221s] Level 1:colcon.colcon_core.package_identification:_identify(src/uuv_vision) by extensions ['ros']
[0.221s] Level 1:colcon.colcon_core.package_identification:_identify(src/uuv_vision) by extension 'ros'
[0.222s] DEBUG:colcon.colcon_core.package_identification:Package 'src/uuv_vision' with type 'ros.ament_cmake' and name 'uuv_vision'
[0.222s] Level 1:colcon.colcon_core.package_identification:_identify(src/uuv_visualization) by extensions ['ignore', 'ignore_ament_install']
[0.222s] Level 1:colcon.colcon_core.package_identification:_identify(src/uuv_visualization) by extension 'ignore'
[0.222s] Level 1:colcon.colcon_core.package_identification:_identify(src/uuv_visualization) by extension 'ignore_ament_install'
[0.222s] Level 1:colcon.colcon_core.package_identification:_identify(src/uuv_visualization) by extensions ['colcon_pkg']
[0.222s] Level 1:colcon.colcon_core.package_identification:_identify(src/uuv_visualization) by extension 'colcon_pkg'
[0.222s] Level 1:colcon.colcon_core.package_identification:_identify(src/uuv_visualization) by extensions ['colcon_meta']
[0.222s] Level 1:colcon.colcon_core.package_identification:_identify(src/uuv_visualization) by extension 'colcon_meta'
[0.222s] Level 1:colcon.colcon_core.package_identification:_identify(src/uuv_visualization) by extensions ['ros']
[0.222s] Level 1:colcon.colcon_core.package_identification:_identify(src/uuv_visualization) by extension 'ros'
[0.223s] DEBUG:colcon.colcon_core.package_identification:Package 'src/uuv_visualization' with type 'ros.ament_cmake' and name 'uuv_visualization'
[0.223s] Level 1:colcon.colcon_core.package_discovery:discover_packages(recursive) using defaults
[0.223s] Level 1:colcon.colcon_core.package_discovery:discover_packages(ignore) discover
[0.223s] Level 1:colcon.colcon_core.package_discovery:discover_packages(ignore) using defaults
[0.223s] Level 1:colcon.colcon_core.package_discovery:discover_packages(path) discover
[0.223s] Level 1:colcon.colcon_core.package_discovery:discover_packages(path) using defaults
[0.243s] Level 1:colcon.colcon_core.package_discovery:discover_packages(prefix_path) check parameters
[0.243s] Level 1:colcon.colcon_core.package_discovery:discover_packages(prefix_path) discover
[0.246s] DEBUG:colcon.colcon_installed_package_information.package_discovery:Found 6 installed packages in /home/alberto/Documents/sub_alberto/install
[0.247s] DEBUG:colcon.colcon_installed_package_information.package_discovery:Found 17 installed packages in /home/alberto/Documents/kia_gd_ws/install
[0.247s] DEBUG:colcon.colcon_installed_package_information.package_discovery:Found 8 installed packages in /home/alberto/install
[0.248s] DEBUG:colcon.colcon_installed_package_information.package_discovery:Found 4 installed packages in /home/alberto/ros2_ws/install
[0.248s] DEBUG:colcon.colcon_installed_package_information.package_discovery:Found 1 installed packages in /home/alberto/uuv/install
[0.249s] DEBUG:colcon.colcon_installed_package_information.package_discovery:Found 348 installed packages in /opt/ros/humble
[0.250s] Level 1:colcon.colcon_core.package_discovery:discover_packages(prefix_path) using defaults
[0.306s] Level 5:colcon.colcon_core.verb:set package 'uuv_control' build argument 'cmake_args' from command line to 'None'
[0.306s] Level 5:colcon.colcon_core.verb:set package 'uuv_control' build argument 'cmake_target' from command line to 'None'
[0.306s] Level 5:colcon.colcon_core.verb:set package 'uuv_control' build argument 'cmake_target_skip_unavailable' from command line to 'False'
[0.306s] Level 5:colcon.colcon_core.verb:set package 'uuv_control' build argument 'cmake_clean_cache' from command line to 'False'
[0.306s] Level 5:colcon.colcon_core.verb:set package 'uuv_control' build argument 'cmake_clean_first' from command line to 'False'
[0.306s] Level 5:colcon.colcon_core.verb:set package 'uuv_control' build argument 'cmake_force_configure' from command line to 'False'
[0.306s] Level 5:colcon.colcon_core.verb:set package 'uuv_control' build argument 'ament_cmake_args' from command line to 'None'
[0.306s] Level 5:colcon.colcon_core.verb:set package 'uuv_control' build argument 'catkin_cmake_args' from command line to 'None'
[0.306s] Level 5:colcon.colcon_core.verb:set package 'uuv_control' build argument 'catkin_skip_building_tests' from command line to 'False'
[0.306s] DEBUG:colcon.colcon_core.verb:Building package 'uuv_control' with the following arguments: {'ament_cmake_args': None, 'build_base': '/home/alberto/Documents/sub_alberto/build/uuv_control', 'catkin_cmake_args': None, 'catkin_skip_building_tests': False, 'cmake_args': None, 'cmake_clean_cache': False, 'cmake_clean_first': False, 'cmake_force_configure': False, 'cmake_target': None, 'cmake_target_skip_unavailable': False, 'install_base': '/home/alberto/Documents/sub_alberto/install/uuv_control', 'merge_install': False, 'path': '/home/alberto/Documents/sub_alberto/src/uuv_control', 'symlink_install': False, 'test_result_base': None}
[0.306s] Level 5:colcon.colcon_core.verb:set package 'uuv_master' build argument 'cmake_args' from command line to 'None'
[0.306s] Level 5:colcon.colcon_core.verb:set package 'uuv_master' build argument 'cmake_target' from command line to 'None'
[0.306s] Level 5:colcon.colcon_core.verb:set package 'uuv_master' build argument 'cmake_target_skip_unavailable' from command line to 'False'
[0.306s] Level 5:colcon.colcon_core.verb:set package 'uuv_master' build argument 'cmake_clean_cache' from command line to 'False'
[0.306s] Level 5:colcon.colcon_core.verb:set package 'uuv_master' build argument 'cmake_clean_first' from command line to 'False'
[0.306s] Level 5:colcon.colcon_core.verb:set package 'uuv_master' build argument 'cmake_force_configure' from command line to 'False'
[0.306s] Level 5:colcon.colcon_core.verb:set package 'uuv_master' build argument 'ament_cmake_args' from command line to 'None'
[0.306s] Level 5:colcon.colcon_core.verb:set package 'uuv_master' build argument 'catkin_cmake_args' from command line to 'None'
[0.306s] Level 5:colcon.colcon_core.verb:set package 'uuv_master' build argument 'catkin_skip_building_tests' from command line to 'False'
[0.306s] DEBUG:colcon.colcon_core.verb:Building package 'uuv_master' with the following arguments: {'ament_cmake_args': None, 'build_base': '/home/alberto/Documents/sub_alberto/build/uuv_master', 'catkin_cmake_args': None, 'catkin_skip_building_tests': False, 'cmake_args': None, 'cmake_clean_cache': False, 'cmake_clean_first': False, 'cmake_force_configure': False, 'cmake_target': None, 'cmake_target_skip_unavailable': False, 'install_base': '/home/alberto/Documents/sub_alberto/install/uuv_master', 'merge_install': False, 'path': '/home/alberto/Documents/sub_alberto/src/uuv_master', 'symlink_install': False, 'test_result_base': None}
[0.307s] Level 5:colcon.colcon_core.verb:set package 'uuv_mission' build argument 'cmake_args' from command line to 'None'
[0.307s] Level 5:colcon.colcon_core.verb:set package 'uuv_mission' build argument 'cmake_target' from command line to 'None'
[0.307s] Level 5:colcon.colcon_core.verb:set package 'uuv_mission' build argument 'cmake_target_skip_unavailable' from command line to 'False'
[0.307s] Level 5:colcon.colcon_core.verb:set package 'uuv_mission' build argument 'cmake_clean_cache' from command line to 'False'
[0.307s] Level 5:colcon.colcon_core.verb:set package 'uuv_mission' build argument 'cmake_clean_first' from command line to 'False'
[0.307s] Level 5:colcon.colcon_core.verb:set package 'uuv_mission' build argument 'cmake_force_configure' from command line to 'False'
[0.307s] Level 5:colcon.colcon_core.verb:set package 'uuv_mission' build argument 'ament_cmake_args' from command line to 'None'
[0.307s] Level 5:colcon.colcon_core.verb:set package 'uuv_mission' build argument 'catkin_cmake_args' from command line to 'None'
[0.307s] Level 5:colcon.colcon_core.verb:set package 'uuv_mission' build argument 'catkin_skip_building_tests' from command line to 'False'
[0.307s] DEBUG:colcon.colcon_core.verb:Building package 'uuv_mission' with the following arguments: {'ament_cmake_args': None, 'build_base': '/home/alberto/Documents/sub_alberto/build/uuv_mission', 'catkin_cmake_args': None, 'catkin_skip_building_tests': False, 'cmake_args': None, 'cmake_clean_cache': False, 'cmake_clean_first': False, 'cmake_force_configure': False, 'cmake_target': None, 'cmake_target_skip_unavailable': False, 'install_base': '/home/alberto/Documents/sub_alberto/install/uuv_mission', 'merge_install': False, 'path': '/home/alberto/Documents/sub_alberto/src/uuv_mission', 'symlink_install': False, 'test_result_base': None}
[0.307s] Level 5:colcon.colcon_core.verb:set package 'uuv_navigation' build argument 'cmake_args' from command line to 'None'
[0.307s] Level 5:colcon.colcon_core.verb:set package 'uuv_navigation' build argument 'cmake_target' from command line to 'None'
[0.307s] Level 5:colcon.colcon_core.verb:set package 'uuv_navigation' build argument 'cmake_target_skip_unavailable' from command line to 'False'
[0.307s] Level 5:colcon.colcon_core.verb:set package 'uuv_navigation' build argument 'cmake_clean_cache' from command line to 'False'
[0.307s] Level 5:colcon.colcon_core.verb:set package 'uuv_navigation' build argument 'cmake_clean_first' from command line to 'False'
[0.307s] Level 5:colcon.colcon_core.verb:set package 'uuv_navigation' build argument 'cmake_force_configure' from command line to 'False'
[0.307s] Level 5:colcon.colcon_core.verb:set package 'uuv_navigation' build argument 'ament_cmake_args' from command line to 'None'
[0.307s] Level 5:colcon.colcon_core.verb:set package 'uuv_navigation' build argument 'catkin_cmake_args' from command line to 'None'
[0.307s] Level 5:colcon.colcon_core.verb:set package 'uuv_navigation' build argument 'catkin_skip_building_tests' from command line to 'False'
[0.307s] DEBUG:colcon.colcon_core.verb:Building package 'uuv_navigation' with the following arguments: {'ament_cmake_args': None, 'build_base': '/home/alberto/Documents/sub_alberto/build/uuv_navigation', 'catkin_cmake_args': None, 'catkin_skip_building_tests': False, 'cmake_args': None, 'cmake_clean_cache': False, 'cmake_clean_first': False, 'cmake_force_configure': False, 'cmake_target': None, 'cmake_target_skip_unavailable': False, 'install_base': '/home/alberto/Documents/sub_alberto/install/uuv_navigation', 'merge_install': False, 'path': '/home/alberto/Documents/sub_alberto/src/uuv_navigation', 'symlink_install': False, 'test_result_base': None}
[0.307s] Level 5:colcon.colcon_core.verb:set package 'uuv_vision' build argument 'cmake_args' from command line to 'None'
[0.307s] Level 5:colcon.colcon_core.verb:set package 'uuv_vision' build argument 'cmake_target' from command line to 'None'
[0.307s] Level 5:colcon.colcon_core.verb:set package 'uuv_vision' build argument 'cmake_target_skip_unavailable' from command line to 'False'
[0.307s] Level 5:colcon.colcon_core.verb:set package 'uuv_vision' build argument 'cmake_clean_cache' from command line to 'False'
[0.307s] Level 5:colcon.colcon_core.verb:set package 'uuv_vision' build argument 'cmake_clean_first' from command line to 'False'
[0.307s] Level 5:colcon.colcon_core.verb:set package 'uuv_vision' build argument 'cmake_force_configure' from command line to 'False'
[0.307s] Level 5:colcon.colcon_core.verb:set package 'uuv_vision' build argument 'ament_cmake_args' from command line to 'None'
[0.307s] Level 5:colcon.colcon_core.verb:set package 'uuv_vision' build argument 'catkin_cmake_args' from command line to 'None'
[0.307s] Level 5:colcon.colcon_core.verb:set package 'uuv_vision' build argument 'catkin_skip_building_tests' from command line to 'False'
[0.307s] DEBUG:colcon.colcon_core.verb:Building package 'uuv_vision' with the following arguments: {'ament_cmake_args': None, 'build_base': '/home/alberto/Documents/sub_alberto/build/uuv_vision', 'catkin_cmake_args': None, 'catkin_skip_building_tests': False, 'cmake_args': None, 'cmake_clean_cache': False, 'cmake_clean_first': False, 'cmake_force_configure': False, 'cmake_target': None, 'cmake_target_skip_unavailable': False, 'install_base': '/home/alberto/Documents/sub_alberto/install/uuv_vision', 'merge_install': False, 'path': '/home/alberto/Documents/sub_alberto/src/uuv_vision', 'symlink_install': False, 'test_result_base': None}
[0.308s] Level 5:colcon.colcon_core.verb:set package 'uuv_visualization' build argument 'cmake_args' from command line to 'None'
[0.308s] Level 5:colcon.colcon_core.verb:set package 'uuv_visualization' build argument 'cmake_target' from command line to 'None'
[0.308s] Level 5:colcon.colcon_core.verb:set package 'uuv_visualization' build argument 'cmake_target_skip_unavailable' from command line to 'False'
[0.308s] Level 5:colcon.colcon_core.verb:set package 'uuv_visualization' build argument 'cmake_clean_cache' from command line to 'False'
[0.308s] Level 5:colcon.colcon_core.verb:set package 'uuv_visualization' build argument 'cmake_clean_first' from command line to 'False'
[0.308s] Level 5:colcon.colcon_core.verb:set package 'uuv_visualization' build argument 'cmake_force_configure' from command line to 'False'
[0.308s] Level 5:colcon.colcon_core.verb:set package 'uuv_visualization' build argument 'ament_cmake_args' from command line to 'None'
[0.308s] Level 5:colcon.colcon_core.verb:set package 'uuv_visualization' build argument 'catkin_cmake_args' from command line to 'None'
[0.308s] Level 5:colcon.colcon_core.verb:set package 'uuv_visualization' build argument 'catkin_skip_building_tests' from command line to 'False'
[0.308s] DEBUG:colcon.colcon_core.verb:Building package 'uuv_visualization' with the following arguments: {'ament_cmake_args': None, 'build_base': '/home/alberto/Documents/sub_alberto/build/uuv_visualization', 'catkin_cmake_args': None, 'catkin_skip_building_tests': False, 'cmake_args': None, 'cmake_clean_cache': False, 'cmake_clean_first': False, 'cmake_force_configure': False, 'cmake_target': None, 'cmake_target_skip_unavailable': False, 'install_base': '/home/alberto/Documents/sub_alberto/install/uuv_visualization', 'merge_install': False, 'path': '/home/alberto/Documents/sub_alberto/src/uuv_visualization', 'symlink_install': False, 'test_result_base': None}
[0.308s] INFO:colcon.colcon_core.executor:Executing jobs using 'parallel' executor
[0.309s] DEBUG:colcon.colcon_parallel_executor.executor.parallel:run_until_complete
[0.309s] INFO:colcon.colcon_ros.task.ament_cmake.build:Building ROS package in '/home/alberto/Documents/sub_alberto/src/uuv_control' with build type 'ament_cmake'
[0.309s] INFO:colcon.colcon_cmake.task.cmake.build:Building CMake package in '/home/alberto/Documents/sub_alberto/src/uuv_control'
[0.312s] INFO:colcon.colcon_core.plugin_system:Skipping extension 'colcon_core.shell.bat': Not used on non-Windows systems
[0.312s] INFO:colcon.colcon_core.shell:Skip shell extension 'powershell' for command environment: Not usable outside of PowerShell
[0.312s] DEBUG:colcon.colcon_core.shell:Skip shell extension 'dsv' for command environment
[0.316s] INFO:colcon.colcon_ros.task.ament_cmake.build:Building ROS package in '/home/alberto/Documents/sub_alberto/src/uuv_master' with build type 'ament_cmake'
[0.316s] INFO:colcon.colcon_cmake.task.cmake.build:Building CMake package in '/home/alberto/Documents/sub_alberto/src/uuv_master'
[0.317s] INFO:colcon.colcon_core.shell:Skip shell extension 'powershell' for command environment: Not usable outside of PowerShell
[0.317s] DEBUG:colcon.colcon_core.shell:Skip shell extension 'dsv' for command environment
[0.321s] INFO:colcon.colcon_ros.task.ament_cmake.build:Building ROS package in '/home/alberto/Documents/sub_alberto/src/uuv_mission' with build type 'ament_cmake'
[0.321s] INFO:colcon.colcon_cmake.task.cmake.build:Building CMake package in '/home/alberto/Documents/sub_alberto/src/uuv_mission'
[0.321s] INFO:colcon.colcon_core.shell:Skip shell extension 'powershell' for command environment: Not usable outside of PowerShell
[0.321s] DEBUG:colcon.colcon_core.shell:Skip shell extension 'dsv' for command environment
[0.326s] INFO:colcon.colcon_ros.task.ament_cmake.build:Building ROS package in '/home/alberto/Documents/sub_alberto/src/uuv_navigation' with build type 'ament_cmake'
[0.326s] INFO:colcon.colcon_cmake.task.cmake.build:Building CMake package in '/home/alberto/Documents/sub_alberto/src/uuv_navigation'
[0.326s] INFO:colcon.colcon_core.shell:Skip shell extension 'powershell' for command environment: Not usable outside of PowerShell
[0.326s] DEBUG:colcon.colcon_core.shell:Skip shell extension 'dsv' for command environment
[0.330s] INFO:colcon.colcon_ros.task.ament_cmake.build:Building ROS package in '/home/alberto/Documents/sub_alberto/src/uuv_vision' with build type 'ament_cmake'
[0.330s] INFO:colcon.colcon_cmake.task.cmake.build:Building CMake package in '/home/alberto/Documents/sub_alberto/src/uuv_vision'
[0.331s] INFO:colcon.colcon_core.shell:Skip shell extension 'powershell' for command environment: Not usable outside of PowerShell
[0.331s] DEBUG:colcon.colcon_core.shell:Skip shell extension 'dsv' for command environment
[0.335s] INFO:colcon.colcon_ros.task.ament_cmake.build:Building ROS package in '/home/alberto/Documents/sub_alberto/src/uuv_visualization' with build type 'ament_cmake'
[0.335s] INFO:colcon.colcon_cmake.task.cmake.build:Building CMake package in '/home/alberto/Documents/sub_alberto/src/uuv_visualization'
[0.335s] INFO:colcon.colcon_core.shell:Skip shell extension 'powershell' for command environment: Not usable outside of PowerShell
[0.335s] DEBUG:colcon.colcon_core.shell:Skip shell extension 'dsv' for command environment
[0.343s] DEBUG:colcon.colcon_core.event_handler.log_command:Invoking command in '/home/alberto/Documents/sub_alberto/build/uuv_control': CMAKE_PREFIX_PATH=/home/alberto/Documents/kia_gd_ws/install/ur_ros_rtde_tutorials:/home/alberto/Documents/kia_gd_ws/install/ur_ros_rtde:/home/alberto/Documents/kia_gd_ws/install/ur_ros_rtde_simple_clients:/home/alberto/Documents/kia_gd_ws/install/ur_ros_rtde_gripper_commands:/home/alberto/Documents/kia_gd_ws/install/ur_ros_rtde_msgs:/home/alberto/Documents/kia_gd_ws/install/ur:/home/alberto/Documents/kia_gd_ws/install/ur_calibration:/home/alberto/Documents/kia_gd_ws/install/ur_robot_driver:/home/alberto/Documents/kia_gd_ws/install/ur_moveit_config:/home/alberto/Documents/kia_gd_ws/install/ur_bringup:/home/alberto/Documents/kia_gd_ws/install/ur_controllers:/home/alberto/Documents/kia_gd_ws/install/ur_dashboard_msgs:/home/alberto/Documents/kia_gd_ws/install/simple_ur10e_moveit_config:/home/alberto/Documents/kia_gd_ws/install/simple_ur10e_description:/home/alberto/Documents/kia_gd_ws/install/kia_gd:/home/alberto/Documents/sub_alberto/install/uuv_visualization:/home/alberto/Documents/sub_alberto/install/uuv_vision:/home/alberto/Documents/sub_alberto/install/uuv_navigation:/home/alberto/Documents/sub_alberto/install/uuv_mission:/home/alberto/Documents/sub_alberto/install/uuv_master:/home/alberto/Documents/sub_alberto/install/uuv_control:/home/alberto/install/vectornav:/home/alberto/install/vectornav_msgs:/home/alberto/install/uuv_teleop:/home/alberto/install/uuv_description:/home/alberto/install/sub:/home/alberto/install/pid:/home/alberto/Documents/kia_gd_ws/install/ros_tcp_endpoint:/home/alberto/ros2_ws/install/docker_test:/opt/ros/humble:/home/alberto/install/catkin:/home/alberto/ros2_ws/install/sub:/home/alberto/ros2_ws/install/pid:/home/alberto/ros2_ws/install/catkin:/home/alberto/uuv/install/uuv /usr/bin/cmake --build /home/alberto/Documents/sub_alberto/build/uuv_control -- -j8 -l8
[0.347s] DEBUG:colcon.colcon_core.event_handler.log_command:Invoking command in '/home/alberto/Documents/sub_alberto/build/uuv_master': CMAKE_PREFIX_PATH=/home/alberto/Documents/kia_gd_ws/install/ur_ros_rtde_tutorials:/home/alberto/Documents/kia_gd_ws/install/ur_ros_rtde:/home/alberto/Documents/kia_gd_ws/install/ur_ros_rtde_simple_clients:/home/alberto/Documents/kia_gd_ws/install/ur_ros_rtde_gripper_commands:/home/alberto/Documents/kia_gd_ws/install/ur_ros_rtde_msgs:/home/alberto/Documents/kia_gd_ws/install/ur:/home/alberto/Documents/kia_gd_ws/install/ur_calibration:/home/alberto/Documents/kia_gd_ws/install/ur_robot_driver:/home/alberto/Documents/kia_gd_ws/install/ur_moveit_config:/home/alberto/Documents/kia_gd_ws/install/ur_bringup:/home/alberto/Documents/kia_gd_ws/install/ur_controllers:/home/alberto/Documents/kia_gd_ws/install/ur_dashboard_msgs:/home/alberto/Documents/kia_gd_ws/install/simple_ur10e_moveit_config:/home/alberto/Documents/kia_gd_ws/install/simple_ur10e_description:/home/alberto/Documents/kia_gd_ws/install/kia_gd:/home/alberto/Documents/sub_alberto/install/uuv_visualization:/home/alberto/Documents/sub_alberto/install/uuv_vision:/home/alberto/Documents/sub_alberto/install/uuv_navigation:/home/alberto/Documents/sub_alberto/install/uuv_mission:/home/alberto/Documents/sub_alberto/install/uuv_master:/home/alberto/Documents/sub_alberto/install/uuv_control:/home/alberto/install/vectornav:/home/alberto/install/vectornav_msgs:/home/alberto/install/uuv_teleop:/home/alberto/install/uuv_description:/home/alberto/install/sub:/home/alberto/install/pid:/home/alberto/Documents/kia_gd_ws/install/ros_tcp_endpoint:/home/alberto/ros2_ws/install/docker_test:/opt/ros/humble:/home/alberto/install/catkin:/home/alberto/ros2_ws/install/sub:/home/alberto/ros2_ws/install/pid:/home/alberto/ros2_ws/install/catkin:/home/alberto/uuv/install/uuv /usr/bin/cmake --build /home/alberto/Documents/sub_alberto/build/uuv_master -- -j8 -l8
[0.349s] DEBUG:colcon.colcon_core.event_handler.log_command:Invoking command in '/home/alberto/Documents/sub_alberto/build/uuv_mission': CMAKE_PREFIX_PATH=/home/alberto/Documents/kia_gd_ws/install/ur_ros_rtde_tutorials:/home/alberto/Documents/kia_gd_ws/install/ur_ros_rtde:/home/alberto/Documents/kia_gd_ws/install/ur_ros_rtde_simple_clients:/home/alberto/Documents/kia_gd_ws/install/ur_ros_rtde_gripper_commands:/home/alberto/Documents/kia_gd_ws/install/ur_ros_rtde_msgs:/home/alberto/Documents/kia_gd_ws/install/ur:/home/alberto/Documents/kia_gd_ws/install/ur_calibration:/home/alberto/Documents/kia_gd_ws/install/ur_robot_driver:/home/alberto/Documents/kia_gd_ws/install/ur_moveit_config:/home/alberto/Documents/kia_gd_ws/install/ur_bringup:/home/alberto/Documents/kia_gd_ws/install/ur_controllers:/home/alberto/Documents/kia_gd_ws/install/ur_dashboard_msgs:/home/alberto/Documents/kia_gd_ws/install/simple_ur10e_moveit_config:/home/alberto/Documents/kia_gd_ws/install/simple_ur10e_description:/home/alberto/Documents/kia_gd_ws/install/kia_gd:/home/alberto/Documents/sub_alberto/install/uuv_visualization:/home/alberto/Documents/sub_alberto/install/uuv_vision:/home/alberto/Documents/sub_alberto/install/uuv_navigation:/home/alberto/Documents/sub_alberto/install/uuv_mission:/home/alberto/Documents/sub_alberto/install/uuv_master:/home/alberto/Documents/sub_alberto/install/uuv_control:/home/alberto/install/vectornav:/home/alberto/install/vectornav_msgs:/home/alberto/install/uuv_teleop:/home/alberto/install/uuv_description:/home/alberto/install/sub:/home/alberto/install/pid:/home/alberto/Documents/kia_gd_ws/install/ros_tcp_endpoint:/home/alberto/ros2_ws/install/docker_test:/opt/ros/humble:/home/alberto/install/catkin:/home/alberto/ros2_ws/install/sub:/home/alberto/ros2_ws/install/pid:/home/alberto/ros2_ws/install/catkin:/home/alberto/uuv/install/uuv /usr/bin/cmake --build /home/alberto/Documents/sub_alberto/build/uuv_mission -- -j8 -l8
[0.352s] DEBUG:colcon.colcon_core.event_handler.log_command:Invoking command in '/home/alberto/Documents/sub_alberto/build/uuv_navigation': CMAKE_PREFIX_PATH=/home/alberto/Documents/kia_gd_ws/install/ur_ros_rtde_tutorials:/home/alberto/Documents/kia_gd_ws/install/ur_ros_rtde:/home/alberto/Documents/kia_gd_ws/install/ur_ros_rtde_simple_clients:/home/alberto/Documents/kia_gd_ws/install/ur_ros_rtde_gripper_commands:/home/alberto/Documents/kia_gd_ws/install/ur_ros_rtde_msgs:/home/alberto/Documents/kia_gd_ws/install/ur:/home/alberto/Documents/kia_gd_ws/install/ur_calibration:/home/alberto/Documents/kia_gd_ws/install/ur_robot_driver:/home/alberto/Documents/kia_gd_ws/install/ur_moveit_config:/home/alberto/Documents/kia_gd_ws/install/ur_bringup:/home/alberto/Documents/kia_gd_ws/install/ur_controllers:/home/alberto/Documents/kia_gd_ws/install/ur_dashboard_msgs:/home/alberto/Documents/kia_gd_ws/install/simple_ur10e_moveit_config:/home/alberto/Documents/kia_gd_ws/install/simple_ur10e_description:/home/alberto/Documents/kia_gd_ws/install/kia_gd:/home/alberto/Documents/sub_alberto/install/uuv_visualization:/home/alberto/Documents/sub_alberto/install/uuv_vision:/home/alberto/Documents/sub_alberto/install/uuv_navigation:/home/alberto/Documents/sub_alberto/install/uuv_mission:/home/alberto/Documents/sub_alberto/install/uuv_master:/home/alberto/Documents/sub_alberto/install/uuv_control:/home/alberto/install/vectornav:/home/alberto/install/vectornav_msgs:/home/alberto/install/uuv_teleop:/home/alberto/install/uuv_description:/home/alberto/install/sub:/home/alberto/install/pid:/home/alberto/Documents/kia_gd_ws/install/ros_tcp_endpoint:/home/alberto/ros2_ws/install/docker_test:/opt/ros/humble:/home/alberto/install/catkin:/home/alberto/ros2_ws/install/sub:/home/alberto/ros2_ws/install/pid:/home/alberto/ros2_ws/install/catkin:/home/alberto/uuv/install/uuv /usr/bin/cmake --build /home/alberto/Documents/sub_alberto/build/uuv_navigation -- -j8 -l8
[0.354s] DEBUG:colcon.colcon_core.event_handler.log_command:Invoking command in '/home/alberto/Documents/sub_alberto/build/uuv_vision': CMAKE_PREFIX_PATH=/home/alberto/Documents/kia_gd_ws/install/ur_ros_rtde_tutorials:/home/alberto/Documents/kia_gd_ws/install/ur_ros_rtde:/home/alberto/Documents/kia_gd_ws/install/ur_ros_rtde_simple_clients:/home/alberto/Documents/kia_gd_ws/install/ur_ros_rtde_gripper_commands:/home/alberto/Documents/kia_gd_ws/install/ur_ros_rtde_msgs:/home/alberto/Documents/kia_gd_ws/install/ur:/home/alberto/Documents/kia_gd_ws/install/ur_calibration:/home/alberto/Documents/kia_gd_ws/install/ur_robot_driver:/home/alberto/Documents/kia_gd_ws/install/ur_moveit_config:/home/alberto/Documents/kia_gd_ws/install/ur_bringup:/home/alberto/Documents/kia_gd_ws/install/ur_controllers:/home/alberto/Documents/kia_gd_ws/install/ur_dashboard_msgs:/home/alberto/Documents/kia_gd_ws/install/simple_ur10e_moveit_config:/home/alberto/Documents/kia_gd_ws/install/simple_ur10e_description:/home/alberto/Documents/kia_gd_ws/install/kia_gd:/home/alberto/Documents/sub_alberto/install/uuv_visualization:/home/alberto/Documents/sub_alberto/install/uuv_vision:/home/alberto/Documents/sub_alberto/install/uuv_navigation:/home/alberto/Documents/sub_alberto/install/uuv_mission:/home/alberto/Documents/sub_alberto/install/uuv_master:/home/alberto/Documents/sub_alberto/install/uuv_control:/home/alberto/install/vectornav:/home/alberto/install/vectornav_msgs:/home/alberto/install/uuv_teleop:/home/alberto/install/uuv_description:/home/alberto/install/sub:/home/alberto/install/pid:/home/alberto/Documents/kia_gd_ws/install/ros_tcp_endpoint:/home/alberto/ros2_ws/install/docker_test:/opt/ros/humble:/home/alberto/install/catkin:/home/alberto/ros2_ws/install/sub:/home/alberto/ros2_ws/install/pid:/home/alberto/ros2_ws/install/catkin:/home/alberto/uuv/install/uuv /usr/bin/cmake --build /home/alberto/Documents/sub_alberto/build/uuv_vision -- -j8 -l8
[0.360s] DEBUG:colcon.colcon_core.event_handler.log_command:Invoking command in '/home/alberto/Documents/sub_alberto/build/uuv_visualization': CMAKE_PREFIX_PATH=/home/alberto/Documents/kia_gd_ws/install/ur_ros_rtde_tutorials:/home/alberto/Documents/kia_gd_ws/install/ur_ros_rtde:/home/alberto/Documents/kia_gd_ws/install/ur_ros_rtde_simple_clients:/home/alberto/Documents/kia_gd_ws/install/ur_ros_rtde_gripper_commands:/home/alberto/Documents/kia_gd_ws/install/ur_ros_rtde_msgs:/home/alberto/Documents/kia_gd_ws/install/ur:/home/alberto/Documents/kia_gd_ws/install/ur_calibration:/home/alberto/Documents/kia_gd_ws/install/ur_robot_driver:/home/alberto/Documents/kia_gd_ws/install/ur_moveit_config:/home/alberto/Documents/kia_gd_ws/install/ur_bringup:/home/alberto/Documents/kia_gd_ws/install/ur_controllers:/home/alberto/Documents/kia_gd_ws/install/ur_dashboard_msgs:/home/alberto/Documents/kia_gd_ws/install/simple_ur10e_moveit_config:/home/alberto/Documents/kia_gd_ws/install/simple_ur10e_description:/home/alberto/Documents/kia_gd_ws/install/kia_gd:/home/alberto/Documents/sub_alberto/install/uuv_visualization:/home/alberto/Documents/sub_alberto/install/uuv_vision:/home/alberto/Documents/sub_alberto/install/uuv_navigation:/home/alberto/Documents/sub_alberto/install/uuv_mission:/home/alberto/Documents/sub_alberto/install/uuv_master:/home/alberto/Documents/sub_alberto/install/uuv_control:/home/alberto/install/vectornav:/home/alberto/install/vectornav_msgs:/home/alberto/install/uuv_teleop:/home/alberto/install/uuv_description:/home/alberto/install/sub:/home/alberto/install/pid:/home/alberto/Documents/kia_gd_ws/install/ros_tcp_endpoint:/home/alberto/ros2_ws/install/docker_test:/opt/ros/humble:/home/alberto/install/catkin:/home/alberto/ros2_ws/install/sub:/home/alberto/ros2_ws/install/pid:/home/alberto/ros2_ws/install/catkin:/home/alberto/uuv/install/uuv /usr/bin/cmake --build /home/alberto/Documents/sub_alberto/build/uuv_visualization -- -j8 -l8
[0.404s] DEBUG:colcon.colcon_core.event_handler.log_command:Invoked command in '/home/alberto/Documents/sub_alberto/build/uuv_vision' returned '0': CMAKE_PREFIX_PATH=/home/alberto/Documents/kia_gd_ws/install/ur_ros_rtde_tutorials:/home/alberto/Documents/kia_gd_ws/install/ur_ros_rtde:/home/alberto/Documents/kia_gd_ws/install/ur_ros_rtde_simple_clients:/home/alberto/Documents/kia_gd_ws/install/ur_ros_rtde_gripper_commands:/home/alberto/Documents/kia_gd_ws/install/ur_ros_rtde_msgs:/home/alberto/Documents/kia_gd_ws/install/ur:/home/alberto/Documents/kia_gd_ws/install/ur_calibration:/home/alberto/Documents/kia_gd_ws/install/ur_robot_driver:/home/alberto/Documents/kia_gd_ws/install/ur_moveit_config:/home/alberto/Documents/kia_gd_ws/install/ur_bringup:/home/alberto/Documents/kia_gd_ws/install/ur_controllers:/home/alberto/Documents/kia_gd_ws/install/ur_dashboard_msgs:/home/alberto/Documents/kia_gd_ws/install/simple_ur10e_moveit_config:/home/alberto/Documents/kia_gd_ws/install/simple_ur10e_description:/home/alberto/Documents/kia_gd_ws/install/kia_gd:/home/alberto/Documents/sub_alberto/install/uuv_visualization:/home/alberto/Documents/sub_alberto/install/uuv_vision:/home/alberto/Documents/sub_alberto/install/uuv_navigation:/home/alberto/Documents/sub_alberto/install/uuv_mission:/home/alberto/Documents/sub_alberto/install/uuv_master:/home/alberto/Documents/sub_alberto/install/uuv_control:/home/alberto/install/vectornav:/home/alberto/install/vectornav_msgs:/home/alberto/install/uuv_teleop:/home/alberto/install/uuv_description:/home/alberto/install/sub:/home/alberto/install/pid:/home/alberto/Documents/kia_gd_ws/install/ros_tcp_endpoint:/home/alberto/ros2_ws/install/docker_test:/opt/ros/humble:/home/alberto/install/catkin:/home/alberto/ros2_ws/install/sub:/home/alberto/ros2_ws/install/pid:/home/alberto/ros2_ws/install/catkin:/home/alberto/uuv/install/uuv /usr/bin/cmake --build /home/alberto/Documents/sub_alberto/build/uuv_vision -- -j8 -l8
[0.412s] DEBUG:colcon.colcon_core.event_handler.log_command:Invoking command in '/home/alberto/Documents/sub_alberto/build/uuv_vision': CMAKE_PREFIX_PATH=/home/alberto/Documents/kia_gd_ws/install/ur_ros_rtde_tutorials:/home/alberto/Documents/kia_gd_ws/install/ur_ros_rtde:/home/alberto/Documents/kia_gd_ws/install/ur_ros_rtde_simple_clients:/home/alberto/Documents/kia_gd_ws/install/ur_ros_rtde_gripper_commands:/home/alberto/Documents/kia_gd_ws/install/ur_ros_rtde_msgs:/home/alberto/Documents/kia_gd_ws/install/ur:/home/alberto/Documents/kia_gd_ws/install/ur_calibration:/home/alberto/Documents/kia_gd_ws/install/ur_robot_driver:/home/alberto/Documents/kia_gd_ws/install/ur_moveit_config:/home/alberto/Documents/kia_gd_ws/install/ur_bringup:/home/alberto/Documents/kia_gd_ws/install/ur_controllers:/home/alberto/Documents/kia_gd_ws/install/ur_dashboard_msgs:/home/alberto/Documents/kia_gd_ws/install/simple_ur10e_moveit_config:/home/alberto/Documents/kia_gd_ws/install/simple_ur10e_description:/home/alberto/Documents/kia_gd_ws/install/kia_gd:/home/alberto/Documents/sub_alberto/install/uuv_visualization:/home/alberto/Documents/sub_alberto/install/uuv_vision:/home/alberto/Documents/sub_alberto/install/uuv_navigation:/home/alberto/Documents/sub_alberto/install/uuv_mission:/home/alberto/Documents/sub_alberto/install/uuv_master:/home/alberto/Documents/sub_alberto/install/uuv_control:/home/alberto/install/vectornav:/home/alberto/install/vectornav_msgs:/home/alberto/install/uuv_teleop:/home/alberto/install/uuv_description:/home/alberto/install/sub:/home/alberto/install/pid:/home/alberto/Documents/kia_gd_ws/install/ros_tcp_endpoint:/home/alberto/ros2_ws/install/docker_test:/opt/ros/humble:/home/alberto/install/catkin:/home/alberto/ros2_ws/install/sub:/home/alberto/ros2_ws/install/pid:/home/alberto/ros2_ws/install/catkin:/home/alberto/uuv/install/uuv /usr/bin/cmake --install /home/alberto/Documents/sub_alberto/build/uuv_vision
[0.413s] DEBUG:colcon.colcon_core.event_handler.log_command:Invoked command in '/home/alberto/Documents/sub_alberto/build/uuv_navigation' returned '0': CMAKE_PREFIX_PATH=/home/alberto/Documents/kia_gd_ws/install/ur_ros_rtde_tutorials:/home/alberto/Documents/kia_gd_ws/install/ur_ros_rtde:/home/alberto/Documents/kia_gd_ws/install/ur_ros_rtde_simple_clients:/home/alberto/Documents/kia_gd_ws/install/ur_ros_rtde_gripper_commands:/home/alberto/Documents/kia_gd_ws/install/ur_ros_rtde_msgs:/home/alberto/Documents/kia_gd_ws/install/ur:/home/alberto/Documents/kia_gd_ws/install/ur_calibration:/home/alberto/Documents/kia_gd_ws/install/ur_robot_driver:/home/alberto/Documents/kia_gd_ws/install/ur_moveit_config:/home/alberto/Documents/kia_gd_ws/install/ur_bringup:/home/alberto/Documents/kia_gd_ws/install/ur_controllers:/home/alberto/Documents/kia_gd_ws/install/ur_dashboard_msgs:/home/alberto/Documents/kia_gd_ws/install/simple_ur10e_moveit_config:/home/alberto/Documents/kia_gd_ws/install/simple_ur10e_description:/home/alberto/Documents/kia_gd_ws/install/kia_gd:/home/alberto/Documents/sub_alberto/install/uuv_visualization:/home/alberto/Documents/sub_alberto/install/uuv_vision:/home/alberto/Documents/sub_alberto/install/uuv_navigation:/home/alberto/Documents/sub_alberto/install/uuv_mission:/home/alberto/Documents/sub_alberto/install/uuv_master:/home/alberto/Documents/sub_alberto/install/uuv_control:/home/alberto/install/vectornav:/home/alberto/install/vectornav_msgs:/home/alberto/install/uuv_teleop:/home/alberto/install/uuv_description:/home/alberto/install/sub:/home/alberto/install/pid:/home/alberto/Documents/kia_gd_ws/install/ros_tcp_endpoint:/home/alberto/ros2_ws/install/docker_test:/opt/ros/humble:/home/alberto/install/catkin:/home/alberto/ros2_ws/install/sub:/home/alberto/ros2_ws/install/pid:/home/alberto/ros2_ws/install/catkin:/home/alberto/uuv/install/uuv /usr/bin/cmake --build /home/alberto/Documents/sub_alberto/build/uuv_navigation -- -j8 -l8
[0.414s] DEBUG:colcon.colcon_core.event_handler.log_command:Invoking command in '/home/alberto/Documents/sub_alberto/build/uuv_navigation': CMAKE_PREFIX_PATH=/home/alberto/Documents/kia_gd_ws/install/ur_ros_rtde_tutorials:/home/alberto/Documents/kia_gd_ws/install/ur_ros_rtde:/home/alberto/Documents/kia_gd_ws/install/ur_ros_rtde_simple_clients:/home/alberto/Documents/kia_gd_ws/install/ur_ros_rtde_gripper_commands:/home/alberto/Documents/kia_gd_ws/install/ur_ros_rtde_msgs:/home/alberto/Documents/kia_gd_ws/install/ur:/home/alberto/Documents/kia_gd_ws/install/ur_calibration:/home/alberto/Documents/kia_gd_ws/install/ur_robot_driver:/home/alberto/Documents/kia_gd_ws/install/ur_moveit_config:/home/alberto/Documents/kia_gd_ws/install/ur_bringup:/home/alberto/Documents/kia_gd_ws/install/ur_controllers:/home/alberto/Documents/kia_gd_ws/install/ur_dashboard_msgs:/home/alberto/Documents/kia_gd_ws/install/simple_ur10e_moveit_config:/home/alberto/Documents/kia_gd_ws/install/simple_ur10e_description:/home/alberto/Documents/kia_gd_ws/install/kia_gd:/home/alberto/Documents/sub_alberto/install/uuv_visualization:/home/alberto/Documents/sub_alberto/install/uuv_vision:/home/alberto/Documents/sub_alberto/install/uuv_navigation:/home/alberto/Documents/sub_alberto/install/uuv_mission:/home/alberto/Documents/sub_alberto/install/uuv_master:/home/alberto/Documents/sub_alberto/install/uuv_control:/home/alberto/install/vectornav:/home/alberto/install/vectornav_msgs:/home/alberto/install/uuv_teleop:/home/alberto/install/uuv_description:/home/alberto/install/sub:/home/alberto/install/pid:/home/alberto/Documents/kia_gd_ws/install/ros_tcp_endpoint:/home/alberto/ros2_ws/install/docker_test:/opt/ros/humble:/home/alberto/install/catkin:/home/alberto/ros2_ws/install/sub:/home/alberto/ros2_ws/install/pid:/home/alberto/ros2_ws/install/catkin:/home/alberto/uuv/install/uuv /usr/bin/cmake --install /home/alberto/Documents/sub_alberto/build/uuv_navigation
[0.415s] DEBUG:colcon.colcon_core.event_handler.log_command:Invoked command in '/home/alberto/Documents/sub_alberto/build/uuv_mission' returned '0': CMAKE_PREFIX_PATH=/home/alberto/Documents/kia_gd_ws/install/ur_ros_rtde_tutorials:/home/alberto/Documents/kia_gd_ws/install/ur_ros_rtde:/home/alberto/Documents/kia_gd_ws/install/ur_ros_rtde_simple_clients:/home/alberto/Documents/kia_gd_ws/install/ur_ros_rtde_gripper_commands:/home/alberto/Documents/kia_gd_ws/install/ur_ros_rtde_msgs:/home/alberto/Documents/kia_gd_ws/install/ur:/home/alberto/Documents/kia_gd_ws/install/ur_calibration:/home/alberto/Documents/kia_gd_ws/install/ur_robot_driver:/home/alberto/Documents/kia_gd_ws/install/ur_moveit_config:/home/alberto/Documents/kia_gd_ws/install/ur_bringup:/home/alberto/Documents/kia_gd_ws/install/ur_controllers:/home/alberto/Documents/kia_gd_ws/install/ur_dashboard_msgs:/home/alberto/Documents/kia_gd_ws/install/simple_ur10e_moveit_config:/home/alberto/Documents/kia_gd_ws/install/simple_ur10e_description:/home/alberto/Documents/kia_gd_ws/install/kia_gd:/home/alberto/Documents/sub_alberto/install/uuv_visualization:/home/alberto/Documents/sub_alberto/install/uuv_vision:/home/alberto/Documents/sub_alberto/install/uuv_navigation:/home/alberto/Documents/sub_alberto/install/uuv_mission:/home/alberto/Documents/sub_alberto/install/uuv_master:/home/alberto/Documents/sub_alberto/install/uuv_control:/home/alberto/install/vectornav:/home/alberto/install/vectornav_msgs:/home/alberto/install/uuv_teleop:/home/alberto/install/uuv_description:/home/alberto/install/sub:/home/alberto/install/pid:/home/alberto/Documents/kia_gd_ws/install/ros_tcp_endpoint:/home/alberto/ros2_ws/install/docker_test:/opt/ros/humble:/home/alberto/install/catkin:/home/alberto/ros2_ws/install/sub:/home/alberto/ros2_ws/install/pid:/home/alberto/ros2_ws/install/catkin:/home/alberto/uuv/install/uuv /usr/bin/cmake --build /home/alberto/Documents/sub_alberto/build/uuv_mission -- -j8 -l8
[0.417s] DEBUG:colcon.colcon_core.event_handler.log_command:Invoking command in '/home/alberto/Documents/sub_alberto/build/uuv_mission': CMAKE_PREFIX_PATH=/home/alberto/Documents/kia_gd_ws/install/ur_ros_rtde_tutorials:/home/alberto/Documents/kia_gd_ws/install/ur_ros_rtde:/home/alberto/Documents/kia_gd_ws/install/ur_ros_rtde_simple_clients:/home/alberto/Documents/kia_gd_ws/install/ur_ros_rtde_gripper_commands:/home/alberto/Documents/kia_gd_ws/install/ur_ros_rtde_msgs:/home/alberto/Documents/kia_gd_ws/install/ur:/home/alberto/Documents/kia_gd_ws/install/ur_calibration:/home/alberto/Documents/kia_gd_ws/install/ur_robot_driver:/home/alberto/Documents/kia_gd_ws/install/ur_moveit_config:/home/alberto/Documents/kia_gd_ws/install/ur_bringup:/home/alberto/Documents/kia_gd_ws/install/ur_controllers:/home/alberto/Documents/kia_gd_ws/install/ur_dashboard_msgs:/home/alberto/Documents/kia_gd_ws/install/simple_ur10e_moveit_config:/home/alberto/Documents/kia_gd_ws/install/simple_ur10e_description:/home/alberto/Documents/kia_gd_ws/install/kia_gd:/home/alberto/Documents/sub_alberto/install/uuv_visualization:/home/alberto/Documents/sub_alberto/install/uuv_vision:/home/alberto/Documents/sub_alberto/install/uuv_navigation:/home/alberto/Documents/sub_alberto/install/uuv_mission:/home/alberto/Documents/sub_alberto/install/uuv_master:/home/alberto/Documents/sub_alberto/install/uuv_control:/home/alberto/install/vectornav:/home/alberto/install/vectornav_msgs:/home/alberto/install/uuv_teleop:/home/alberto/install/uuv_description:/home/alberto/install/sub:/home/alberto/install/pid:/home/alberto/Documents/kia_gd_ws/install/ros_tcp_endpoint:/home/alberto/ros2_ws/install/docker_test:/opt/ros/humble:/home/alberto/install/catkin:/home/alberto/ros2_ws/install/sub:/home/alberto/ros2_ws/install/pid:/home/alberto/ros2_ws/install/catkin:/home/alberto/uuv/install/uuv /usr/bin/cmake --install /home/alberto/Documents/sub_alberto/build/uuv_mission
[0.417s] DEBUG:colcon.colcon_core.event_handler.log_command:Invoked command in '/home/alberto/Documents/sub_alberto/build/uuv_master' returned '0': CMAKE_PREFIX_PATH=/home/alberto/Documents/kia_gd_ws/install/ur_ros_rtde_tutorials:/home/alberto/Documents/kia_gd_ws/install/ur_ros_rtde:/home/alberto/Documents/kia_gd_ws/install/ur_ros_rtde_simple_clients:/home/alberto/Documents/kia_gd_ws/install/ur_ros_rtde_gripper_commands:/home/alberto/Documents/kia_gd_ws/install/ur_ros_rtde_msgs:/home/alberto/Documents/kia_gd_ws/install/ur:/home/alberto/Documents/kia_gd_ws/install/ur_calibration:/home/alberto/Documents/kia_gd_ws/install/ur_robot_driver:/home/alberto/Documents/kia_gd_ws/install/ur_moveit_config:/home/alberto/Documents/kia_gd_ws/install/ur_bringup:/home/alberto/Documents/kia_gd_ws/install/ur_controllers:/home/alberto/Documents/kia_gd_ws/install/ur_dashboard_msgs:/home/alberto/Documents/kia_gd_ws/install/simple_ur10e_moveit_config:/home/alberto/Documents/kia_gd_ws/install/simple_ur10e_description:/home/alberto/Documents/kia_gd_ws/install/kia_gd:/home/alberto/Documents/sub_alberto/install/uuv_visualization:/home/alberto/Documents/sub_alberto/install/uuv_vision:/home/alberto/Documents/sub_alberto/install/uuv_navigation:/home/alberto/Documents/sub_alberto/install/uuv_mission:/home/alberto/Documents/sub_alberto/install/uuv_master:/home/alberto/Documents/sub_alberto/install/uuv_control:/home/alberto/install/vectornav:/home/alberto/install/vectornav_msgs:/home/alberto/install/uuv_teleop:/home/alberto/install/uuv_description:/home/alberto/install/sub:/home/alberto/install/pid:/home/alberto/Documents/kia_gd_ws/install/ros_tcp_endpoint:/home/alberto/ros2_ws/install/docker_test:/opt/ros/humble:/home/alberto/install/catkin:/home/alberto/ros2_ws/install/sub:/home/alberto/ros2_ws/install/pid:/home/alberto/ros2_ws/install/catkin:/home/alberto/uuv/install/uuv /usr/bin/cmake --build /home/alberto/Documents/sub_alberto/build/uuv_master -- -j8 -l8
[0.419s] DEBUG:colcon.colcon_core.event_handler.log_command:Invoking command in '/home/alberto/Documents/sub_alberto/build/uuv_master': CMAKE_PREFIX_PATH=/home/alberto/Documents/kia_gd_ws/install/ur_ros_rtde_tutorials:/home/alberto/Documents/kia_gd_ws/install/ur_ros_rtde:/home/alberto/Documents/kia_gd_ws/install/ur_ros_rtde_simple_clients:/home/alberto/Documents/kia_gd_ws/install/ur_ros_rtde_gripper_commands:/home/alberto/Documents/kia_gd_ws/install/ur_ros_rtde_msgs:/home/alberto/Documents/kia_gd_ws/install/ur:/home/alberto/Documents/kia_gd_ws/install/ur_calibration:/home/alberto/Documents/kia_gd_ws/install/ur_robot_driver:/home/alberto/Documents/kia_gd_ws/install/ur_moveit_config:/home/alberto/Documents/kia_gd_ws/install/ur_bringup:/home/alberto/Documents/kia_gd_ws/install/ur_controllers:/home/alberto/Documents/kia_gd_ws/install/ur_dashboard_msgs:/home/alberto/Documents/kia_gd_ws/install/simple_ur10e_moveit_config:/home/alberto/Documents/kia_gd_ws/install/simple_ur10e_description:/home/alberto/Documents/kia_gd_ws/install/kia_gd:/home/alberto/Documents/sub_alberto/install/uuv_visualization:/home/alberto/Documents/sub_alberto/install/uuv_vision:/home/alberto/Documents/sub_alberto/install/uuv_navigation:/home/alberto/Documents/sub_alberto/install/uuv_mission:/home/alberto/Documents/sub_alberto/install/uuv_master:/home/alberto/Documents/sub_alberto/install/uuv_control:/home/alberto/install/vectornav:/home/alberto/install/vectornav_msgs:/home/alberto/install/uuv_teleop:/home/alberto/install/uuv_description:/home/alberto/install/sub:/home/alberto/install/pid:/home/alberto/Documents/kia_gd_ws/install/ros_tcp_endpoint:/home/alberto/ros2_ws/install/docker_test:/opt/ros/humble:/home/alberto/install/catkin:/home/alberto/ros2_ws/install/sub:/home/alberto/ros2_ws/install/pid:/home/alberto/ros2_ws/install/catkin:/home/alberto/uuv/install/uuv /usr/bin/cmake --install /home/alberto/Documents/sub_alberto/build/uuv_master
[0.420s] DEBUG:colcon.colcon_core.event_handler.log_command:Invoked command in '/home/alberto/Documents/sub_alberto/build/uuv_visualization' returned '0': CMAKE_PREFIX_PATH=/home/alberto/Documents/kia_gd_ws/install/ur_ros_rtde_tutorials:/home/alberto/Documents/kia_gd_ws/install/ur_ros_rtde:/home/alberto/Documents/kia_gd_ws/install/ur_ros_rtde_simple_clients:/home/alberto/Documents/kia_gd_ws/install/ur_ros_rtde_gripper_commands:/home/alberto/Documents/kia_gd_ws/install/ur_ros_rtde_msgs:/home/alberto/Documents/kia_gd_ws/install/ur:/home/alberto/Documents/kia_gd_ws/install/ur_calibration:/home/alberto/Documents/kia_gd_ws/install/ur_robot_driver:/home/alberto/Documents/kia_gd_ws/install/ur_moveit_config:/home/alberto/Documents/kia_gd_ws/install/ur_bringup:/home/alberto/Documents/kia_gd_ws/install/ur_controllers:/home/alberto/Documents/kia_gd_ws/install/ur_dashboard_msgs:/home/alberto/Documents/kia_gd_ws/install/simple_ur10e_moveit_config:/home/alberto/Documents/kia_gd_ws/install/simple_ur10e_description:/home/alberto/Documents/kia_gd_ws/install/kia_gd:/home/alberto/Documents/sub_alberto/install/uuv_visualization:/home/alberto/Documents/sub_alberto/install/uuv_vision:/home/alberto/Documents/sub_alberto/install/uuv_navigation:/home/alberto/Documents/sub_alberto/install/uuv_mission:/home/alberto/Documents/sub_alberto/install/uuv_master:/home/alberto/Documents/sub_alberto/install/uuv_control:/home/alberto/install/vectornav:/home/alberto/install/vectornav_msgs:/home/alberto/install/uuv_teleop:/home/alberto/install/uuv_description:/home/alberto/install/sub:/home/alberto/install/pid:/home/alberto/Documents/kia_gd_ws/install/ros_tcp_endpoint:/home/alberto/ros2_ws/install/docker_test:/opt/ros/humble:/home/alberto/install/catkin:/home/alberto/ros2_ws/install/sub:/home/alberto/ros2_ws/install/pid:/home/alberto/ros2_ws/install/catkin:/home/alberto/uuv/install/uuv /usr/bin/cmake --build /home/alberto/Documents/sub_alberto/build/uuv_visualization -- -j8 -l8
[0.423s] DEBUG:colcon.colcon_core.event_handler.log_command:Invoking command in '/home/alberto/Documents/sub_alberto/build/uuv_visualization': CMAKE_PREFIX_PATH=/home/alberto/Documents/kia_gd_ws/install/ur_ros_rtde_tutorials:/home/alberto/Documents/kia_gd_ws/install/ur_ros_rtde:/home/alberto/Documents/kia_gd_ws/install/ur_ros_rtde_simple_clients:/home/alberto/Documents/kia_gd_ws/install/ur_ros_rtde_gripper_commands:/home/alberto/Documents/kia_gd_ws/install/ur_ros_rtde_msgs:/home/alberto/Documents/kia_gd_ws/install/ur:/home/alberto/Documents/kia_gd_ws/install/ur_calibration:/home/alberto/Documents/kia_gd_ws/install/ur_robot_driver:/home/alberto/Documents/kia_gd_ws/install/ur_moveit_config:/home/alberto/Documents/kia_gd_ws/install/ur_bringup:/home/alberto/Documents/kia_gd_ws/install/ur_controllers:/home/alberto/Documents/kia_gd_ws/install/ur_dashboard_msgs:/home/alberto/Documents/kia_gd_ws/install/simple_ur10e_moveit_config:/home/alberto/Documents/kia_gd_ws/install/simple_ur10e_description:/home/alberto/Documents/kia_gd_ws/install/kia_gd:/home/alberto/Documents/sub_alberto/install/uuv_visualization:/home/alberto/Documents/sub_alberto/install/uuv_vision:/home/alberto/Documents/sub_alberto/install/uuv_navigation:/home/alberto/Documents/sub_alberto/install/uuv_mission:/home/alberto/Documents/sub_alberto/install/uuv_master:/home/alberto/Documents/sub_alberto/install/uuv_control:/home/alberto/install/vectornav:/home/alberto/install/vectornav_msgs:/home/alberto/install/uuv_teleop:/home/alberto/install/uuv_description:/home/alberto/install/sub:/home/alberto/install/pid:/home/alberto/Documents/kia_gd_ws/install/ros_tcp_endpoint:/home/alberto/ros2_ws/install/docker_test:/opt/ros/humble:/home/alberto/install/catkin:/home/alberto/ros2_ws/install/sub:/home/alberto/ros2_ws/install/pid:/home/alberto/ros2_ws/install/catkin:/home/alberto/uuv/install/uuv /usr/bin/cmake --install /home/alberto/Documents/sub_alberto/build/uuv_visualization
[0.424s] Level 1:colcon.colcon_core.environment:create_environment_scripts_only(uuv_vision)
[0.429s] DEBUG:colcon.colcon_core.event_handler.log_command:Invoked command in '/home/alberto/Documents/sub_alberto/build/uuv_vision' returned '0': CMAKE_PREFIX_PATH=/home/alberto/Documents/kia_gd_ws/install/ur_ros_rtde_tutorials:/home/alberto/Documents/kia_gd_ws/install/ur_ros_rtde:/home/alberto/Documents/kia_gd_ws/install/ur_ros_rtde_simple_clients:/home/alberto/Documents/kia_gd_ws/install/ur_ros_rtde_gripper_commands:/home/alberto/Documents/kia_gd_ws/install/ur_ros_rtde_msgs:/home/alberto/Documents/kia_gd_ws/install/ur:/home/alberto/Documents/kia_gd_ws/install/ur_calibration:/home/alberto/Documents/kia_gd_ws/install/ur_robot_driver:/home/alberto/Documents/kia_gd_ws/install/ur_moveit_config:/home/alberto/Documents/kia_gd_ws/install/ur_bringup:/home/alberto/Documents/kia_gd_ws/install/ur_controllers:/home/alberto/Documents/kia_gd_ws/install/ur_dashboard_msgs:/home/alberto/Documents/kia_gd_ws/install/simple_ur10e_moveit_config:/home/alberto/Documents/kia_gd_ws/install/simple_ur10e_description:/home/alberto/Documents/kia_gd_ws/install/kia_gd:/home/alberto/Documents/sub_alberto/install/uuv_visualization:/home/alberto/Documents/sub_alberto/install/uuv_vision:/home/alberto/Documents/sub_alberto/install/uuv_navigation:/home/alberto/Documents/sub_alberto/install/uuv_mission:/home/alberto/Documents/sub_alberto/install/uuv_master:/home/alberto/Documents/sub_alberto/install/uuv_control:/home/alberto/install/vectornav:/home/alberto/install/vectornav_msgs:/home/alberto/install/uuv_teleop:/home/alberto/install/uuv_description:/home/alberto/install/sub:/home/alberto/install/pid:/home/alberto/Documents/kia_gd_ws/install/ros_tcp_endpoint:/home/alberto/ros2_ws/install/docker_test:/opt/ros/humble:/home/alberto/install/catkin:/home/alberto/ros2_ws/install/sub:/home/alberto/ros2_ws/install/pid:/home/alberto/ros2_ws/install/catkin:/home/alberto/uuv/install/uuv /usr/bin/cmake --install /home/alberto/Documents/sub_alberto/build/uuv_vision
[0.437s] Level 1:colcon.colcon_core.environment:checking '/home/alberto/Documents/sub_alberto/install/uuv_vision' for CMake module files
[0.438s] Level 1:colcon.colcon_core.environment:checking '/home/alberto/Documents/sub_alberto/install/uuv_vision' for CMake config files
[0.438s] Level 1:colcon.colcon_core.shell:create_environment_hook('uuv_vision', 'cmake_prefix_path')
[0.438s] INFO:colcon.colcon_core.shell:Creating environment hook '/home/alberto/Documents/sub_alberto/install/uuv_vision/share/uuv_vision/hook/cmake_prefix_path.ps1'
[0.439s] INFO:colcon.colcon_core.shell:Creating environment descriptor '/home/alberto/Documents/sub_alberto/install/uuv_vision/share/uuv_vision/hook/cmake_prefix_path.dsv'
[0.440s] INFO:colcon.colcon_core.shell:Creating environment hook '/home/alberto/Documents/sub_alberto/install/uuv_vision/share/uuv_vision/hook/cmake_prefix_path.sh'
[0.441s] Level 1:colcon.colcon_core.environment:checking '/home/alberto/Documents/sub_alberto/install/uuv_vision/lib'
[0.441s] Level 1:colcon.colcon_core.environment:checking '/home/alberto/Documents/sub_alberto/install/uuv_vision/bin'
[0.441s] Level 1:colcon.colcon_core.environment:checking '/home/alberto/Documents/sub_alberto/install/uuv_vision/lib/pkgconfig/uuv_vision.pc'
[0.441s] Level 1:colcon.colcon_core.environment:checking '/home/alberto/Documents/sub_alberto/install/uuv_vision/lib/python3.10/site-packages'
[0.441s] Level 1:colcon.colcon_core.environment:checking '/home/alberto/Documents/sub_alberto/install/uuv_vision/bin'
[0.441s] INFO:colcon.colcon_core.shell:Creating package script '/home/alberto/Documents/sub_alberto/install/uuv_vision/share/uuv_vision/package.ps1'
[0.442s] INFO:colcon.colcon_core.shell:Creating package descriptor '/home/alberto/Documents/sub_alberto/install/uuv_vision/share/uuv_vision/package.dsv'
[0.443s] INFO:colcon.colcon_core.shell:Creating package script '/home/alberto/Documents/sub_alberto/install/uuv_vision/share/uuv_vision/package.sh'
[0.444s] INFO:colcon.colcon_core.shell:Creating package script '/home/alberto/Documents/sub_alberto/install/uuv_vision/share/uuv_vision/package.bash'
[0.445s] INFO:colcon.colcon_core.shell:Creating package script '/home/alberto/Documents/sub_alberto/install/uuv_vision/share/uuv_vision/package.zsh'
[0.445s] Level 1:colcon.colcon_core.environment:create_file_with_runtime_dependencies(/home/alberto/Documents/sub_alberto/install/uuv_vision/share/colcon-core/packages/uuv_vision)
[0.446s] Level 1:colcon.colcon_core.environment:create_environment_scripts_only(uuv_vision)
[0.446s] Level 1:colcon.colcon_core.environment:checking '/home/alberto/Documents/sub_alberto/install/uuv_vision' for CMake module files
[0.446s] Level 1:colcon.colcon_core.environment:checking '/home/alberto/Documents/sub_alberto/install/uuv_vision' for CMake config files
[0.447s] Level 1:colcon.colcon_core.shell:create_environment_hook('uuv_vision', 'cmake_prefix_path')
[0.447s] INFO:colcon.colcon_core.shell:Creating environment hook '/home/alberto/Documents/sub_alberto/install/uuv_vision/share/uuv_vision/hook/cmake_prefix_path.ps1'
[0.447s] INFO:colcon.colcon_core.shell:Creating environment descriptor '/home/alberto/Documents/sub_alberto/install/uuv_vision/share/uuv_vision/hook/cmake_prefix_path.dsv'
[0.447s] INFO:colcon.colcon_core.shell:Creating environment hook '/home/alberto/Documents/sub_alberto/install/uuv_vision/share/uuv_vision/hook/cmake_prefix_path.sh'
[0.447s] Level 1:colcon.colcon_core.environment:checking '/home/alberto/Documents/sub_alberto/install/uuv_vision/lib'
[0.448s] Level 1:colcon.colcon_core.environment:checking '/home/alberto/Documents/sub_alberto/install/uuv_vision/bin'
[0.448s] Level 1:colcon.colcon_core.environment:checking '/home/alberto/Documents/sub_alberto/install/uuv_vision/lib/pkgconfig/uuv_vision.pc'
[0.448s] Level 1:colcon.colcon_core.environment:checking '/home/alberto/Documents/sub_alberto/install/uuv_vision/lib/python3.10/site-packages'
[0.448s] Level 1:colcon.colcon_core.environment:checking '/home/alberto/Documents/sub_alberto/install/uuv_vision/bin'
[0.448s] INFO:colcon.colcon_core.shell:Creating package script '/home/alberto/Documents/sub_alberto/install/uuv_vision/share/uuv_vision/package.ps1'
[0.448s] INFO:colcon.colcon_core.shell:Creating package descriptor '/home/alberto/Documents/sub_alberto/install/uuv_vision/share/uuv_vision/package.dsv'
[0.449s] INFO:colcon.colcon_core.shell:Creating package script '/home/alberto/Documents/sub_alberto/install/uuv_vision/share/uuv_vision/package.sh'
[0.449s] INFO:colcon.colcon_core.shell:Creating package script '/home/alberto/Documents/sub_alberto/install/uuv_vision/share/uuv_vision/package.bash'
[0.449s] INFO:colcon.colcon_core.shell:Creating package script '/home/alberto/Documents/sub_alberto/install/uuv_vision/share/uuv_vision/package.zsh'
[0.450s] Level 1:colcon.colcon_core.environment:create_file_with_runtime_dependencies(/home/alberto/Documents/sub_alberto/install/uuv_vision/share/colcon-core/packages/uuv_vision)
[0.451s] Level 1:colcon.colcon_core.environment:create_environment_scripts_only(uuv_navigation)
[0.451s] Level 1:colcon.colcon_core.environment:checking '/home/alberto/Documents/sub_alberto/install/uuv_navigation' for CMake module files
[0.451s] DEBUG:colcon.colcon_core.event_handler.log_command:Invoked command in '/home/alberto/Documents/sub_alberto/build/uuv_navigation' returned '0': CMAKE_PREFIX_PATH=/home/alberto/Documents/kia_gd_ws/install/ur_ros_rtde_tutorials:/home/alberto/Documents/kia_gd_ws/install/ur_ros_rtde:/home/alberto/Documents/kia_gd_ws/install/ur_ros_rtde_simple_clients:/home/alberto/Documents/kia_gd_ws/install/ur_ros_rtde_gripper_commands:/home/alberto/Documents/kia_gd_ws/install/ur_ros_rtde_msgs:/home/alberto/Documents/kia_gd_ws/install/ur:/home/alberto/Documents/kia_gd_ws/install/ur_calibration:/home/alberto/Documents/kia_gd_ws/install/ur_robot_driver:/home/alberto/Documents/kia_gd_ws/install/ur_moveit_config:/home/alberto/Documents/kia_gd_ws/install/ur_bringup:/home/alberto/Documents/kia_gd_ws/install/ur_controllers:/home/alberto/Documents/kia_gd_ws/install/ur_dashboard_msgs:/home/alberto/Documents/kia_gd_ws/install/simple_ur10e_moveit_config:/home/alberto/Documents/kia_gd_ws/install/simple_ur10e_description:/home/alberto/Documents/kia_gd_ws/install/kia_gd:/home/alberto/Documents/sub_alberto/install/uuv_visualization:/home/alberto/Documents/sub_alberto/install/uuv_vision:/home/alberto/Documents/sub_alberto/install/uuv_navigation:/home/alberto/Documents/sub_alberto/install/uuv_mission:/home/alberto/Documents/sub_alberto/install/uuv_master:/home/alberto/Documents/sub_alberto/install/uuv_control:/home/alberto/install/vectornav:/home/alberto/install/vectornav_msgs:/home/alberto/install/uuv_teleop:/home/alberto/install/uuv_description:/home/alberto/install/sub:/home/alberto/install/pid:/home/alberto/Documents/kia_gd_ws/install/ros_tcp_endpoint:/home/alberto/ros2_ws/install/docker_test:/opt/ros/humble:/home/alberto/install/catkin:/home/alberto/ros2_ws/install/sub:/home/alberto/ros2_ws/install/pid:/home/alberto/ros2_ws/install/catkin:/home/alberto/uuv/install/uuv /usr/bin/cmake --install /home/alberto/Documents/sub_alberto/build/uuv_navigation
[0.452s] Level 1:colcon.colcon_core.environment:checking '/home/alberto/Documents/sub_alberto/install/uuv_navigation' for CMake config files
[0.452s] Level 1:colcon.colcon_core.shell:create_environment_hook('uuv_navigation', 'cmake_prefix_path')
[0.452s] INFO:colcon.colcon_core.shell:Creating environment hook '/home/alberto/Documents/sub_alberto/install/uuv_navigation/share/uuv_navigation/hook/cmake_prefix_path.ps1'
[0.452s] INFO:colcon.colcon_core.shell:Creating environment descriptor '/home/alberto/Documents/sub_alberto/install/uuv_navigation/share/uuv_navigation/hook/cmake_prefix_path.dsv'
[0.453s] INFO:colcon.colcon_core.shell:Creating environment hook '/home/alberto/Documents/sub_alberto/install/uuv_navigation/share/uuv_navigation/hook/cmake_prefix_path.sh'
[0.453s] Level 1:colcon.colcon_core.environment:checking '/home/alberto/Documents/sub_alberto/install/uuv_navigation/lib'
[0.453s] Level 1:colcon.colcon_core.environment:checking '/home/alberto/Documents/sub_alberto/install/uuv_navigation/bin'
[0.453s] Level 1:colcon.colcon_core.environment:checking '/home/alberto/Documents/sub_alberto/install/uuv_navigation/lib/pkgconfig/uuv_navigation.pc'
[0.453s] Level 1:colcon.colcon_core.environment:checking '/home/alberto/Documents/sub_alberto/install/uuv_navigation/lib/python3.10/site-packages'
[0.453s] Level 1:colcon.colcon_core.environment:checking '/home/alberto/Documents/sub_alberto/install/uuv_navigation/bin'
[0.454s] INFO:colcon.colcon_core.shell:Creating package script '/home/alberto/Documents/sub_alberto/install/uuv_navigation/share/uuv_navigation/package.ps1'
[0.454s] INFO:colcon.colcon_core.shell:Creating package descriptor '/home/alberto/Documents/sub_alberto/install/uuv_navigation/share/uuv_navigation/package.dsv'
[0.454s] INFO:colcon.colcon_core.shell:Creating package script '/home/alberto/Documents/sub_alberto/install/uuv_navigation/share/uuv_navigation/package.sh'
[0.454s] INFO:colcon.colcon_core.shell:Creating package script '/home/alberto/Documents/sub_alberto/install/uuv_navigation/share/uuv_navigation/package.bash'
[0.455s] INFO:colcon.colcon_core.shell:Creating package script '/home/alberto/Documents/sub_alberto/install/uuv_navigation/share/uuv_navigation/package.zsh'
[0.455s] Level 1:colcon.colcon_core.environment:create_file_with_runtime_dependencies(/home/alberto/Documents/sub_alberto/install/uuv_navigation/share/colcon-core/packages/uuv_navigation)
[0.455s] Level 1:colcon.colcon_core.environment:create_environment_scripts_only(uuv_navigation)
[0.455s] Level 1:colcon.colcon_core.environment:checking '/home/alberto/Documents/sub_alberto/install/uuv_navigation' for CMake module files
[0.456s] Level 1:colcon.colcon_core.environment:checking '/home/alberto/Documents/sub_alberto/install/uuv_navigation' for CMake config files
[0.456s] Level 1:colcon.colcon_core.shell:create_environment_hook('uuv_navigation', 'cmake_prefix_path')
[0.456s] INFO:colcon.colcon_core.shell:Creating environment hook '/home/alberto/Documents/sub_alberto/install/uuv_navigation/share/uuv_navigation/hook/cmake_prefix_path.ps1'
[0.456s] INFO:colcon.colcon_core.shell:Creating environment descriptor '/home/alberto/Documents/sub_alberto/install/uuv_navigation/share/uuv_navigation/hook/cmake_prefix_path.dsv'
[0.456s] INFO:colcon.colcon_core.shell:Creating environment hook '/home/alberto/Documents/sub_alberto/install/uuv_navigation/share/uuv_navigation/hook/cmake_prefix_path.sh'
[0.457s] Level 1:colcon.colcon_core.environment:checking '/home/alberto/Documents/sub_alberto/install/uuv_navigation/lib'
[0.457s] Level 1:colcon.colcon_core.environment:checking '/home/alberto/Documents/sub_alberto/install/uuv_navigation/bin'
[0.457s] Level 1:colcon.colcon_core.environment:checking '/home/alberto/Documents/sub_alberto/install/uuv_navigation/lib/pkgconfig/uuv_navigation.pc'
[0.457s] Level 1:colcon.colcon_core.environment:checking '/home/alberto/Documents/sub_alberto/install/uuv_navigation/lib/python3.10/site-packages'
[0.457s] Level 1:colcon.colcon_core.environment:checking '/home/alberto/Documents/sub_alberto/install/uuv_navigation/bin'
[0.457s] INFO:colcon.colcon_core.shell:Creating package script '/home/alberto/Documents/sub_alberto/install/uuv_navigation/share/uuv_navigation/package.ps1'
[0.458s] INFO:colcon.colcon_core.shell:Creating package descriptor '/home/alberto/Documents/sub_alberto/install/uuv_navigation/share/uuv_navigation/package.dsv'
[0.458s] INFO:colcon.colcon_core.shell:Creating package script '/home/alberto/Documents/sub_alberto/install/uuv_navigation/share/uuv_navigation/package.sh'
[0.458s] INFO:colcon.colcon_core.shell:Creating package script '/home/alberto/Documents/sub_alberto/install/uuv_navigation/share/uuv_navigation/package.bash'
[0.459s] INFO:colcon.colcon_core.shell:Creating package script '/home/alberto/Documents/sub_alberto/install/uuv_navigation/share/uuv_navigation/package.zsh'
[0.459s] Level 1:colcon.colcon_core.environment:create_file_with_runtime_dependencies(/home/alberto/Documents/sub_alberto/install/uuv_navigation/share/colcon-core/packages/uuv_navigation)
[0.459s] Level 1:colcon.colcon_core.environment:create_environment_scripts_only(uuv_mission)
[0.459s] Level 1:colcon.colcon_core.environment:checking '/home/alberto/Documents/sub_alberto/install/uuv_mission' for CMake module files
[0.460s] DEBUG:colcon.colcon_core.event_handler.log_command:Invoked command in '/home/alberto/Documents/sub_alberto/build/uuv_mission' returned '0': CMAKE_PREFIX_PATH=/home/alberto/Documents/kia_gd_ws/install/ur_ros_rtde_tutorials:/home/alberto/Documents/kia_gd_ws/install/ur_ros_rtde:/home/alberto/Documents/kia_gd_ws/install/ur_ros_rtde_simple_clients:/home/alberto/Documents/kia_gd_ws/install/ur_ros_rtde_gripper_commands:/home/alberto/Documents/kia_gd_ws/install/ur_ros_rtde_msgs:/home/alberto/Documents/kia_gd_ws/install/ur:/home/alberto/Documents/kia_gd_ws/install/ur_calibration:/home/alberto/Documents/kia_gd_ws/install/ur_robot_driver:/home/alberto/Documents/kia_gd_ws/install/ur_moveit_config:/home/alberto/Documents/kia_gd_ws/install/ur_bringup:/home/alberto/Documents/kia_gd_ws/install/ur_controllers:/home/alberto/Documents/kia_gd_ws/install/ur_dashboard_msgs:/home/alberto/Documents/kia_gd_ws/install/simple_ur10e_moveit_config:/home/alberto/Documents/kia_gd_ws/install/simple_ur10e_description:/home/alberto/Documents/kia_gd_ws/install/kia_gd:/home/alberto/Documents/sub_alberto/install/uuv_visualization:/home/alberto/Documents/sub_alberto/install/uuv_vision:/home/alberto/Documents/sub_alberto/install/uuv_navigation:/home/alberto/Documents/sub_alberto/install/uuv_mission:/home/alberto/Documents/sub_alberto/install/uuv_master:/home/alberto/Documents/sub_alberto/install/uuv_control:/home/alberto/install/vectornav:/home/alberto/install/vectornav_msgs:/home/alberto/install/uuv_teleop:/home/alberto/install/uuv_description:/home/alberto/install/sub:/home/alberto/install/pid:/home/alberto/Documents/kia_gd_ws/install/ros_tcp_endpoint:/home/alberto/ros2_ws/install/docker_test:/opt/ros/humble:/home/alberto/install/catkin:/home/alberto/ros2_ws/install/sub:/home/alberto/ros2_ws/install/pid:/home/alberto/ros2_ws/install/catkin:/home/alberto/uuv/install/uuv /usr/bin/cmake --install /home/alberto/Documents/sub_alberto/build/uuv_mission
[0.460s] Level 1:colcon.colcon_core.environment:checking '/home/alberto/Documents/sub_alberto/install/uuv_mission' for CMake config files
[0.460s] Level 1:colcon.colcon_core.shell:create_environment_hook('uuv_mission', 'cmake_prefix_path')
[0.460s] INFO:colcon.colcon_core.shell:Creating environment hook '/home/alberto/Documents/sub_alberto/install/uuv_mission/share/uuv_mission/hook/cmake_prefix_path.ps1'
[0.461s] INFO:colcon.colcon_core.shell:Creating environment descriptor '/home/alberto/Documents/sub_alberto/install/uuv_mission/share/uuv_mission/hook/cmake_prefix_path.dsv'
[0.461s] INFO:colcon.colcon_core.shell:Creating environment hook '/home/alberto/Documents/sub_alberto/install/uuv_mission/share/uuv_mission/hook/cmake_prefix_path.sh'
[0.461s] Level 1:colcon.colcon_core.environment:checking '/home/alberto/Documents/sub_alberto/install/uuv_mission/lib'
[0.461s] Level 1:colcon.colcon_core.environment:checking '/home/alberto/Documents/sub_alberto/install/uuv_mission/bin'
[0.461s] Level 1:colcon.colcon_core.environment:checking '/home/alberto/Documents/sub_alberto/install/uuv_mission/lib/pkgconfig/uuv_mission.pc'
[0.461s] Level 1:colcon.colcon_core.environment:checking '/home/alberto/Documents/sub_alberto/install/uuv_mission/lib/python3.10/site-packages'
[0.462s] Level 1:colcon.colcon_core.environment:checking '/home/alberto/Documents/sub_alberto/install/uuv_mission/bin'
[0.462s] INFO:colcon.colcon_core.shell:Creating package script '/home/alberto/Documents/sub_alberto/install/uuv_mission/share/uuv_mission/package.ps1'
[0.462s] INFO:colcon.colcon_core.shell:Creating package descriptor '/home/alberto/Documents/sub_alberto/install/uuv_mission/share/uuv_mission/package.dsv'
[0.462s] INFO:colcon.colcon_core.shell:Creating package script '/home/alberto/Documents/sub_alberto/install/uuv_mission/share/uuv_mission/package.sh'
[0.463s] INFO:colcon.colcon_core.shell:Creating package script '/home/alberto/Documents/sub_alberto/install/uuv_mission/share/uuv_mission/package.bash'
[0.463s] INFO:colcon.colcon_core.shell:Creating package script '/home/alberto/Documents/sub_alberto/install/uuv_mission/share/uuv_mission/package.zsh'
[0.463s] Level 1:colcon.colcon_core.environment:create_file_with_runtime_dependencies(/home/alberto/Documents/sub_alberto/install/uuv_mission/share/colcon-core/packages/uuv_mission)
[0.464s] Level 1:colcon.colcon_core.environment:create_environment_scripts_only(uuv_mission)
[0.464s] Level 1:colcon.colcon_core.environment:checking '/home/alberto/Documents/sub_alberto/install/uuv_mission' for CMake module files
[0.464s] Level 1:colcon.colcon_core.environment:checking '/home/alberto/Documents/sub_alberto/install/uuv_mission' for CMake config files
[0.464s] Level 1:colcon.colcon_core.shell:create_environment_hook('uuv_mission', 'cmake_prefix_path')
[0.464s] INFO:colcon.colcon_core.shell:Creating environment hook '/home/alberto/Documents/sub_alberto/install/uuv_mission/share/uuv_mission/hook/cmake_prefix_path.ps1'
[0.465s] INFO:colcon.colcon_core.shell:Creating environment descriptor '/home/alberto/Documents/sub_alberto/install/uuv_mission/share/uuv_mission/hook/cmake_prefix_path.dsv'
[0.465s] INFO:colcon.colcon_core.shell:Creating environment hook '/home/alberto/Documents/sub_alberto/install/uuv_mission/share/uuv_mission/hook/cmake_prefix_path.sh'
[0.465s] Level 1:colcon.colcon_core.environment:checking '/home/alberto/Documents/sub_alberto/install/uuv_mission/lib'
[0.465s] Level 1:colcon.colcon_core.environment:checking '/home/alberto/Documents/sub_alberto/install/uuv_mission/bin'
[0.465s] Level 1:colcon.colcon_core.environment:checking '/home/alberto/Documents/sub_alberto/install/uuv_mission/lib/pkgconfig/uuv_mission.pc'
[0.465s] Level 1:colcon.colcon_core.environment:checking '/home/alberto/Documents/sub_alberto/install/uuv_mission/lib/python3.10/site-packages'
[0.466s] Level 1:colcon.colcon_core.environment:checking '/home/alberto/Documents/sub_alberto/install/uuv_mission/bin'
[0.466s] INFO:colcon.colcon_core.shell:Creating package script '/home/alberto/Documents/sub_alberto/install/uuv_mission/share/uuv_mission/package.ps1'
[0.466s] INFO:colcon.colcon_core.shell:Creating package descriptor '/home/alberto/Documents/sub_alberto/install/uuv_mission/share/uuv_mission/package.dsv'
[0.467s] INFO:colcon.colcon_core.shell:Creating package script '/home/alberto/Documents/sub_alberto/install/uuv_mission/share/uuv_mission/package.sh'
[0.467s] INFO:colcon.colcon_core.shell:Creating package script '/home/alberto/Documents/sub_alberto/install/uuv_mission/share/uuv_mission/package.bash'
[0.467s] INFO:colcon.colcon_core.shell:Creating package script '/home/alberto/Documents/sub_alberto/install/uuv_mission/share/uuv_mission/package.zsh'
[0.468s] Level 1:colcon.colcon_core.environment:create_file_with_runtime_dependencies(/home/alberto/Documents/sub_alberto/install/uuv_mission/share/colcon-core/packages/uuv_mission)
[0.468s] Level 1:colcon.colcon_core.environment:create_environment_scripts_only(uuv_visualization)
[0.468s] Level 1:colcon.colcon_core.environment:checking '/home/alberto/Documents/sub_alberto/install/uuv_visualization' for CMake module files
[0.469s] DEBUG:colcon.colcon_core.event_handler.log_command:Invoked command in '/home/alberto/Documents/sub_alberto/build/uuv_visualization' returned '0': CMAKE_PREFIX_PATH=/home/alberto/Documents/kia_gd_ws/install/ur_ros_rtde_tutorials:/home/alberto/Documents/kia_gd_ws/install/ur_ros_rtde:/home/alberto/Documents/kia_gd_ws/install/ur_ros_rtde_simple_clients:/home/alberto/Documents/kia_gd_ws/install/ur_ros_rtde_gripper_commands:/home/alberto/Documents/kia_gd_ws/install/ur_ros_rtde_msgs:/home/alberto/Documents/kia_gd_ws/install/ur:/home/alberto/Documents/kia_gd_ws/install/ur_calibration:/home/alberto/Documents/kia_gd_ws/install/ur_robot_driver:/home/alberto/Documents/kia_gd_ws/install/ur_moveit_config:/home/alberto/Documents/kia_gd_ws/install/ur_bringup:/home/alberto/Documents/kia_gd_ws/install/ur_controllers:/home/alberto/Documents/kia_gd_ws/install/ur_dashboard_msgs:/home/alberto/Documents/kia_gd_ws/install/simple_ur10e_moveit_config:/home/alberto/Documents/kia_gd_ws/install/simple_ur10e_description:/home/alberto/Documents/kia_gd_ws/install/kia_gd:/home/alberto/Documents/sub_alberto/install/uuv_visualization:/home/alberto/Documents/sub_alberto/install/uuv_vision:/home/alberto/Documents/sub_alberto/install/uuv_navigation:/home/alberto/Documents/sub_alberto/install/uuv_mission:/home/alberto/Documents/sub_alberto/install/uuv_master:/home/alberto/Documents/sub_alberto/install/uuv_control:/home/alberto/install/vectornav:/home/alberto/install/vectornav_msgs:/home/alberto/install/uuv_teleop:/home/alberto/install/uuv_description:/home/alberto/install/sub:/home/alberto/install/pid:/home/alberto/Documents/kia_gd_ws/install/ros_tcp_endpoint:/home/alberto/ros2_ws/install/docker_test:/opt/ros/humble:/home/alberto/install/catkin:/home/alberto/ros2_ws/install/sub:/home/alberto/ros2_ws/install/pid:/home/alberto/ros2_ws/install/catkin:/home/alberto/uuv/install/uuv /usr/bin/cmake --install /home/alberto/Documents/sub_alberto/build/uuv_visualization
[0.470s] Level 1:colcon.colcon_core.environment:checking '/home/alberto/Documents/sub_alberto/install/uuv_visualization' for CMake config files
[0.470s] Level 1:colcon.colcon_core.shell:create_environment_hook('uuv_visualization', 'cmake_prefix_path')
[0.470s] INFO:colcon.colcon_core.shell:Creating environment hook '/home/alberto/Documents/sub_alberto/install/uuv_visualization/share/uuv_visualization/hook/cmake_prefix_path.ps1'
[0.470s] INFO:colcon.colcon_core.shell:Creating environment descriptor '/home/alberto/Documents/sub_alberto/install/uuv_visualization/share/uuv_visualization/hook/cmake_prefix_path.dsv'
[0.471s] INFO:colcon.colcon_core.shell:Creating environment hook '/home/alberto/Documents/sub_alberto/install/uuv_visualization/share/uuv_visualization/hook/cmake_prefix_path.sh'
[0.471s] Level 1:colcon.colcon_core.environment:checking '/home/alberto/Documents/sub_alberto/install/uuv_visualization/lib'
[0.471s] Level 1:colcon.colcon_core.environment:checking '/home/alberto/Documents/sub_alberto/install/uuv_visualization/bin'
[0.471s] Level 1:colcon.colcon_core.environment:checking '/home/alberto/Documents/sub_alberto/install/uuv_visualization/lib/pkgconfig/uuv_visualization.pc'
[0.471s] Level 1:colcon.colcon_core.environment:checking '/home/alberto/Documents/sub_alberto/install/uuv_visualization/lib/python3.10/site-packages'
[0.471s] Level 1:colcon.colcon_core.environment:checking '/home/alberto/Documents/sub_alberto/install/uuv_visualization/bin'
[0.472s] INFO:colcon.colcon_core.shell:Creating package script '/home/alberto/Documents/sub_alberto/install/uuv_visualization/share/uuv_visualization/package.ps1'
[0.472s] INFO:colcon.colcon_core.shell:Creating package descriptor '/home/alberto/Documents/sub_alberto/install/uuv_visualization/share/uuv_visualization/package.dsv'
[0.472s] INFO:colcon.colcon_core.shell:Creating package script '/home/alberto/Documents/sub_alberto/install/uuv_visualization/share/uuv_visualization/package.sh'
[0.473s] INFO:colcon.colcon_core.shell:Creating package script '/home/alberto/Documents/sub_alberto/install/uuv_visualization/share/uuv_visualization/package.bash'
[0.473s] INFO:colcon.colcon_core.shell:Creating package script '/home/alberto/Documents/sub_alberto/install/uuv_visualization/share/uuv_visualization/package.zsh'
[0.473s] Level 1:colcon.colcon_core.environment:create_file_with_runtime_dependencies(/home/alberto/Documents/sub_alberto/install/uuv_visualization/share/colcon-core/packages/uuv_visualization)
[0.473s] Level 1:colcon.colcon_core.environment:create_environment_scripts_only(uuv_visualization)
[0.474s] Level 1:colcon.colcon_core.environment:checking '/home/alberto/Documents/sub_alberto/install/uuv_visualization' for CMake module files
[0.474s] Level 1:colcon.colcon_core.environment:checking '/home/alberto/Documents/sub_alberto/install/uuv_visualization' for CMake config files
[0.475s] Level 1:colcon.colcon_core.shell:create_environment_hook('uuv_visualization', 'cmake_prefix_path')
[0.475s] INFO:colcon.colcon_core.shell:Creating environment hook '/home/alberto/Documents/sub_alberto/install/uuv_visualization/share/uuv_visualization/hook/cmake_prefix_path.ps1'
[0.475s] INFO:colcon.colcon_core.shell:Creating environment descriptor '/home/alberto/Documents/sub_alberto/install/uuv_visualization/share/uuv_visualization/hook/cmake_prefix_path.dsv'
[0.476s] INFO:colcon.colcon_core.shell:Creating environment hook '/home/alberto/Documents/sub_alberto/install/uuv_visualization/share/uuv_visualization/hook/cmake_prefix_path.sh'
[0.476s] Level 1:colcon.colcon_core.environment:checking '/home/alberto/Documents/sub_alberto/install/uuv_visualization/lib'
[0.476s] Level 1:colcon.colcon_core.environment:checking '/home/alberto/Documents/sub_alberto/install/uuv_visualization/bin'
[0.476s] Level 1:colcon.colcon_core.environment:checking '/home/alberto/Documents/sub_alberto/install/uuv_visualization/lib/pkgconfig/uuv_visualization.pc'
[0.476s] Level 1:colcon.colcon_core.environment:checking '/home/alberto/Documents/sub_alberto/install/uuv_visualization/lib/python3.10/site-packages'
[0.477s] Level 1:colcon.colcon_core.environment:checking '/home/alberto/Documents/sub_alberto/install/uuv_visualization/bin'
[0.477s] INFO:colcon.colcon_core.shell:Creating package script '/home/alberto/Documents/sub_alberto/install/uuv_visualization/share/uuv_visualization/package.ps1'
[0.477s] INFO:colcon.colcon_core.shell:Creating package descriptor '/home/alberto/Documents/sub_alberto/install/uuv_visualization/share/uuv_visualization/package.dsv'
[0.478s] INFO:colcon.colcon_core.shell:Creating package script '/home/alberto/Documents/sub_alberto/install/uuv_visualization/share/uuv_visualization/package.sh'
[0.478s] INFO:colcon.colcon_core.shell:Creating package script '/home/alberto/Documents/sub_alberto/install/uuv_visualization/share/uuv_visualization/package.bash'
[0.478s] INFO:colcon.colcon_core.shell:Creating package script '/home/alberto/Documents/sub_alberto/install/uuv_visualization/share/uuv_visualization/package.zsh'
[0.479s] Level 1:colcon.colcon_core.environment:create_file_with_runtime_dependencies(/home/alberto/Documents/sub_alberto/install/uuv_visualization/share/colcon-core/packages/uuv_visualization)
[0.479s] Level 1:colcon.colcon_core.environment:create_environment_scripts_only(uuv_master)
[0.479s] Level 1:colcon.colcon_core.environment:checking '/home/alberto/Documents/sub_alberto/install/uuv_master' for CMake module files
[0.480s] Level 1:colcon.colcon_core.environment:checking '/home/alberto/Documents/sub_alberto/install/uuv_master' for CMake config files
[0.480s] DEBUG:colcon.colcon_core.event_handler.log_command:Invoked command in '/home/alberto/Documents/sub_alberto/build/uuv_master' returned '0': CMAKE_PREFIX_PATH=/home/alberto/Documents/kia_gd_ws/install/ur_ros_rtde_tutorials:/home/alberto/Documents/kia_gd_ws/install/ur_ros_rtde:/home/alberto/Documents/kia_gd_ws/install/ur_ros_rtde_simple_clients:/home/alberto/Documents/kia_gd_ws/install/ur_ros_rtde_gripper_commands:/home/alberto/Documents/kia_gd_ws/install/ur_ros_rtde_msgs:/home/alberto/Documents/kia_gd_ws/install/ur:/home/alberto/Documents/kia_gd_ws/install/ur_calibration:/home/alberto/Documents/kia_gd_ws/install/ur_robot_driver:/home/alberto/Documents/kia_gd_ws/install/ur_moveit_config:/home/alberto/Documents/kia_gd_ws/install/ur_bringup:/home/alberto/Documents/kia_gd_ws/install/ur_controllers:/home/alberto/Documents/kia_gd_ws/install/ur_dashboard_msgs:/home/alberto/Documents/kia_gd_ws/install/simple_ur10e_moveit_config:/home/alberto/Documents/kia_gd_ws/install/simple_ur10e_description:/home/alberto/Documents/kia_gd_ws/install/kia_gd:/home/alberto/Documents/sub_alberto/install/uuv_visualization:/home/alberto/Documents/sub_alberto/install/uuv_vision:/home/alberto/Documents/sub_alberto/install/uuv_navigation:/home/alberto/Documents/sub_alberto/install/uuv_mission:/home/alberto/Documents/sub_alberto/install/uuv_master:/home/alberto/Documents/sub_alberto/install/uuv_control:/home/alberto/install/vectornav:/home/alberto/install/vectornav_msgs:/home/alberto/install/uuv_teleop:/home/alberto/install/uuv_description:/home/alberto/install/sub:/home/alberto/install/pid:/home/alberto/Documents/kia_gd_ws/install/ros_tcp_endpoint:/home/alberto/ros2_ws/install/docker_test:/opt/ros/humble:/home/alberto/install/catkin:/home/alberto/ros2_ws/install/sub:/home/alberto/ros2_ws/install/pid:/home/alberto/ros2_ws/install/catkin:/home/alberto/uuv/install/uuv /usr/bin/cmake --install /home/alberto/Documents/sub_alberto/build/uuv_master
[0.480s] Level 1:colcon.colcon_core.shell:create_environment_hook('uuv_master', 'cmake_prefix_path')
[0.480s] INFO:colcon.colcon_core.shell:Creating environment hook '/home/alberto/Documents/sub_alberto/install/uuv_master/share/uuv_master/hook/cmake_prefix_path.ps1'
[0.480s] INFO:colcon.colcon_core.shell:Creating environment descriptor '/home/alberto/Documents/sub_alberto/install/uuv_master/share/uuv_master/hook/cmake_prefix_path.dsv'
[0.481s] INFO:colcon.colcon_core.shell:Creating environment hook '/home/alberto/Documents/sub_alberto/install/uuv_master/share/uuv_master/hook/cmake_prefix_path.sh'
[0.481s] Level 1:colcon.colcon_core.environment:checking '/home/alberto/Documents/sub_alberto/install/uuv_master/bin'
[0.481s] Level 1:colcon.colcon_core.environment:checking '/home/alberto/Documents/sub_alberto/install/uuv_master/lib/pkgconfig/uuv_master.pc'
[0.481s] Level 1:colcon.colcon_core.environment:checking '/home/alberto/Documents/sub_alberto/install/uuv_master/lib/python3.10/site-packages'
[0.482s] Level 1:colcon.colcon_core.environment:checking '/home/alberto/Documents/sub_alberto/install/uuv_master/bin'
[0.482s] INFO:colcon.colcon_core.shell:Creating package script '/home/alberto/Documents/sub_alberto/install/uuv_master/share/uuv_master/package.ps1'
[0.482s] INFO:colcon.colcon_core.shell:Creating package descriptor '/home/alberto/Documents/sub_alberto/install/uuv_master/share/uuv_master/package.dsv'
[0.482s] INFO:colcon.colcon_core.shell:Creating package script '/home/alberto/Documents/sub_alberto/install/uuv_master/share/uuv_master/package.sh'
[0.483s] INFO:colcon.colcon_core.shell:Creating package script '/home/alberto/Documents/sub_alberto/install/uuv_master/share/uuv_master/package.bash'
[0.483s] INFO:colcon.colcon_core.shell:Creating package script '/home/alberto/Documents/sub_alberto/install/uuv_master/share/uuv_master/package.zsh'
[0.483s] Level 1:colcon.colcon_core.environment:create_file_with_runtime_dependencies(/home/alberto/Documents/sub_alberto/install/uuv_master/share/colcon-core/packages/uuv_master)
[0.483s] Level 1:colcon.colcon_core.environment:create_environment_scripts_only(uuv_master)
[0.484s] Level 1:colcon.colcon_core.environment:checking '/home/alberto/Documents/sub_alberto/install/uuv_master' for CMake module files
[0.484s] Level 1:colcon.colcon_core.environment:checking '/home/alberto/Documents/sub_alberto/install/uuv_master' for CMake config files
[0.484s] Level 1:colcon.colcon_core.shell:create_environment_hook('uuv_master', 'cmake_prefix_path')
[0.484s] INFO:colcon.colcon_core.shell:Creating environment hook '/home/alberto/Documents/sub_alberto/install/uuv_master/share/uuv_master/hook/cmake_prefix_path.ps1'
[0.484s] INFO:colcon.colcon_core.shell:Creating environment descriptor '/home/alberto/Documents/sub_alberto/install/uuv_master/share/uuv_master/hook/cmake_prefix_path.dsv'
[0.485s] INFO:colcon.colcon_core.shell:Creating environment hook '/home/alberto/Documents/sub_alberto/install/uuv_master/share/uuv_master/hook/cmake_prefix_path.sh'
[0.485s] Level 1:colcon.colcon_core.environment:checking '/home/alberto/Documents/sub_alberto/install/uuv_master/bin'
[0.485s] Level 1:colcon.colcon_core.environment:checking '/home/alberto/Documents/sub_alberto/install/uuv_master/lib/pkgconfig/uuv_master.pc'
[0.485s] Level 1:colcon.colcon_core.environment:checking '/home/alberto/Documents/sub_alberto/install/uuv_master/lib/python3.10/site-packages'
[0.485s] Level 1:colcon.colcon_core.environment:checking '/home/alberto/Documents/sub_alberto/install/uuv_master/bin'
[0.486s] INFO:colcon.colcon_core.shell:Creating package script '/home/alberto/Documents/sub_alberto/install/uuv_master/share/uuv_master/package.ps1'
[0.486s] INFO:colcon.colcon_core.shell:Creating package descriptor '/home/alberto/Documents/sub_alberto/install/uuv_master/share/uuv_master/package.dsv'
[0.486s] INFO:colcon.colcon_core.shell:Creating package script '/home/alberto/Documents/sub_alberto/install/uuv_master/share/uuv_master/package.sh'
[0.486s] INFO:colcon.colcon_core.shell:Creating package script '/home/alberto/Documents/sub_alberto/install/uuv_master/share/uuv_master/package.bash'
[0.487s] INFO:colcon.colcon_core.shell:Creating package script '/home/alberto/Documents/sub_alberto/install/uuv_master/share/uuv_master/package.zsh'
[0.487s] Level 1:colcon.colcon_core.environment:create_file_with_runtime_dependencies(/home/alberto/Documents/sub_alberto/install/uuv_master/share/colcon-core/packages/uuv_master)
[0.488s] DEBUG:colcon.colcon_core.event_handler.log_command:Invoked command in '/home/alberto/Documents/sub_alberto/build/uuv_control' returned '0': CMAKE_PREFIX_PATH=/home/alberto/Documents/kia_gd_ws/install/ur_ros_rtde_tutorials:/home/alberto/Documents/kia_gd_ws/install/ur_ros_rtde:/home/alberto/Documents/kia_gd_ws/install/ur_ros_rtde_simple_clients:/home/alberto/Documents/kia_gd_ws/install/ur_ros_rtde_gripper_commands:/home/alberto/Documents/kia_gd_ws/install/ur_ros_rtde_msgs:/home/alberto/Documents/kia_gd_ws/install/ur:/home/alberto/Documents/kia_gd_ws/install/ur_calibration:/home/alberto/Documents/kia_gd_ws/install/ur_robot_driver:/home/alberto/Documents/kia_gd_ws/install/ur_moveit_config:/home/alberto/Documents/kia_gd_ws/install/ur_bringup:/home/alberto/Documents/kia_gd_ws/install/ur_controllers:/home/alberto/Documents/kia_gd_ws/install/ur_dashboard_msgs:/home/alberto/Documents/kia_gd_ws/install/simple_ur10e_moveit_config:/home/alberto/Documents/kia_gd_ws/install/simple_ur10e_description:/home/alberto/Documents/kia_gd_ws/install/kia_gd:/home/alberto/Documents/sub_alberto/install/uuv_visualization:/home/alberto/Documents/sub_alberto/install/uuv_vision:/home/alberto/Documents/sub_alberto/install/uuv_navigation:/home/alberto/Documents/sub_alberto/install/uuv_mission:/home/alberto/Documents/sub_alberto/install/uuv_master:/home/alberto/Documents/sub_alberto/install/uuv_control:/home/alberto/install/vectornav:/home/alberto/install/vectornav_msgs:/home/alberto/install/uuv_teleop:/home/alberto/install/uuv_description:/home/alberto/install/sub:/home/alberto/install/pid:/home/alberto/Documents/kia_gd_ws/install/ros_tcp_endpoint:/home/alberto/ros2_ws/install/docker_test:/opt/ros/humble:/home/alberto/install/catkin:/home/alberto/ros2_ws/install/sub:/home/alberto/ros2_ws/install/pid:/home/alberto/ros2_ws/install/catkin:/home/alberto/uuv/install/uuv /usr/bin/cmake --build /home/alberto/Documents/sub_alberto/build/uuv_control -- -j8 -l8
[0.489s] DEBUG:colcon.colcon_core.event_handler.log_command:Invoking command in '/home/alberto/Documents/sub_alberto/build/uuv_control': CMAKE_PREFIX_PATH=/home/alberto/Documents/kia_gd_ws/install/ur_ros_rtde_tutorials:/home/alberto/Documents/kia_gd_ws/install/ur_ros_rtde:/home/alberto/Documents/kia_gd_ws/install/ur_ros_rtde_simple_clients:/home/alberto/Documents/kia_gd_ws/install/ur_ros_rtde_gripper_commands:/home/alberto/Documents/kia_gd_ws/install/ur_ros_rtde_msgs:/home/alberto/Documents/kia_gd_ws/install/ur:/home/alberto/Documents/kia_gd_ws/install/ur_calibration:/home/alberto/Documents/kia_gd_ws/install/ur_robot_driver:/home/alberto/Documents/kia_gd_ws/install/ur_moveit_config:/home/alberto/Documents/kia_gd_ws/install/ur_bringup:/home/alberto/Documents/kia_gd_ws/install/ur_controllers:/home/alberto/Documents/kia_gd_ws/install/ur_dashboard_msgs:/home/alberto/Documents/kia_gd_ws/install/simple_ur10e_moveit_config:/home/alberto/Documents/kia_gd_ws/install/simple_ur10e_description:/home/alberto/Documents/kia_gd_ws/install/kia_gd:/home/alberto/Documents/sub_alberto/install/uuv_visualization:/home/alberto/Documents/sub_alberto/install/uuv_vision:/home/alberto/Documents/sub_alberto/install/uuv_navigation:/home/alberto/Documents/sub_alberto/install/uuv_mission:/home/alberto/Documents/sub_alberto/install/uuv_master:/home/alberto/Documents/sub_alberto/install/uuv_control:/home/alberto/install/vectornav:/home/alberto/install/vectornav_msgs:/home/alberto/install/uuv_teleop:/home/alberto/install/uuv_description:/home/alberto/install/sub:/home/alberto/install/pid:/home/alberto/Documents/kia_gd_ws/install/ros_tcp_endpoint:/home/alberto/ros2_ws/install/docker_test:/opt/ros/humble:/home/alberto/install/catkin:/home/alberto/ros2_ws/install/sub:/home/alberto/ros2_ws/install/pid:/home/alberto/ros2_ws/install/catkin:/home/alberto/uuv/install/uuv /usr/bin/cmake --install /home/alberto/Documents/sub_alberto/build/uuv_control
[0.498s] Level 1:colcon.colcon_core.environment:create_environment_scripts_only(uuv_control)
[0.498s] Level 1:colcon.colcon_core.environment:checking '/home/alberto/Documents/sub_alberto/install/uuv_control' for CMake module files
[0.498s] DEBUG:colcon.colcon_core.event_handler.log_command:Invoked command in '/home/alberto/Documents/sub_alberto/build/uuv_control' returned '0': CMAKE_PREFIX_PATH=/home/alberto/Documents/kia_gd_ws/install/ur_ros_rtde_tutorials:/home/alberto/Documents/kia_gd_ws/install/ur_ros_rtde:/home/alberto/Documents/kia_gd_ws/install/ur_ros_rtde_simple_clients:/home/alberto/Documents/kia_gd_ws/install/ur_ros_rtde_gripper_commands:/home/alberto/Documents/kia_gd_ws/install/ur_ros_rtde_msgs:/home/alberto/Documents/kia_gd_ws/install/ur:/home/alberto/Documents/kia_gd_ws/install/ur_calibration:/home/alberto/Documents/kia_gd_ws/install/ur_robot_driver:/home/alberto/Documents/kia_gd_ws/install/ur_moveit_config:/home/alberto/Documents/kia_gd_ws/install/ur_bringup:/home/alberto/Documents/kia_gd_ws/install/ur_controllers:/home/alberto/Documents/kia_gd_ws/install/ur_dashboard_msgs:/home/alberto/Documents/kia_gd_ws/install/simple_ur10e_moveit_config:/home/alberto/Documents/kia_gd_ws/install/simple_ur10e_description:/home/alberto/Documents/kia_gd_ws/install/kia_gd:/home/alberto/Documents/sub_alberto/install/uuv_visualization:/home/alberto/Documents/sub_alberto/install/uuv_vision:/home/alberto/Documents/sub_alberto/install/uuv_navigation:/home/alberto/Documents/sub_alberto/install/uuv_mission:/home/alberto/Documents/sub_alberto/install/uuv_master:/home/alberto/Documents/sub_alberto/install/uuv_control:/home/alberto/install/vectornav:/home/alberto/install/vectornav_msgs:/home/alberto/install/uuv_teleop:/home/alberto/install/uuv_description:/home/alberto/install/sub:/home/alberto/install/pid:/home/alberto/Documents/kia_gd_ws/install/ros_tcp_endpoint:/home/alberto/ros2_ws/install/docker_test:/opt/ros/humble:/home/alberto/install/catkin:/home/alberto/ros2_ws/install/sub:/home/alberto/ros2_ws/install/pid:/home/alberto/ros2_ws/install/catkin:/home/alberto/uuv/install/uuv /usr/bin/cmake --install /home/alberto/Documents/sub_alberto/build/uuv_control
[0.499s] Level 1:colcon.colcon_core.environment:checking '/home/alberto/Documents/sub_alberto/install/uuv_control' for CMake config files
[0.499s] Level 1:colcon.colcon_core.shell:create_environment_hook('uuv_control', 'cmake_prefix_path')
[0.499s] INFO:colcon.colcon_core.shell:Creating environment hook '/home/alberto/Documents/sub_alberto/install/uuv_control/share/uuv_control/hook/cmake_prefix_path.ps1'
[0.500s] INFO:colcon.colcon_core.shell:Creating environment descriptor '/home/alberto/Documents/sub_alberto/install/uuv_control/share/uuv_control/hook/cmake_prefix_path.dsv'
[0.500s] INFO:colcon.colcon_core.shell:Creating environment hook '/home/alberto/Documents/sub_alberto/install/uuv_control/share/uuv_control/hook/cmake_prefix_path.sh'
[0.500s] Level 1:colcon.colcon_core.environment:checking '/home/alberto/Documents/sub_alberto/install/uuv_control/lib'
[0.500s] Level 1:colcon.colcon_core.environment:checking '/home/alberto/Documents/sub_alberto/install/uuv_control/bin'
[0.500s] Level 1:colcon.colcon_core.environment:checking '/home/alberto/Documents/sub_alberto/install/uuv_control/lib/pkgconfig/uuv_control.pc'
[0.501s] Level 1:colcon.colcon_core.environment:checking '/home/alberto/Documents/sub_alberto/install/uuv_control/lib/python3.10/site-packages'
[0.501s] Level 1:colcon.colcon_core.environment:checking '/home/alberto/Documents/sub_alberto/install/uuv_control/bin'
[0.501s] INFO:colcon.colcon_core.shell:Creating package script '/home/alberto/Documents/sub_alberto/install/uuv_control/share/uuv_control/package.ps1'
[0.501s] INFO:colcon.colcon_core.shell:Creating package descriptor '/home/alberto/Documents/sub_alberto/install/uuv_control/share/uuv_control/package.dsv'
[0.502s] INFO:colcon.colcon_core.shell:Creating package script '/home/alberto/Documents/sub_alberto/install/uuv_control/share/uuv_control/package.sh'
[0.502s] INFO:colcon.colcon_core.shell:Creating package script '/home/alberto/Documents/sub_alberto/install/uuv_control/share/uuv_control/package.bash'
[0.502s] INFO:colcon.colcon_core.shell:Creating package script '/home/alberto/Documents/sub_alberto/install/uuv_control/share/uuv_control/package.zsh'
[0.502s] Level 1:colcon.colcon_core.environment:create_file_with_runtime_dependencies(/home/alberto/Documents/sub_alberto/install/uuv_control/share/colcon-core/packages/uuv_control)
[0.503s] Level 1:colcon.colcon_core.environment:create_environment_scripts_only(uuv_control)
[0.503s] Level 1:colcon.colcon_core.environment:checking '/home/alberto/Documents/sub_alberto/install/uuv_control' for CMake module files
[0.503s] Level 1:colcon.colcon_core.environment:checking '/home/alberto/Documents/sub_alberto/install/uuv_control' for CMake config files
[0.503s] Level 1:colcon.colcon_core.shell:create_environment_hook('uuv_control', 'cmake_prefix_path')
[0.503s] INFO:colcon.colcon_core.shell:Creating environment hook '/home/alberto/Documents/sub_alberto/install/uuv_control/share/uuv_control/hook/cmake_prefix_path.ps1'
[0.504s] INFO:colcon.colcon_core.shell:Creating environment descriptor '/home/alberto/Documents/sub_alberto/install/uuv_control/share/uuv_control/hook/cmake_prefix_path.dsv'
[0.504s] INFO:colcon.colcon_core.shell:Creating environment hook '/home/alberto/Documents/sub_alberto/install/uuv_control/share/uuv_control/hook/cmake_prefix_path.sh'
[0.504s] Level 1:colcon.colcon_core.environment:checking '/home/alberto/Documents/sub_alberto/install/uuv_control/lib'
[0.504s] Level 1:colcon.colcon_core.environment:checking '/home/alberto/Documents/sub_alberto/install/uuv_control/bin'
[0.504s] Level 1:colcon.colcon_core.environment:checking '/home/alberto/Documents/sub_alberto/install/uuv_control/lib/pkgconfig/uuv_control.pc'
[0.504s] Level 1:colcon.colcon_core.environment:checking '/home/alberto/Documents/sub_alberto/install/uuv_control/lib/python3.10/site-packages'
[0.505s] Level 1:colcon.colcon_core.environment:checking '/home/alberto/Documents/sub_alberto/install/uuv_control/bin'
[0.505s] INFO:colcon.colcon_core.shell:Creating package script '/home/alberto/Documents/sub_alberto/install/uuv_control/share/uuv_control/package.ps1'
[0.505s] INFO:colcon.colcon_core.shell:Creating package descriptor '/home/alberto/Documents/sub_alberto/install/uuv_control/share/uuv_control/package.dsv'
[0.505s] INFO:colcon.colcon_core.shell:Creating package script '/home/alberto/Documents/sub_alberto/install/uuv_control/share/uuv_control/package.sh'
[0.506s] INFO:colcon.colcon_core.shell:Creating package script '/home/alberto/Documents/sub_alberto/install/uuv_control/share/uuv_control/package.bash'
[0.506s] INFO:colcon.colcon_core.shell:Creating package script '/home/alberto/Documents/sub_alberto/install/uuv_control/share/uuv_control/package.zsh'
[0.506s] Level 1:colcon.colcon_core.environment:create_file_with_runtime_dependencies(/home/alberto/Documents/sub_alberto/install/uuv_control/share/colcon-core/packages/uuv_control)
[0.506s] DEBUG:colcon.colcon_parallel_executor.executor.parallel:closing loop
[0.507s] DEBUG:colcon.colcon_parallel_executor.executor.parallel:loop closed
[0.507s] DEBUG:colcon.colcon_parallel_executor.executor.parallel:run_until_complete finished with '0'
[0.507s] DEBUG:colcon.colcon_core.event_reactor:joining thread
[0.512s] INFO:colcon.colcon_core.plugin_system:Skipping extension 'colcon_notification.desktop_notification.terminal_notifier': Not used on non-Darwin systems
[0.512s] INFO:colcon.colcon_core.plugin_system:Skipping extension 'colcon_notification.desktop_notification.win32': Not used on non-Windows systems
[0.512s] INFO:colcon.colcon_notification.desktop_notification:Sending desktop notification using 'notify2'
[0.522s] DEBUG:colcon.colcon_core.event_reactor:joined thread
[0.522s] INFO:colcon.colcon_core.shell:Creating prefix script '/home/alberto/Documents/sub_alberto/install/local_setup.ps1'
[0.523s] INFO:colcon.colcon_core.shell:Creating prefix util module '/home/alberto/Documents/sub_alberto/install/_local_setup_util_ps1.py'
[0.525s] INFO:colcon.colcon_core.shell:Creating prefix chain script '/home/alberto/Documents/sub_alberto/install/setup.ps1'
[0.526s] INFO:colcon.colcon_core.shell:Creating prefix script '/home/alberto/Documents/sub_alberto/install/local_setup.sh'
[0.527s] INFO:colcon.colcon_core.shell:Creating prefix util module '/home/alberto/Documents/sub_alberto/install/_local_setup_util_sh.py'
[0.527s] INFO:colcon.colcon_core.shell:Creating prefix chain script '/home/alberto/Documents/sub_alberto/install/setup.sh'
[0.531s] INFO:colcon.colcon_core.shell:Creating prefix script '/home/alberto/Documents/sub_alberto/install/local_setup.bash'
[0.532s] INFO:colcon.colcon_core.shell:Creating prefix chain script '/home/alberto/Documents/sub_alberto/install/setup.bash'
[0.533s] INFO:colcon.colcon_core.shell:Creating prefix script '/home/alberto/Documents/sub_alberto/install/local_setup.zsh'
[0.534s] INFO:colcon.colcon_core.shell:Creating prefix chain script '/home/alberto/Documents/sub_alberto/install/setup.zsh'
