#
# Bunkspeed OBJ File
# http://www.bunkspeed.com
#
mtllib tagging.mtl

##########################
g Root|Tagging_(Predeterminado)|Predeterminado|Saliente-Extruir3|Saliente-Extruir3_-_Part
##########################
v 0.30243 0.4777863 0.005866635
v 0.303175 0.4774189 0.005499261
v 0.303175 1.103475 0.005499261
v 0.30635 0.4719196 8.280018E-17
v 0.30635 1.10665 -3.888253E-19
v 0.3062957 1.106596 0.0008288413
v 0.30635 0.4719196 8.280018E-17
v 0.3062957 1.106596 0.0008288413
v 0.3061336 0.4735631 0.001643501
v 0.3062957 1.106596 0.0008288413
v 0.3061336 1.106434 0.001643501
v 0.3061336 0.4735631 0.001643501
v 0.3058666 1.106167 0.00243004
v 0.3054993 0.4750946 0.003175
v 0.303175 1.103475 0.005499261
v 0.303175 0.4774189 0.005499261
v 0.3044901 1.10479 0.004490128
v 0.3058666 1.106167 0.00243004
v 0.3054993 1.105799 0.003175
v 0.3054993 0.4750946 0.003175
v 0.3050378 1.105338 0.003865635
v 0.3044901 0.4764098 0.004490128
v 0.3044901 1.10479 0.004490128
v 0.3038656 0.4769574 0.005037794
v 0.303175 0.4774189 0.005499261
v 0.30243 0.4777863 0.005866635
v 0.303175 1.103475 0.005499261
v 0.3016435 0.4780533 0.006133629
v 0.3016435 1.101943 0.006133629
v 0.3008288 0.4782153 0.006295675
v 0.3 0.5003 0.00635
v 0.3 0.4782696 0.00635
v 0.3 0.4782696 0.00635
v 0.3 0.5003 0.00635
v 0.2991711 0.4782153 0.006295675
v 0.2983565 0.4986565 0.006133629
v 0.2983565 0.4780533 0.006133629
v 0.2983565 0.4780533 0.006133629
v 0.2983565 0.4986565 0.006133629
v 0.29757 0.4777863 0.005866635
v 0.296825 0.497125 0.005499261
v 0.296825 0.4774189 0.005499261
v 0.296825 0.4774189 0.005499261
v 0.296825 0.497125 0.005499261
v 0.2961344 0.4769574 0.005037794
v 0.2955099 0.4958099 0.004490128
v 0.2955099 0.4764098 0.004490128
v 0.2949622 0.4952622 0.003865635
v 0.2945007 0.4750946 0.003175
v 0.2949622 0.4952622 0.003865635
v 0.2945007 0.4948007 0.003175
v 0.2945007 0.4750946 0.003175
v 0.2941334 0.4944334 0.00243004
v 0.2938664 0.4735631 0.001643501
v 0.2941334 0.4944334 0.00243004
v 0.2938664 0.4941664 0.001643501
v 0.2938664 0.4735631 0.001643501
v 0.2937043 0.4940043 0.0008288413
v 0.29365 0.4719196 1.166476E-18
v 0.296825 0.0002999902 0.005499261
v 0.2983565 0.0002999902 0.006133629
v 0.2983565 0.465786 0.006133629
v 0.2961344 0.4668818 0.005037794
v 0.2955099 0.0002999902 0.004490128
v 0.296825 0.4664204 0.005499261
v 0.296825 0.0002999902 0.005499261
v 0.29757 0.466053 0.005866635
v 0.2983565 0.465786 0.006133629
v 0.3 0.0002999902 0.00635
v 0.3016435 0.0002999902 0.006133629
v 0.3016435 0.465786 0.006133629
v 0.3016435 0.465786 0.006133629
v 0.3008288 0.465624 0.006295675
v 0.3 0.0002999902 0.00635
v 0.3 0.4655696 0.00635
v 0.2983565 0.0002999902 0.006133629
v 0.2991711 0.465624 0.006295675
v 0.2983565 0.465786 0.006133629
v 0.3044901 0.4674295 0.004490128
v 0.3038656 0.4668818 0.005037794
v 0.303175 0.0002999902 0.005499261
v 0.303175 0.4664204 0.005499261
v 0.3016435 0.0002999902 0.006133629
v 0.30243 0.466053 0.005866635
v 0.3016435 0.465786 0.006133629
v 0.303175 0.0002999902 0.005499261
v 0.3044901 0.0002999902 0.004490128
v 0.3044901 0.4674295 0.004490128
v 0.3054993 0.0002999902 0.003175
v 0.3054993 0.4687446 0.003175
v 0.3061336 0.0002999902 0.001643501
v 0.3061336 0.4702761 0.001643501
v 0.30635 0.0002999902 -1.798809E-18
v 0.30635 0.4719196 8.280018E-17
v 0.3061336 0.0002999902 -0.001643501
v 0.3054993 0.0002999902 -0.003175
v 0.3058666 1.106167 -0.00243004
v 0.3061336 0.0002999902 -0.001643501
v 0.3061336 1.106434 -0.001643501
v 0.30635 0.4719196 8.280018E-17
v 0.3062957 1.106596 -0.0008288413
v 0.30635 1.10665 -3.888253E-19
v 0.3044901 1.10479 -0.004490128
v 0.3050378 1.105338 -0.003865635
v 0.3054993 0.0002999902 -0.003175
v 0.3054993 1.105799 -0.003175
v 0.3058666 1.106167 -0.00243004
v 0.2955099 0.5047901 -0.004490128
v 0.296825 1.097125 -0.005499261
v 0.296825 0.503475 -0.005499261
v 0.2983565 1.098657 -0.006133629
v 0.2983565 0.5019435 -0.006133629
v 0.3 1.1003 -0.00635
v 0.3 0.5003 -0.00635
v 0.3016435 1.101943 -0.006133629
v 0.3016435 0.0002999902 -0.006133629
v 0.303175 1.103475 -0.005499261
v 0.303175 0.0002999902 -0.005499261
v 0.3044901 1.10479 -0.004490128
v 0.3044901 0.0002999902 -0.004490128
v 0.3054993 0.0002999902 -0.003175
v 0.2945007 1.094801 -0.003175
v 0.2949622 1.095262 -0.003865635
v 0.2955099 0.5047901 -0.004490128
v 0.2955099 1.09581 -0.004490128
v 0.296825 1.097125 -0.005499261
v 0.2955099 0.5047901 -0.004490128
v 0.2949622 0.5053378 -0.003865635
v 0.2945007 1.094801 -0.003175
v 0.2945007 0.5057993 -0.003175
v 0.2941334 1.094433 -0.00243004
v 0.2938664 1.094166 -0.001643501
v 0.2945007 0.5057993 -0.003175
v 0.2941334 0.5061666 -0.00243004
v 0.2938664 1.094166 -0.001643501
v 0.2938664 0.5064336 -0.001643501
v 0.2937043 1.094004 -0.0008288413
v 0.29365 1.09395 6.806409E-18
v 0.2938664 0.5064336 -0.001643501
v 0.2937043 0.5065957 -0.0008288413
v 0.29365 1.09395 6.806409E-18
v 0.29365 0.50665 6.806409E-18
v 0.2937043 1.094004 0.0008288413
v 0.2938664 1.094166 0.001643501
v 0.29365 0.50665 6.806409E-18
v 0.2937043 0.5065957 0.0008288413
v 0.2938664 1.094166 0.001643501
v 0.2938664 0.5064336 0.001643501
v 0.2941334 1.094433 0.00243004
v 0.2945007 1.094801 0.003175
v 0.2945007 0.5057993 0.003175
v 0.2949622 0.5053378 0.003865635
v 0.2955099 1.09581 0.004490128
v 0.2938664 0.5064336 0.001643501
v 0.2941334 0.5061666 0.00243004
v 0.2945007 1.094801 0.003175
v 0.2945007 0.5057993 0.003175
v 0.2949622 1.095262 0.003865635
v 0.2955099 1.09581 0.004490128
v 0.3016435 1.101943 0.006133629
v 0.3 1.1003 0.00635
v 0.3 0.5003 0.00635
v 0.2983565 1.098657 0.006133629
v 0.2983565 0.5019435 0.006133629
v 0.296825 1.097125 0.005499261
v 0.296825 0.503475 0.005499261
v 0.2955099 1.09581 0.004490128
v 0.2955099 0.5047901 0.004490128
v 0.2949622 0.5053378 0.003865635
v 0.3016435 0.0002999902 -0.006133629
v 0.3 0.0002999902 -0.00635
v 0.3 0.5003 -0.00635
v 0.2983565 0.0002999902 -0.006133629
v 0.2983565 0.4986565 -0.006133629
v 0.296825 0.0002999902 -0.005499261
v 0.296825 0.497125 -0.005499261
v 0.2955099 0.0002999902 -0.004490128
v 0.2955099 0.4958099 -0.004490128
v 0.2945007 0.0002999902 -0.003175
v 0.2945007 0.4948007 -0.003175
v 0.2955099 0.0002999902 -0.004490128
v 0.2949622 0.4952622 -0.003865635
v 0.2955099 0.4958099 -0.004490128
v 0.2937043 0.4940043 0.0008288413
v 0.29365 0.49395 6.806409E-18
v 0.29365 0.4719196 1.166476E-18
v 0.2937043 0.4940043 -0.0008288413
v 0.2938664 0.0002999902 -0.001643501
v 0.2938664 0.4941664 -0.001643501
v 0.2945007 0.0002999902 -0.003175
v 0.2941334 0.4944334 -0.00243004
v 0.2945007 0.4948007 -0.003175
v 0.2961344 0.4668818 0.005037794
v 0.2955099 0.4674295 0.004490128
v 0.2955099 0.0002999902 0.004490128
v 0.2945007 0.4687446 0.003175
v 0.2945007 0.0002999902 0.003175
v 0.2938664 0.4702761 0.001643501
v 0.2938664 0.0002999902 0.001643501
v 0.29365 0.4719196 1.166476E-18
v 0.29365 0.0002999902 6.806409E-18
v 0.2938664 0.0002999902 -0.001643501
v -0.303175 0.0002999902 0.005499261
v -0.3016435 0.0002999902 0.006133629
v -0.3016435 0.465786 0.006133629
v -0.3038656 0.4668818 0.005037794
v -0.3044901 0.0002999902 0.004490128
v -0.303175 0.4664204 0.005499261
v -0.303175 0.0002999902 0.005499261
v -0.30243 0.466053 0.005866635
v -0.3016435 0.465786 0.006133629
v -0.3 0.0002999902 0.00635
v -0.2983565 0.0002999902 0.006133629
v -0.2983565 0.465786 0.006133629
v -0.2983565 0.465786 0.006133629
v -0.2991711 0.465624 0.006295675
v -0.3 0.0002999902 0.00635
v -0.3 0.4655696 0.00635
v -0.3016435 0.0002999902 0.006133629
v -0.3008288 0.465624 0.006295675
v -0.3016435 0.465786 0.006133629
v -0.2955099 0.4674295 0.004490128
v -0.2961344 0.4668818 0.005037794
v -0.296825 0.0002999902 0.005499261
v -0.296825 0.4664204 0.005499261
v -0.2983565 0.0002999902 0.006133629
v -0.29757 0.466053 0.005866635
v -0.2983565 0.465786 0.006133629
v -0.2945007 0.4750946 0.003175
v -0.2938664 0.4735631 0.001643501
v -0.2938664 0.4941664 0.001643501
v -0.2938664 0.4941664 0.001643501
v -0.2941334 0.4944334 0.00243004
v -0.2945007 0.4750946 0.003175
v -0.2945007 0.4948007 0.003175
v -0.2955099 0.4764098 0.004490128
v -0.2949622 0.4952622 0.003865635
v -0.2955099 0.4958099 0.004490128
v -0.296825 0.497125 0.005499261
v -0.2983565 0.4986565 0.006133629
v -0.2983565 0.4780533 0.006133629
v -0.2983565 0.4780533 0.006133629
v -0.29757 0.4777863 0.005866635
v -0.296825 0.497125 0.005499261
v -0.296825 0.4774189 0.005499261
v -0.2955099 0.4958099 0.004490128
v -0.2961344 0.4769574 0.005037794
v -0.2955099 0.4764098 0.004490128
v -0.3016435 0.4780533 0.006133629
v -0.3008288 0.4782153 0.006295675
v -0.3 0.5003 0.00635
v -0.3 0.4782696 0.00635
v -0.2983565 0.4986565 0.006133629
v -0.2991711 0.4782153 0.006295675
v -0.2983565 0.4780533 0.006133629
v -0.30243 0.4777863 0.005866635
v -0.3016435 1.101943 0.006133629
v -0.303175 0.4774189 0.005499261
v -0.303175 1.103475 0.005499261
v -0.3038656 0.4769574 0.005037794
v -0.3038656 0.4769574 0.005037794
v -0.303175 1.103475 0.005499261
v -0.3044901 0.4764098 0.004490128
v -0.3044901 1.10479 0.004490128
v -0.3054993 0.4750946 0.003175
v -0.3044901 1.10479 0.004490128
v -0.3050378 1.105338 0.003865635
v -0.3054993 0.4750946 0.003175
v -0.3054993 1.105799 0.003175
v -0.3061336 0.4735631 0.001643501
v -0.3054993 1.105799 0.003175
v -0.3058666 1.106167 0.00243004
v -0.3061336 0.4735631 0.001643501
v -0.3061336 1.106434 0.001643501
v -0.30635 0.4719196 -1.166476E-18
v -0.3062957 1.106596 0.0008288413
v -0.30635 1.10665 -1.166476E-18
v -0.2955099 0.5047901 0.004490128
v -0.296825 1.097125 0.005499261
v -0.296825 0.503475 0.005499261
v -0.2983565 1.098657 0.006133629
v -0.2983565 0.5019435 0.006133629
v -0.3 1.1003 0.00635
v -0.3 0.5003 0.00635
v -0.3016435 1.101943 0.006133629
v -0.3016435 0.4780533 0.006133629
v -0.30243 0.4777863 0.005866635
v -0.2945007 1.094801 0.003175
v -0.2949622 1.095262 0.003865635
v -0.2955099 0.5047901 0.004490128
v -0.2955099 1.09581 0.004490128
v -0.296825 1.097125 0.005499261
v -0.2955099 0.5047901 0.004490128
v -0.2949622 0.5053378 0.003865635
v -0.2945007 1.094801 0.003175
v -0.2945007 0.5057993 0.003175
v -0.2941334 1.094433 0.00243004
v -0.2938664 1.094166 0.001643501
v -0.2945007 0.5057993 0.003175
v -0.2941334 0.5061666 0.00243004
v -0.2938664 1.094166 0.001643501
v -0.2938664 0.5064336 0.001643501
v -0.2937043 1.094004 0.0008288413
v -0.29365 1.09395 3.208792E-18
v -0.2938664 0.5064336 0.001643501
v -0.2937043 0.5065957 0.0008288413
v -0.29365 1.09395 3.208792E-18
v -0.29365 0.50665 3.888253E-19
v -0.2937043 1.094004 -0.0008288413
v -0.2938664 1.094166 -0.001643501
v -0.29365 0.50665 3.888253E-19
v -0.2937043 0.5065957 -0.0008288413
v -0.2938664 1.094166 -0.001643501
v -0.2938664 0.5064336 -0.001643501
v -0.2941334 1.094433 -0.00243004
v -0.2941334 1.094433 -0.00243004
v -0.2938664 0.5064336 -0.001643501
v -0.2945007 1.094801 -0.003175
v -0.2941334 0.5061666 -0.00243004
v -0.2945007 0.5057993 -0.003175
v -0.2949622 0.5053378 -0.003865635
v -0.2955099 1.09581 -0.004490128
v -0.2945007 0.5057993 -0.003175
v -0.2949622 1.095262 -0.003865635
v -0.2945007 1.094801 -0.003175
v -0.2949622 0.5053378 -0.003865635
v -0.2955099 0.5047901 -0.004490128
v -0.2955099 1.09581 -0.004490128
v -0.296825 0.503475 -0.005499261
v -0.296825 1.097125 -0.005499261
v -0.2983565 0.5019435 -0.006133629
v -0.2983565 1.098657 -0.006133629
v -0.3 0.5003 -0.00635
v -0.3 1.1003 -0.00635
v -0.3016435 1.101943 -0.006133629
v -0.3044901 0.0002999902 -0.004490128
v -0.3054993 0.0002999902 -0.003175
v -0.3050378 1.105338 -0.003865635
v -0.3038656 0.4668818 0.005037794
v -0.3044901 0.4674295 0.004490128
v -0.3044901 0.0002999902 0.004490128
v -0.3054993 0.4687446 0.003175
v -0.3054993 0.0002999902 0.003175
v -0.3061336 0.4702761 0.001643501
v -0.3061336 0.0002999902 0.001643501
v -0.30635 0.4719196 -1.166476E-18
v -0.30635 0.0002999902 -6.806409E-18
v -0.3061336 0.0002999902 -0.001643501
v -0.30635 1.10665 -1.166476E-18
v -0.3062957 1.106596 -0.0008288413
v -0.30635 0.4719196 -1.166476E-18
v -0.3061336 1.106434 -0.001643501
v -0.3061336 0.0002999902 -0.001643501
v -0.3058666 1.106167 -0.00243004
v -0.3054993 0.0002999902 -0.003175
v -0.3054993 1.105799 -0.003175
v -0.3050378 1.105338 -0.003865635
v -0.2938664 0.4941664 -0.001643501
v -0.2937043 0.4940043 -0.0008288413
v -0.29365 0.4719196 3.888253E-19
v -0.29365 0.49395 -5.251108E-18
v -0.2938664 0.4735631 0.001643501
v -0.2937043 0.4940043 0.0008288413
v -0.2938664 0.4941664 0.001643501
v -0.296825 0.0002999902 0.005499261
v -0.2955099 0.0002999902 0.004490128
v -0.2955099 0.4674295 0.004490128
v -0.2945007 0.0002999902 0.003175
v -0.2945007 0.4687446 0.003175
v -0.2938664 0.0002999902 0.001643501
v -0.2938664 0.4702761 0.001643501
v -0.29365 0.0002999902 1.798809E-18
v -0.29365 0.4719196 3.888253E-19
v -0.2938664 0.0002999902 -0.001643501
v -0.2938664 0.4941664 -0.001643501
v -0.2955099 0.4958099 -0.004490128
v -0.2949622 0.4952622 -0.003865635
v -0.2945007 0.0002999902 -0.003175
v -0.2945007 0.4948007 -0.003175
v -0.2938664 0.0002999902 -0.001643501
v -0.2941334 0.4944334 -0.00243004
v -0.2938664 0.4941664 -0.001643501
v -0.3050378 1.105338 -0.003865635
v -0.3044901 1.10479 -0.004490128
v -0.3044901 0.0002999902 -0.004490128
v -0.303175 1.103475 -0.005499261
v -0.303175 0.0002999902 -0.005499261
v -0.3016435 1.101943 -0.006133629
v -0.3016435 0.0002999902 -0.006133629
v -0.3 0.5003 -0.00635
v -0.3 0.0002999902 -0.00635
v -0.2983565 0.4986565 -0.006133629
v -0.2983565 0.0002999902 -0.006133629
v -0.296825 0.497125 -0.005499261
v -0.296825 0.0002999902 -0.005499261
v -0.2955099 0.4958099 -0.004490128
v -0.2955099 0.0002999902 -0.004490128
v -0.2945007 0.0002999902 -0.003175
v -0.2945007 0.5057993 0.003175
v -0.2949622 0.5053378 0.003865635
v 0.2955099 0.5047901 0.004490128
v 0.2955099 0.5047901 0.004490128
v 0.2949622 0.5053378 0.003865635
v -0.2945007 0.5057993 0.003175
v 0.2945007 0.5057993 0.003175
v -0.2941334 0.5061666 0.00243004
v -0.2938664 0.5064336 0.001643501
v 0.2945007 0.5057993 0.003175
v 0.2941334 0.5061666 0.00243004
v -0.2938664 0.5064336 0.001643501
v 0.2938664 0.5064336 0.001643501
v -0.2937043 0.5065957 0.0008288413
v -0.29365 0.50665 7.135656E-19
v 0.2938664 0.5064336 0.001643501
v 0.2937043 0.5065957 0.0008288413
v -0.29365 0.50665 7.135656E-19
v 0.29365 0.50665 7.763482E-18
v -0.2937043 0.5065957 -0.0008288413
v -0.2938664 0.5064336 -0.001643501
v 0.29365 0.50665 7.763482E-18
v 0.2937043 0.5065957 -0.0008288413
v -0.2938664 0.5064336 -0.001643501
v 0.2938664 0.5064336 -0.001643501
v -0.2941334 0.5061666 -0.00243004
v -0.2945007 0.5057993 -0.003175
v 0.2945007 0.5057993 -0.003175
v 0.2949622 0.5053378 -0.003865635
v -0.2955099 0.5047901 -0.004490128
v 0.2938664 0.5064336 -0.001643501
v 0.2941334 0.5061666 -0.00243004
v -0.2945007 0.5057993 -0.003175
v 0.2945007 0.5057993 -0.003175
v -0.2949622 0.5053378 -0.003865635
v -0.2955099 0.5047901 -0.004490128
v 0.2955099 0.4958099 -0.004490128
v -0.296825 0.497125 -0.005499261
v 0.296825 0.497125 -0.005499261
v -0.2983565 0.4986565 -0.006133629
v 0.2983565 0.4986565 -0.006133629
v -0.3 0.5003 -0.00635
v 0.3 0.5003 -0.00635
v -0.2983565 0.5019435 -0.006133629
v 0.2983565 0.5019435 -0.006133629
v -0.296825 0.503475 -0.005499261
v 0.296825 0.503475 -0.005499261
v -0.2955099 0.5047901 -0.004490128
v 0.2955099 0.5047901 -0.004490128
v 0.2949622 0.5053378 -0.003865635
v -0.2945007 0.4948007 -0.003175
v -0.2949622 0.4952622 -0.003865635
v 0.2955099 0.4958099 -0.004490128
v -0.2955099 0.4958099 -0.004490128
v -0.296825 0.497125 -0.005499261
v 0.2955099 0.4958099 -0.004490128
v 0.2949622 0.4952622 -0.003865635
v -0.2945007 0.4948007 -0.003175
v 0.2945007 0.4948007 -0.003175
v -0.2941334 0.4944334 -0.00243004
v -0.2938664 0.4941664 -0.001643501
v 0.2945007 0.4948007 -0.003175
v 0.2941334 0.4944334 -0.00243004
v -0.2938664 0.4941664 -0.001643501
v 0.2938664 0.4941664 -0.001643501
v -0.2937043 0.4940043 -0.0008288413
v -0.29365 0.49395 -5.071685E-18
v 0.2938664 0.4941664 -0.001643501
v 0.2937043 0.4940043 -0.0008288413
v -0.29365 0.49395 -5.071685E-18
v 0.29365 0.49395 6.20818E-18
v -0.2937043 0.4940043 0.0008288413
v -0.2938664 0.4941664 0.001643501
v 0.29365 0.49395 6.20818E-18
v 0.2937043 0.4940043 0.0008288413
v -0.2938664 0.4941664 0.001643501
v 0.2938664 0.4941664 0.001643501
v -0.2941334 0.4944334 0.00243004
v -0.2945007 0.4948007 0.003175
v 0.2945007 0.4948007 0.003175
v 0.2949622 0.4952622 0.003865635
v -0.2955099 0.4958099 0.004490128
v 0.2938664 0.4941664 0.001643501
v 0.2941334 0.4944334 0.00243004
v -0.2945007 0.4948007 0.003175
v 0.2945007 0.4948007 0.003175
v -0.2949622 0.4952622 0.003865635
v -0.2955099 0.4958099 0.004490128
v -0.2949622 0.5053378 0.003865635
v -0.2955099 0.5047901 0.004490128
v 0.2955099 0.5047901 0.004490128
v -0.296825 0.503475 0.005499261
v 0.296825 0.503475 0.005499261
v -0.2983565 0.5019435 0.006133629
v 0.2983565 0.5019435 0.006133629
v -0.3 0.5003 0.00635
v 0.3 0.5003 0.00635
v -0.2983565 0.4986565 0.006133629
v 0.2983565 0.4986565 0.006133629
v -0.296825 0.497125 0.005499261
v 0.296825 0.497125 0.005499261
v -0.2955099 0.4958099 0.004490128
v 0.2955099 0.4958099 0.004490128
v 0.2949622 0.4952622 0.003865635
v -0.2941334 1.094433 -0.00243004
v -0.2945007 1.094801 -0.003175
v 0.2945007 1.094801 -0.003175
v -0.2937043 1.094004 -0.0008288413
v -0.2938664 1.094166 -0.001643501
v 0.2938664 1.094166 -0.001643501
v 0.3062957 1.106596 0.0008288413
v -0.30635 1.10665 0
v -0.3062957 1.106596 0.0008288413
v 0.3062957 1.106596 0.0008288413
v -0.3062957 1.106596 0.0008288413
v 0.3061336 1.106434 0.001643501
v -0.3062957 1.106596 0.0008288413
v -0.3061336 1.106434 0.001643501
v 0.3061336 1.106434 0.001643501
v -0.3058666 1.106167 0.00243004
v 0.3058666 1.106167 0.00243004
v -0.3054993 1.105799 0.003175
v 0.3054993 1.105799 0.003175
v -0.3050378 1.105338 0.003865635
v 0.3050378 1.105338 0.003865635
v 0.3044901 1.10479 0.004490128
v 0.2949622 1.095262 0.003865635
v 0.2955099 1.09581 0.004490128
v -0.2955099 1.09581 0.004490128
v 0.296825 1.097125 0.005499261
v -0.296825 1.097125 0.005499261
v 0.2983565 1.098657 0.006133629
v -0.2983565 1.098657 0.006133629
v 0.3 1.1003 0.00635
v -0.3 1.1003 0.00635
v 0.3016435 1.101943 0.006133629
v -0.3016435 1.101943 0.006133629
v 0.303175 1.103475 0.005499261
v -0.303175 1.103475 0.005499261
v 0.3044901 1.10479 0.004490128
v -0.3044901 1.10479 0.004490128
v -0.3050378 1.105338 0.003865635
v 0.2949622 1.095262 0.003865635
v -0.2955099 1.09581 0.004490128
v 0.2945007 1.094801 0.003175
v -0.2949622 1.095262 0.003865635
v -0.2945007 1.094801 0.003175
v -0.2941334 1.094433 0.00243004
v -0.2938664 1.094166 0.001643501
v 0.2938664 1.094166 0.001643501
v -0.2941334 1.094433 0.00243004
v 0.2938664 1.094166 0.001643501
v -0.2945007 1.094801 0.003175
v 0.2941334 1.094433 0.00243004
v 0.2945007 1.094801 0.003175
v -0.2937043 1.094004 0.0008288413
v -0.29365 1.09395 3.597617E-18
v 0.29365 1.09395 3.597617E-18
v -0.2937043 1.094004 0.0008288413
v 0.29365 1.09395 3.597617E-18
v -0.2938664 1.094166 0.001643501
v 0.2937043 1.094004 0.0008288413
v 0.2938664 1.094166 0.001643501
v -0.2937043 1.094004 -0.0008288413
v 0.2938664 1.094166 -0.001643501
v -0.29365 1.09395 3.597617E-18
v 0.2937043 1.094004 -0.0008288413
v 0.29365 1.09395 3.597617E-18
v -0.2941334 1.094433 -0.00243004
v 0.2945007 1.094801 -0.003175
v -0.2938664 1.094166 -0.001643501
v 0.2941334 1.094433 -0.00243004
v 0.2938664 1.094166 -0.001643501
v -0.2949622 1.095262 -0.003865635
v 0.2955099 1.09581 -0.004490128
v -0.2945007 1.094801 -0.003175
v 0.2949622 1.095262 -0.003865635
v 0.2945007 1.094801 -0.003175
v -0.2949622 1.095262 -0.003865635
v -0.2955099 1.09581 -0.004490128
v 0.2955099 1.09581 -0.004490128
v -0.296825 1.097125 -0.005499261
v 0.296825 1.097125 -0.005499261
v -0.2983565 1.098657 -0.006133629
v 0.2983565 1.098657 -0.006133629
v -0.3 1.1003 -0.00635
v 0.3 1.1003 -0.00635
v -0.3016435 1.101943 -0.006133629
v 0.3016435 1.101943 -0.006133629
v -0.303175 1.103475 -0.005499261
v 0.303175 1.103475 -0.005499261
v -0.3044901 1.10479 -0.004490128
v 0.3044901 1.10479 -0.004490128
v 0.3044901 1.10479 -0.004490128
v -0.3044901 1.10479 -0.004490128
v 0.3050378 1.105338 -0.003865635
v -0.3050378 1.105338 -0.003865635
v 0.3054993 1.105799 -0.003175
v -0.3054993 1.105799 -0.003175
v 0.3058666 1.106167 -0.00243004
v -0.3058666 1.106167 -0.00243004
v 0.3061336 1.106434 -0.001643501
v 0.3062957 1.106596 0.0008288413
v 0.30635 1.10665 0
v -0.30635 1.10665 0
v 0.3062957 1.106596 -0.0008288413
v -0.3062957 1.106596 -0.0008288413
v 0.3061336 1.106434 -0.001643501
v -0.3061336 1.106434 -0.001643501
v -0.3058666 1.106167 -0.00243004
v 0.3054993 0.0002999902 -0.003175
v 0.3061336 0.0002999902 -0.001643501
v 0.3 0.0002999902 8.673617E-19
v 0.30635 0.0002999902 -1.944127E-18
v 0.3061336 0.0002999902 0.001643501
v 0.3016435 0.0002999902 -0.006133629
v 0.303175 0.0002999902 -0.005499261
v 0.3 0.0002999902 8.673617E-19
v 0.3044901 0.0002999902 -0.004490128
v 0.3054993 0.0002999902 -0.003175
v 0.296825 0.0002999902 -0.005499261
v 0.2983565 0.0002999902 -0.006133629
v 0.3 0.0002999902 8.673617E-19
v 0.3 0.0002999902 -0.00635
v 0.3016435 0.0002999902 -0.006133629
v 0.2938664 0.0002999902 -0.001643501
v 0.2945007 0.0002999902 -0.003175
v 0.3 0.0002999902 8.673617E-19
v 0.2955099 0.0002999902 -0.004490128
v 0.296825 0.0002999902 -0.005499261
v 0.2945007 0.0002999902 0.003175
v 0.2938664 0.0002999902 0.001643501
v 0.3 0.0002999902 8.673617E-19
v 0.29365 0.0002999902 6.806409E-18
v 0.2938664 0.0002999902 -0.001643501
v 0.2983565 0.0002999902 0.006133629
v 0.296825 0.0002999902 0.005499261
v 0.3 0.0002999902 8.673617E-19
v 0.2955099 0.0002999902 0.004490128
v 0.2945007 0.0002999902 0.003175
v 0.303175 0.0002999902 0.005499261
v 0.3016435 0.0002999902 0.006133629
v 0.3 0.0002999902 8.673617E-19
v 0.3 0.0002999902 0.00635
v 0.2983565 0.0002999902 0.006133629
v 0.3061336 0.0002999902 0.001643501
v 0.3054993 0.0002999902 0.003175
v 0.3 0.0002999902 8.673617E-19
v 0.3044901 0.0002999902 0.004490128
v 0.303175 0.0002999902 0.005499261
v -0.2945007 0.0002999902 -0.003175
v -0.2938664 0.0002999902 -0.001643501
v -0.3 0.0002999902 0
v -0.29365 0.0002999902 3.888253E-19
v -0.2938664 0.0002999902 0.001643501
v -0.2983565 0.0002999902 -0.006133629
v -0.296825 0.0002999902 -0.005499261
v -0.3 0.0002999902 0
v -0.2955099 0.0002999902 -0.004490128
v -0.2945007 0.0002999902 -0.003175
v -0.303175 0.0002999902 -0.005499261
v -0.3016435 0.0002999902 -0.006133629
v -0.3 0.0002999902 0
v -0.3 0.0002999902 -0.00635
v -0.2983565 0.0002999902 -0.006133629
v -0.3061336 0.0002999902 -0.001643501
v -0.3054993 0.0002999902 -0.003175
v -0.3 0.0002999902 0
v -0.3044901 0.0002999902 -0.004490128
v -0.303175 0.0002999902 -0.005499261
v -0.3054993 0.0002999902 0.003175
v -0.3061336 0.0002999902 0.001643501
v -0.3 0.0002999902 0
v -0.30635 0.0002999902 -6.806409E-18
v -0.3061336 0.0002999902 -0.001643501
v -0.3016435 0.0002999902 0.006133629
v -0.303175 0.0002999902 0.005499261
v -0.3 0.0002999902 0
v -0.3044901 0.0002999902 0.004490128
v -0.3054993 0.0002999902 0.003175
v -0.296825 0.0002999902 0.005499261
v -0.2983565 0.0002999902 0.006133629
v -0.3 0.0002999902 0
v -0.3 0.0002999902 0.00635
v -0.3016435 0.0002999902 0.006133629
v -0.2938664 0.0002999902 0.001643501
v -0.2945007 0.0002999902 0.003175
v -0.3 0.0002999902 0
v -0.2955099 0.0002999902 0.004490128
v -0.296825 0.0002999902 0.005499261
v -0.303175 0.4774189 0.4
v -0.3016435 0.4780533 0.4
v -0.3016435 0.4780533 0.006133629
v -0.3038656 0.4769574 0.005037794
v -0.3044901 0.4764098 0.4
v -0.303175 0.4774189 0.005499261
v -0.303175 0.4774189 0.4
v -0.30243 0.4777863 0.005866635
v -0.3016435 0.4780533 0.006133629
v -0.3 0.4782696 0.4
v -0.2983565 0.4780533 0.4
v -0.2983565 0.4780533 0.006133629
v -0.2983565 0.4780533 0.006133629
v -0.2991711 0.4782153 0.006295675
v -0.3 0.4782696 0.4
v -0.3 0.4782696 0.00635
v -0.3016435 0.4780533 0.4
v -0.3008288 0.4782153 0.006295675
v -0.3016435 0.4780533 0.006133629
v -0.2955099 0.4764098 0.004490128
v -0.2961344 0.4769574 0.005037794
v -0.296825 0.4774189 0.4
v -0.296825 0.4774189 0.005499261
v -0.2983565 0.4780533 0.4
v -0.29757 0.4777863 0.005866635
v -0.2983565 0.4780533 0.006133629
v -0.296825 0.4774189 0.4
v -0.2955099 0.4764098 0.4
v -0.2955099 0.4764098 0.004490128
v -0.2945007 0.4750946 0.4
v -0.2945007 0.4750946 0.003175
v -0.2938664 0.4735631 0.4
v -0.2938664 0.4735631 0.001643501
v -0.29365 0.4719196 0.4
v -0.29365 0.4719196 0
v -0.2938664 0.4702761 0.4
v -0.2938664 0.4702761 0.001643501
v -0.2945007 0.4687446 0.4
v -0.2945007 0.4687446 0.003175
v -0.2955099 0.4674295 0.4
v -0.2955099 0.4674295 0.004490128
v -0.296825 0.4664204 0.4
v -0.2983565 0.465786 0.4
v -0.2983565 0.465786 0.006133629
v -0.2983565 0.465786 0.006133629
v -0.29757 0.466053 0.005866635
v -0.296825 0.4664204 0.4
v -0.296825 0.4664204 0.005499261
v -0.2955099 0.4674295 0.4
v -0.2961344 0.4668818 0.005037794
v -0.2955099 0.4674295 0.004490128
v -0.3 0.4655696 0.4
v -0.3016435 0.465786 0.4
v -0.3016435 0.465786 0.006133629
v -0.3016435 0.465786 0.006133629
v -0.3008288 0.465624 0.006295675
v -0.3 0.4655696 0.4
v -0.3 0.4655696 0.00635
v -0.2983565 0.465786 0.4
v -0.2991711 0.465624 0.006295675
v -0.2983565 0.465786 0.006133629
v -0.3044901 0.4674295 0.004490128
v -0.3038656 0.4668818 0.005037794
v -0.303175 0.4664204 0.4
v -0.303175 0.4664204 0.005499261
v -0.3016435 0.465786 0.4
v -0.30243 0.466053 0.005866635
v -0.3016435 0.465786 0.006133629
v -0.3038656 0.4769574 0.005037794
v -0.3044901 0.4764098 0.004490128
v -0.3044901 0.4764098 0.4
v -0.3054993 0.4750946 0.003175
v -0.3054993 0.4750946 0.4
v -0.3061336 0.4735631 0.001643501
v -0.3061336 0.4735631 0.4
v -0.30635 0.4719196 0
v -0.30635 0.4719196 0.4
v -0.3061336 0.4702761 0.001643501
v -0.3061336 0.4702761 0.4
v -0.3054993 0.4687446 0.003175
v -0.3054993 0.4687446 0.4
v -0.3044901 0.4674295 0.004490128
v -0.3044901 0.4674295 0.4
v -0.303175 0.4664204 0.4
v -0.2945007 0.4687446 0.4
v -0.2938664 0.4702761 0.4
v -0.3 0.4719196 0.4
v -0.29365 0.4719196 0.4
v -0.2938664 0.4735631 0.4
v -0.2983565 0.465786 0.4
v -0.296825 0.4664204 0.4
v -0.3 0.4719196 0.4
v -0.2955099 0.4674295 0.4
v -0.2945007 0.4687446 0.4
v -0.303175 0.4664204 0.4
v -0.3016435 0.465786 0.4
v -0.3 0.4719196 0.4
v -0.3 0.4655696 0.4
v -0.2983565 0.465786 0.4
v -0.3061336 0.4702761 0.4
v -0.3054993 0.4687446 0.4
v -0.3 0.4719196 0.4
v -0.3044901 0.4674295 0.4
v -0.303175 0.4664204 0.4
v -0.3054993 0.4750946 0.4
v -0.3061336 0.4735631 0.4
v -0.3 0.4719196 0.4
v -0.30635 0.4719196 0.4
v -0.3061336 0.4702761 0.4
v -0.3016435 0.4780533 0.4
v -0.303175 0.4774189 0.4
v -0.3 0.4719196 0.4
v -0.3044901 0.4764098 0.4
v -0.3054993 0.4750946 0.4
v -0.296825 0.4774189 0.4
v -0.2983565 0.4780533 0.4
v -0.3 0.4719196 0.4
v -0.3 0.4782696 0.4
v -0.3016435 0.4780533 0.4
v -0.2938664 0.4735631 0.4
v -0.2945007 0.4750946 0.4
v -0.3 0.4719196 0.4
v -0.2955099 0.4764098 0.4
v -0.296825 0.4774189 0.4
v 0.303175 0.4664204 0.4
v 0.3016435 0.465786 0.4
v 0.3016435 0.465786 0.006133629
v 0.3038656 0.4668818 0.005037794
v 0.3044901 0.4674295 0.4
v 0.303175 0.4664204 0.005499261
v 0.303175 0.4664204 0.4
v 0.30243 0.466053 0.005866635
v 0.3016435 0.465786 0.006133629
v 0.3 0.4655696 0.4
v 0.2983565 0.465786 0.4
v 0.2983565 0.465786 0.006133629
v 0.2983565 0.465786 0.006133629
v 0.2991711 0.465624 0.006295675
v 0.3 0.4655696 0.4
v 0.3 0.4655696 0.00635
v 0.3016435 0.465786 0.4
v 0.3008288 0.465624 0.006295675
v 0.3016435 0.465786 0.006133629
v 0.2955099 0.4674295 0.004490128
v 0.2961344 0.4668818 0.005037794
v 0.296825 0.4664204 0.4
v 0.296825 0.4664204 0.005499261
v 0.2983565 0.465786 0.4
v 0.29757 0.466053 0.005866635
v 0.2983565 0.465786 0.006133629
v 0.296825 0.4664204 0.4
v 0.2955099 0.4674295 0.4
v 0.2955099 0.4674295 0.004490128
v 0.2945007 0.4687446 0.4
v 0.2945007 0.4687446 0.003175
v 0.2938664 0.4702761 0.4
v 0.2938664 0.4702761 0.001643501
v 0.29365 0.4719196 0.4
v 0.29365 0.4719196 5.551115E-17
v 0.2938664 0.4735631 0.4
v 0.2938664 0.4735631 0.001643501
v 0.2945007 0.4750946 0.4
v 0.2945007 0.4750946 0.003175
v 0.2955099 0.4764098 0.4
v 0.2955099 0.4764098 0.004490128
v 0.296825 0.4774189 0.4
v 0.2983565 0.4780533 0.4
v 0.2983565 0.4780533 0.006133629
v 0.2983565 0.4780533 0.006133629
v 0.29757 0.4777863 0.005866635
v 0.296825 0.4774189 0.4
v 0.296825 0.4774189 0.005499261
v 0.2955099 0.4764098 0.4
v 0.2961344 0.4769574 0.005037794
v 0.2955099 0.4764098 0.004490128
v 0.3 0.4782696 0.4
v 0.3016435 0.4780533 0.4
v 0.3016435 0.4780533 0.006133629
v 0.3016435 0.4780533 0.006133629
v 0.3008288 0.4782153 0.006295675
v 0.3 0.4782696 0.4
v 0.3 0.4782696 0.00635
v 0.2983565 0.4780533 0.4
v 0.2991711 0.4782153 0.006295675
v 0.2983565 0.4780533 0.006133629
v 0.3044901 0.4764098 0.004490128
v 0.3038656 0.4769574 0.005037794
v 0.303175 0.4774189 0.4
v 0.303175 0.4774189 0.005499261
v 0.3016435 0.4780533 0.4
v 0.30243 0.4777863 0.005866635
v 0.3016435 0.4780533 0.006133629
v 0.3038656 0.4668818 0.005037794
v 0.3044901 0.4674295 0.004490128
v 0.3044901 0.4674295 0.4
v 0.3054993 0.4687446 0.003175
v 0.3054993 0.4687446 0.4
v 0.3061336 0.4702761 0.001643501
v 0.3061336 0.4702761 0.4
v 0.30635 0.4719196 0
v 0.30635 0.4719196 0.4
v 0.3061336 0.4735631 0.001643501
v 0.3061336 0.4735631 0.4
v 0.3054993 0.4750946 0.003175
v 0.3054993 0.4750946 0.4
v 0.3044901 0.4764098 0.004490128
v 0.3044901 0.4764098 0.4
v 0.303175 0.4774189 0.4
v 0.2945007 0.4750946 0.4
v 0.2938664 0.4735631 0.4
v 0.3 0.4719196 0.4
v 0.29365 0.4719196 0.4
v 0.2938664 0.4702761 0.4
v 0.2983565 0.4780533 0.4
v 0.296825 0.4774189 0.4
v 0.3 0.4719196 0.4
v 0.2955099 0.4764098 0.4
v 0.2945007 0.4750946 0.4
v 0.303175 0.4774189 0.4
v 0.3016435 0.4780533 0.4
v 0.3 0.4719196 0.4
v 0.3 0.4782696 0.4
v 0.2983565 0.4780533 0.4
v 0.3061336 0.4735631 0.4
v 0.3054993 0.4750946 0.4
v 0.3 0.4719196 0.4
v 0.3044901 0.4764098 0.4
v 0.303175 0.4774189 0.4
v 0.3054993 0.4687446 0.4
v 0.3061336 0.4702761 0.4
v 0.3 0.4719196 0.4
v 0.30635 0.4719196 0.4
v 0.3061336 0.4735631 0.4
v 0.3016435 0.465786 0.4
v 0.303175 0.4664204 0.4
v 0.3 0.4719196 0.4
v 0.3044901 0.4674295 0.4
v 0.3054993 0.4687446 0.4
v 0.296825 0.4664204 0.4
v 0.2983565 0.465786 0.4
v 0.3 0.4719196 0.4
v 0.3 0.4655696 0.4
v 0.3016435 0.465786 0.4
v 0.2938664 0.4702761 0.4
v 0.2945007 0.4687446 0.4
v 0.3 0.4719196 0.4
v 0.2955099 0.4674295 0.4
v 0.296825 0.4664204 0.4
vt 0.6872236 -24.07634
vt 0.6544984 -24.0908
vt 0.6544984 0.5570769
vt 0.3926991 -24.30731
vt 0.3926991 0.6820765
vt 0.4254241 0.6799375
vt 0.3926991 -24.30731
vt 0.4254241 0.6799375
vt 0.458149 -24.2426
vt 0.4254241 0.6799375
vt 0.458149 0.6735582
vt 0.458149 -24.2426
vt 0.4908739 0.6630464
vt 0.5235989 -24.18231
vt 0.6544984 0.5570769
vt 0.6544984 -24.0908
vt 0.5890489 0.6088531
vt 0.4908739 0.6630464
vt 0.5235989 0.6485829
vt 0.5235989 -24.18231
vt 0.5563236 0.6304152
vt 0.5890489 -24.13053
vt 0.5890489 0.6088531
vt 0.6217734 -24.10897
vt 0.6544984 -24.0908
vt 0.6872236 -24.07634
vt 0.6544984 0.5570769
vt 0.7199488 -24.06583
vt 0.7199488 0.4967811
vt 0.7526732 -24.05945
vt 0.7853977 -23.18997
vt 0.7853977 -24.05731
vt 0.7853977 -24.05731
vt 0.7853977 -23.18997
vt 0.8181235 -24.05945
vt 0.8508479 -23.25467
vt 0.8508479 -24.06583
vt 0.8508479 -24.06583
vt 0.8508479 -23.25467
vt 0.8835729 -24.07634
vt 0.9162982 -23.31497
vt 0.9162982 -24.0908
vt 0.9162982 -24.0908
vt 0.9162982 -23.31497
vt 0.9490232 -24.10897
vt 0.9817477 -23.36675
vt 0.9817477 -24.13053
vt 1.014473 -23.38831
vt 1.047198 -24.18231
vt 1.014473 -23.38831
vt 1.047198 -23.40648
vt 1.047198 -24.18231
vt 1.079922 -23.42094
vt 1.112647 -24.2426
vt 1.079922 -23.42094
vt 1.112647 -23.43145
vt 1.112647 -24.2426
vt 1.145372 -23.43783
vt 1.178097 -24.30731
vt 0.9162982 -42.87501
vt 0.8508479 -42.87501
vt 0.8508479 -24.54879
vt 0.9490232 -24.50565
vt 0.9817477 -42.87501
vt 0.9162982 -24.52382
vt 0.9162982 -42.87501
vt 0.8835729 -24.53828
vt 0.8508479 -24.54879
vt 0.7853977 -42.87501
vt 0.7199488 -42.87501
vt 0.7199488 -24.54879
vt 0.7199488 -24.54879
vt 0.7526732 -24.55517
vt 0.7853977 -42.87501
vt 0.7853977 -24.55731
vt 0.8508479 -42.87501
vt 0.8181235 -24.55517
vt 0.8508479 -24.54879
vt 0.5890489 -24.48409
vt 0.6217734 -24.50565
vt 0.6544984 -42.87501
vt 0.6544984 -24.52382
vt 0.7199488 -42.87501
vt 0.6872236 -24.53828
vt 0.7199488 -24.54879
vt 0.6544984 -42.87501
vt 0.5890489 -42.87501
vt 0.5890489 -24.48409
vt 0.5235989 -42.87501
vt 0.5235989 -24.43231
vt 0.458149 -42.87501
vt 0.458149 -24.37201
vt 0.3926991 -42.87501
vt 0.3926991 -24.30731
vt 0.3272493 -42.87501
vt 0.2617993 -42.87501
vt 0.2945243 0.6630464
vt 0.3272493 -42.87501
vt 0.3272493 0.6735582
vt 0.3926991 -24.30731
vt 0.3599741 0.6799375
vt 0.3926991 0.6820765
vt 0.1963493 0.6088531
vt 0.2290746 0.6304152
vt 0.2617993 -42.87501
vt 0.2617993 0.6485829
vt 0.2945243 0.6630464
vt 1.374447 -23.01319
vt 1.439896 0.3070765
vt 1.439896 -23.06497
vt 1.505347 0.3673722
vt 1.505347 -23.12527
vt 4.693279E-07 0.4320772
vt 4.693279E-07 -23.18997
vt 0.06544946 0.4967811
vt 0.06544946 -42.87501
vt 0.1308998 0.5570769
vt 0.1308998 -42.87501
vt 0.1963493 0.6088531
vt 0.1963493 -42.87501
vt 0.2617993 -42.87501
vt 1.308997 0.2155704
vt 1.341722 0.2337381
vt 1.374447 -23.01319
vt 1.374447 0.2553002
vt 1.439896 0.3070765
vt 1.374447 -23.01319
vt 1.341722 -22.99163
vt 1.308997 0.2155704
vt 1.308997 -22.97346
vt 1.276272 0.2011069
vt 1.243547 0.1905951
vt 1.308997 -22.97346
vt 1.276272 -22.959
vt 1.243547 0.1905951
vt 1.243547 -22.94849
vt 1.210822 0.1842158
vt 1.178097 0.1820769
vt 1.243547 -22.94849
vt 1.210822 -22.94211
vt 1.178097 0.1820769
vt 1.178097 -22.93997
vt 1.145372 0.1842158
vt 1.112647 0.1905951
vt 1.178097 -22.93997
vt 1.145372 -22.94211
vt 1.112647 0.1905951
vt 1.112647 -22.94849
vt 1.079922 0.2011069
vt 1.047198 0.2155704
vt 1.047198 -22.97346
vt 1.014473 -22.99163
vt 0.9817477 0.2553002
vt 1.112647 -22.94849
vt 1.079922 -22.959
vt 1.047198 0.2155704
vt 1.047198 -22.97346
vt 1.014473 0.2337381
vt 0.9817477 0.2553002
vt 0.7199488 0.4967811
vt 0.7853977 0.4320772
vt 0.7853977 -23.18997
vt 0.8508479 0.3673722
vt 0.8508479 -23.12527
vt 0.9162982 0.3070765
vt 0.9162982 -23.06497
vt 0.9817477 0.2553002
vt 0.9817477 -23.01319
vt 1.014473 -22.99163
vt 0.06544946 -42.87501
vt 4.693279E-07 -42.87501
vt 4.693279E-07 -23.18997
vt 1.505347 -42.87501
vt 1.505347 -23.25467
vt 1.439896 -42.87501
vt 1.439896 -23.31497
vt 1.374447 -42.87501
vt 1.374447 -23.36675
vt 1.308997 -42.87501
vt 1.308997 -23.40648
vt 1.374447 -42.87501
vt 1.341722 -23.38831
vt 1.374447 -23.36675
vt 1.145372 -23.43783
vt 1.178097 -23.43997
vt 1.178097 -24.30731
vt 1.210822 -23.43783
vt 1.243547 -42.87501
vt 1.243547 -23.43145
vt 1.308997 -42.87501
vt 1.276272 -23.42094
vt 1.308997 -23.40648
vt 0.9490232 -24.50565
vt 0.9817477 -24.48409
vt 0.9817477 -42.87501
vt 1.047198 -24.43231
vt 1.047198 -42.87501
vt 1.112647 -24.37201
vt 1.112647 -42.87501
vt 1.178097 -24.30731
vt 1.178097 -42.87501
vt 1.243547 -42.87501
vt 1.439897 27.14876
vt 1.505347 27.14876
vt 1.505347 8.822536
vt 1.407171 8.779394
vt 1.374447 27.14876
vt 1.439897 8.797562
vt 1.439897 27.14876
vt 1.472622 8.812025
vt 1.505347 8.822536
vt 1.570796 27.14876
vt 0.06544969 27.14876
vt 0.06544969 8.822536
vt 0.06544969 8.822536
vt 0.03272527 8.828916
vt 1.570796 27.14876
vt 1.570796 8.831055
vt 1.505347 27.14876
vt 1.538071 8.828916
vt 1.505347 8.822536
vt 0.1963495 8.757832
vt 0.163625 8.779394
vt 0.1309 27.14876
vt 0.1309 8.797562
vt 0.06544969 27.14876
vt 0.09817477 8.812025
vt 0.06544969 8.822536
vt 0.2617994 8.456055
vt 0.3272493 8.51635
vt 0.3272493 7.705199
vt 0.3272493 7.705199
vt 0.2945243 7.694688
vt 0.2617994 8.456055
vt 0.2617994 7.680224
vt 0.1963495 8.404278
vt 0.2290747 7.662056
vt 0.1963495 7.640494
vt 0.1309 7.588718
vt 0.06544969 7.528422
vt 0.06544969 8.339574
vt 0.06544969 8.339574
vt 0.09817477 8.350084
vt 0.1309 7.588718
vt 0.1309 8.364549
vt 0.1963495 7.640494
vt 0.163625 8.382716
vt 0.1963495 8.404278
vt 1.505347 8.339574
vt 1.538071 8.333195
vt 1.570796 7.463718
vt 1.570796 8.331055
vt 0.06544969 7.528422
vt 0.03272527 8.333195
vt 0.06544969 8.339574
vt 1.472622 8.350084
vt 1.505347 -16.22303
vt 1.439897 8.364549
vt 1.439897 -16.28333
vt 1.407171 8.382716
vt 1.407171 8.382716
vt 1.439897 -16.28333
vt 1.374447 8.404278
vt 1.374447 -16.33511
vt 1.308997 8.456055
vt 1.374447 -16.33511
vt 1.341722 -16.35667
vt 1.308997 8.456055
vt 1.308997 -16.37484
vt 1.243547 8.51635
vt 1.308997 -16.37484
vt 1.276272 -16.3893
vt 1.243547 8.51635
vt 1.243547 -16.39981
vt 1.178097 8.581056
vt 1.210822 -16.40619
vt 1.178097 -16.40833
vt 0.1963495 7.286941
vt 0.1309 -16.03333
vt 0.1309 7.338717
vt 0.06544969 -16.09363
vt 0.06544969 7.399014
vt 1.570796 -16.15833
vt 1.570796 7.463718
vt 1.505347 -16.22303
vt 1.505347 8.339574
vt 1.472622 8.350084
vt 0.2617994 -15.94182
vt 0.2290747 -15.95999
vt 0.1963495 7.286941
vt 0.1963495 -15.98155
vt 0.1309 -16.03333
vt 0.1963495 7.286941
vt 0.2290747 7.265379
vt 0.2617994 -15.94182
vt 0.2617994 7.247211
vt 0.2945243 -15.92736
vt 0.3272493 -15.91685
vt 0.2617994 7.247211
vt 0.2945243 7.232748
vt 0.3272493 -15.91685
vt 0.3272493 7.222236
vt 0.3599741 -15.91047
vt 0.3926991 -15.90833
vt 0.3272493 7.222236
vt 0.3599741 7.215857
vt 0.3926991 -15.90833
vt 0.3926991 7.213718
vt 0.425424 -15.91047
vt 0.4581489 -15.91685
vt 0.3926991 7.213718
vt 0.425424 7.215857
vt 0.4581489 -15.91685
vt 0.4581489 7.222236
vt 0.4908738 -15.92736
vt 0.4908738 -15.92736
vt 0.4581489 7.222236
vt 0.5235988 -15.94182
vt 0.4908738 7.232748
vt 0.5235988 7.247211
vt 0.5563235 7.265379
vt 0.5890487 -15.98155
vt 0.5235988 7.247211
vt 0.5563235 -15.95999
vt 0.5235988 -15.94182
vt 0.5563235 7.265379
vt 0.5890487 7.286941
vt 0.5890487 -15.98155
vt 0.6544982 7.338717
vt 0.6544982 -16.03333
vt 0.7199485 7.399014
vt 0.7199485 -16.09363
vt 0.7853987 7.463718
vt 0.7853987 -16.15833
vt 0.8508476 -16.22303
vt 0.9817475 27.14876
vt 1.047197 27.14876
vt 1.014473 -16.35667
vt 1.407171 8.779394
vt 1.374447 8.757832
vt 1.374447 27.14876
vt 1.308997 8.706055
vt 1.308997 27.14876
vt 1.243547 8.64576
vt 1.243547 27.14876
vt 1.178097 8.581056
vt 1.178097 27.14876
vt 1.112647 27.14876
vt 1.178097 -16.40833
vt 1.145372 -16.40619
vt 1.178097 8.581056
vt 1.112647 -16.39981
vt 1.112647 27.14876
vt 1.079922 -16.3893
vt 1.047197 27.14876
vt 1.047197 -16.37484
vt 1.014473 -16.35667
vt 0.4581489 7.705199
vt 0.425424 7.711578
vt 0.3926991 8.581056
vt 0.3926991 7.713717
vt 0.3272493 8.51635
vt 0.3599741 7.711578
vt 0.3272493 7.705199
vt 0.1309 27.14876
vt 0.1963495 27.14876
vt 0.1963495 8.757832
vt 0.2617994 27.14876
vt 0.2617994 8.706055
vt 0.3272493 27.14876
vt 0.3272493 8.64576
vt 0.3926991 27.14876
vt 0.3926991 8.581056
vt 0.4581489 27.14876
vt 0.4581489 7.705199
vt 0.5890487 7.640494
vt 0.5563235 7.662056
vt 0.5235988 27.14876
vt 0.5235988 7.680224
vt 0.4581489 27.14876
vt 0.4908738 7.694688
vt 0.4581489 7.705199
vt 1.014473 -16.35667
vt 0.9817475 -16.33511
vt 0.9817475 27.14876
vt 0.9162979 -16.28333
vt 0.9162979 27.14876
vt 0.8508476 -16.22303
vt 0.8508476 27.14876
vt 0.7853987 7.463718
vt 0.7853987 27.14876
vt 0.7199485 7.528422
vt 0.7199485 27.14876
vt 0.6544982 7.588718
vt 0.6544982 27.14876
vt 0.5890487 7.640494
vt 0.5890487 27.14876
vt 0.5235988 27.14876
vt 0.2617994 -22.359
vt 0.2290747 -22.37717
vt 0.1963495 0.8697622
vt 0.1963495 0.8697622
vt 0.2290747 0.8482001
vt 0.2617994 -22.359
vt 0.2617994 0.8300324
vt 0.2945243 -22.34454
vt 0.3272493 -22.33403
vt 0.2617994 0.8300324
vt 0.2945243 0.8155689
vt 0.3272493 -22.33403
vt 0.3272493 0.8050571
vt 0.3599741 -22.32765
vt 0.3926991 -22.32551
vt 0.3272493 0.8050571
vt 0.3599741 0.7986778
vt 0.3926991 -22.32551
vt 0.3926991 0.7965388
vt 0.425424 -22.32765
vt 0.4581489 -22.33403
vt 0.3926991 0.7965388
vt 0.425424 0.7986778
vt 0.4581489 -22.33403
vt 0.4581489 0.8050571
vt 0.4908738 -22.34454
vt 0.5235988 -22.359
vt 0.5235988 0.8300324
vt 0.5563235 0.8482001
vt 0.5890487 -22.39873
vt 0.4581489 0.8050571
vt 0.4908738 0.8155689
vt 0.5235988 -22.359
vt 0.5235988 0.8300324
vt 0.5563235 -22.37717
vt 0.5890487 -22.39873
vt 0.9817475 0.8697622
vt 0.9162979 -22.45051
vt 0.9162979 0.9215384
vt 0.8508476 -22.5108
vt 0.8508476 0.9818342
vt 0.7853987 -22.57551
vt 0.7853987 1.046539
vt 0.7199485 -22.5108
vt 0.7199485 0.9818342
vt 0.6544982 -22.45051
vt 0.6544982 0.9215384
vt 0.5890487 -22.39873
vt 0.5890487 0.8697622
vt 0.5563235 0.8482001
vt 1.047197 -22.359
vt 1.014473 -22.37717
vt 0.9817475 0.8697622
vt 0.9817475 -22.39873
vt 0.9162979 -22.45051
vt 0.9817475 0.8697622
vt 1.014473 0.8482001
vt 1.047197 -22.359
vt 1.047197 0.8300324
vt 1.079922 -22.34454
vt 1.112647 -22.33403
vt 1.047197 0.8300324
vt 1.079922 0.8155689
vt 1.112647 -22.33403
vt 1.112647 0.8050571
vt 1.145372 -22.32765
vt 1.178097 -22.32551
vt 1.112647 0.8050571
vt 1.145372 0.7986778
vt 1.178097 -22.32551
vt 1.178097 0.7965388
vt 1.210822 -22.32765
vt 1.243547 -22.33403
vt 1.178097 0.7965388
vt 1.210822 0.7986778
vt 1.243547 -22.33403
vt 1.243547 0.8050571
vt 1.276272 -22.34454
vt 1.308997 -22.359
vt 1.308997 0.8300324
vt 1.341722 0.8482001
vt 1.374447 -22.39873
vt 1.243547 0.8050571
vt 1.276272 0.8155689
vt 1.308997 -22.359
vt 1.308997 0.8300324
vt 1.341722 -22.37717
vt 1.374447 -22.39873
vt 0.2290747 -22.37717
vt 0.1963495 -22.39873
vt 0.1963495 0.8697622
vt 0.1309 -22.45051
vt 0.1309 0.9215384
vt 0.06544969 -22.5108
vt 0.06544969 0.9818342
vt 1.570796 -22.57551
vt 1.570796 1.046539
vt 1.505347 -22.5108
vt 1.505347 0.9818342
vt 1.439897 -22.45051
vt 1.439897 0.9215384
vt 1.374447 -22.39873
vt 1.374447 0.8697622
vt 1.341722 0.8482001
vt 0.8835729 0.1628171
vt 0.9162979 0.1772806
vt 0.9162979 -23.01175
vt 0.8181231 0.1459261
vt 0.850848 0.1523054
vt 0.850848 -22.98678
vt 0.03272498 -23.47612
vt 0 0.6437867
vt 0.03272498 0.6416478
vt 0.03272498 -23.47612
vt 0.03272498 0.6416478
vt 0.06544986 -23.46974
vt 0.03272498 0.6416478
vt 0.06544986 0.6352684
vt 0.06544986 -23.46974
vt 0.09817487 0.6247566
vt 0.09817487 -23.45923
vt 0.1308998 0.6102931
vt 0.1308998 -23.44477
vt 0.1636246 0.5921254
vt 0.1636246 -23.4266
vt 0.1963498 -23.40504
vt 0.6217738 -23.02992
vt 0.5890486 -23.05148
vt 0.5890486 0.2170104
vt 0.5235991 -23.10326
vt 0.5235991 0.2687867
vt 0.4581488 -23.16356
vt 0.4581488 0.3290824
vt 0.3926986 -23.22826
vt 0.3926986 0.3937874
vt 0.3272496 -23.29296
vt 0.3272496 0.4584913
vt 0.2617993 -23.35326
vt 0.2617993 0.5187871
vt 0.1963498 -23.40504
vt 0.1963498 0.5705633
vt 0.1636246 0.5921254
vt 0.6217738 -23.02992
vt 0.5890486 0.2170104
vt 0.6544985 -23.01175
vt 0.6217738 0.1954483
vt 0.6544985 0.1772806
vt 0.6872234 0.1628171
vt 0.7199484 0.1523054
vt 0.7199484 -22.98678
vt 0.6872234 0.1628171
vt 0.7199484 -22.98678
vt 0.6544985 0.1772806
vt 0.6872234 -22.99729
vt 0.6544985 -23.01175
vt 0.7526732 0.1459261
vt 0.7853982 0.1437871
vt 0.7853982 -22.97826
vt 0.7526732 0.1459261
vt 0.7853982 -22.97826
vt 0.7199484 0.1523054
vt 0.7526732 -22.9804
vt 0.7199484 -22.98678
vt 0.8181231 0.1459261
vt 0.850848 -22.98678
vt 0.7853982 0.1437871
vt 0.8181231 -22.9804
vt 0.7853982 -22.97826
vt 0.8835729 0.1628171
vt 0.9162979 -23.01175
vt 0.850848 0.1523054
vt 0.8835729 -22.99729
vt 0.850848 -22.98678
vt 0.9490226 0.1954483
vt 0.9817479 -23.05148
vt 0.9162979 0.1772806
vt 0.9490226 -23.02992
vt 0.9162979 -23.01175
vt 0.9490226 0.1954483
vt 0.9817479 0.2170104
vt 0.9817479 -23.05148
vt 1.047197 0.2687867
vt 1.047197 -23.10326
vt 1.112648 0.3290824
vt 1.112648 -23.16356
vt 1.178098 0.3937874
vt 1.178098 -23.22826
vt 1.243547 0.4584913
vt 1.243547 -23.29296
vt 1.308997 0.5187871
vt 1.308997 -23.35326
vt 1.374447 0.5705633
vt 1.374447 -23.40504
vt 1.374447 -23.40504
vt 1.374447 0.5705633
vt 1.407172 -23.4266
vt 1.407172 0.5921254
vt 1.439896 -23.44477
vt 1.439896 0.6102931
vt 1.472621 -23.45923
vt 1.472621 0.6247566
vt 1.505346 -23.46974
vt 0.03272498 -23.47612
vt 0 -23.47826
vt 0 0.6437867
vt 1.538071 -23.47612
vt 1.538071 0.6416478
vt 1.505346 -23.46974
vt 1.505346 0.6352684
vt 1.472621 0.6247566
vt 0.1334319 1.208074
vt 0.1584071 1.147779
vt -0.08307382 1.083074
vt 0.1669254 1.083074
vt 0.1584071 1.01837
vt -0.01836993 1.324556
vt 0.04192581 1.299581
vt -0.08307382 1.083074
vt 0.09370208 1.259851
vt 0.1334319 1.208074
vt -0.2080746 1.299581
vt -0.1477789 1.324556
vt -0.08307382 1.083074
vt -0.08307382 1.333074
vt -0.01836993 1.324556
vt -0.3245559 1.147779
vt -0.2995806 1.208074
vt -0.08307382 1.083074
vt -0.2598509 1.259851
vt -0.2080746 1.299581
vt -0.2995806 0.9580743
vt -0.3245559 1.01837
vt -0.08307382 1.083074
vt -0.3330742 1.083074
vt -0.3245559 1.147779
vt -0.1477789 0.8415928
vt -0.2080746 0.8665679
vt -0.08307382 1.083074
vt -0.2598509 0.9062976
vt -0.2995806 0.9580743
vt 0.04192581 0.8665679
vt -0.01836993 0.8415928
vt -0.08307382 1.083074
vt -0.08307382 0.8330743
vt -0.1477789 0.8415928
vt 0.1584071 1.01837
vt 0.1334319 0.9580743
vt -0.08307382 1.083074
vt 0.09370208 0.9062976
vt 0.04192581 0.8665679
vt 0.1334321 1.208074
vt 0.1584074 1.147779
vt -0.08307476 1.083074
vt 0.1669257 1.083074
vt 0.1584074 1.01837
vt -0.01836969 1.324556
vt 0.04192604 1.299581
vt -0.08307476 1.083074
vt 0.09370229 1.259851
vt 0.1334321 1.208074
vt -0.2080744 1.299581
vt -0.1477786 1.324556
vt -0.08307476 1.083074
vt -0.08307476 1.333074
vt -0.01836969 1.324556
vt -0.3245557 1.147779
vt -0.2995804 1.208074
vt -0.08307476 1.083074
vt -0.2598507 1.259851
vt -0.2080744 1.299581
vt -0.2995804 0.9580743
vt -0.3245557 1.01837
vt -0.08307476 1.083074
vt -0.333074 1.083074
vt -0.3245557 1.147779
vt -0.1477786 0.8415928
vt -0.2080744 0.8665679
vt -0.08307476 1.083074
vt -0.2598507 0.9062976
vt -0.2995804 0.9580743
vt 0.04192604 0.8665679
vt -0.01836969 0.8415928
vt -0.08307476 1.083074
vt -0.08307476 0.8330743
vt -0.1477786 0.8415928
vt 0.1584074 1.01837
vt 0.1334321 0.9580743
vt -0.08307476 1.083074
vt 0.09370229 0.9062976
vt 0.04192604 0.8665679
vt 0.2617994 1
vt 0.3272497 1
vt 0.3272497 -14.50655
vt 0.2290746 -14.54969
vt 0.1963498 1
vt 0.2617994 -14.53152
vt 0.2617994 1
vt 0.2945246 -14.51706
vt 0.3272497 -14.50655
vt 0.3926986 1
vt 0.4581487 1
vt 0.4581487 -14.50655
vt 0.4581487 -14.50655
vt 0.4254244 -14.50017
vt 0.3926986 1
vt 0.3926986 -14.49803
vt 0.3272497 1
vt 0.359974 -14.50017
vt 0.3272497 -14.50655
vt 0.5890486 -14.57125
vt 0.5563238 -14.54969
vt 0.5235991 1
vt 0.5235991 -14.53152
vt 0.4581487 1
vt 0.4908738 -14.51706
vt 0.4581487 -14.50655
vt 0.5235991 1
vt 0.5890486 1
vt 0.5890486 -14.57125
vt 0.6544981 1
vt 0.6544981 -14.62303
vt 0.7199485 1
vt 0.7199485 -14.68333
vt 0.7853985 1
vt 0.7853985 -14.74803
vt 0.8508475 1
vt 0.8508475 -14.68333
vt 0.9162979 1
vt 0.9162979 -14.62303
vt 0.9817475 1
vt 0.9817475 -14.57125
vt 1.047197 1
vt 1.112648 1
vt 1.112648 -14.50655
vt 1.112648 -14.50655
vt 1.079922 -14.51706
vt 1.047197 1
vt 1.047197 -14.53152
vt 0.9817475 1
vt 1.014472 -14.54969
vt 0.9817475 -14.57125
vt 1.178098 1
vt 1.243547 1
vt 1.243547 -14.50655
vt 1.243547 -14.50655
vt 1.210822 -14.50017
vt 1.178098 1
vt 1.178098 -14.49803
vt 1.112648 1
vt 1.145372 -14.50017
vt 1.112648 -14.50655
vt 1.374447 -14.57125
vt 1.341722 -14.54969
vt 1.308997 1
vt 1.308997 -14.53152
vt 1.243547 1
vt 1.276272 -14.51706
vt 1.243547 -14.50655
vt 0.2290746 -14.54969
vt 0.1963498 -14.57125
vt 0.1963498 1
vt 0.1309002 -14.62303
vt 0.1309002 1
vt 0.06544979 -14.68333
vt 0.06544979 1
vt 1.570796 -14.74803
vt 1.570796 1
vt 1.505347 -14.68333
vt 1.505347 1
vt 1.439897 -14.62303
vt 1.439897 1
vt 1.374447 -14.57125
vt 1.374447 1
vt 1.308997 1
vt 0.1334321 1.208074
vt 0.1584074 1.147779
vt -0.08307476 1.083075
vt 0.1669257 1.083075
vt 0.1584074 1.01837
vt -0.01836969 1.324556
vt 0.04192604 1.29958
vt -0.08307476 1.083075
vt 0.09370229 1.259851
vt 0.1334321 1.208074
vt -0.2080744 1.29958
vt -0.1477786 1.324556
vt -0.08307476 1.083075
vt -0.08307476 1.333074
vt -0.01836969 1.324556
vt -0.3245557 1.147779
vt -0.2995804 1.208074
vt -0.08307476 1.083075
vt -0.2598507 1.259851
vt -0.2080744 1.29958
vt -0.2995804 0.9580739
vt -0.3245557 1.01837
vt -0.08307476 1.083075
vt -0.333074 1.083075
vt -0.3245557 1.147779
vt -0.1477786 0.8415926
vt -0.2080744 0.8665678
vt -0.08307476 1.083075
vt -0.2598507 0.9062976
vt -0.2995804 0.9580739
vt 0.04192604 0.8665678
vt -0.01836969 0.8415926
vt -0.08307476 1.083075
vt -0.08307476 0.8330742
vt -0.1477786 0.8415926
vt 0.1584074 1.01837
vt 0.1334321 0.9580739
vt -0.08307476 1.083075
vt 0.09370229 0.9062976
vt 0.04192604 0.8665678
vt 1.047197 1
vt 1.112648 1
vt 1.112648 -14.50655
vt 1.014472 -14.54969
vt 0.9817477 1
vt 1.047197 -14.53152
vt 1.047197 1
vt 1.079923 -14.51706
vt 1.112648 -14.50655
vt 1.178097 1
vt 1.243547 1
vt 1.243547 -14.50655
vt 1.243547 -14.50655
vt 1.210823 -14.50017
vt 1.178097 1
vt 1.178097 -14.49803
vt 1.112648 1
vt 1.145372 -14.50017
vt 1.112648 -14.50655
vt 1.374447 -14.57125
vt 1.341722 -14.54969
vt 1.308998 1
vt 1.308998 -14.53152
vt 1.243547 1
vt 1.276272 -14.51706
vt 1.243547 -14.50655
vt 1.308998 1
vt 1.374447 1
vt 1.374447 -14.57125
vt 1.439897 1
vt 1.439897 -14.62303
vt 1.505347 1
vt 1.505347 -14.68333
vt 1.570796 1
vt 1.570796 -14.74803
vt 0.06544973 1
vt 0.06544973 -14.68333
vt 0.1309001 1
vt 0.1309001 -14.62303
vt 0.1963496 1
vt 0.1963496 -14.57125
vt 0.2617992 1
vt 0.3272495 1
vt 0.3272495 -14.50655
vt 0.3272495 -14.50655
vt 0.2945243 -14.51706
vt 0.2617992 1
vt 0.2617992 -14.53152
vt 0.1963496 1
vt 0.2290744 -14.54969
vt 0.1963496 -14.57125
vt 0.3926995 1
vt 0.4581485 1
vt 0.4581485 -14.50655
vt 0.4581485 -14.50655
vt 0.4254241 -14.50017
vt 0.3926995 1
vt 0.3926995 -14.49803
vt 0.3272495 1
vt 0.3599738 -14.50017
vt 0.3272495 -14.50655
vt 0.5890484 -14.57125
vt 0.5563236 -14.54969
vt 0.5235988 1
vt 0.5235988 -14.53152
vt 0.4581485 1
vt 0.4908736 -14.51706
vt 0.4581485 -14.50655
vt 1.014472 -14.54969
vt 0.9817477 -14.57125
vt 0.9817477 1
vt 0.916298 -14.62303
vt 0.916298 1
vt 0.8508476 -14.68333
vt 0.8508476 1
vt 0.7853985 -14.74803
vt 0.7853985 1
vt 0.7199484 -14.68333
vt 0.7199484 1
vt 0.654498 -14.62303
vt 0.654498 1
vt 0.5890484 -14.57125
vt 0.5890484 1
vt 0.5235988 1
vt -0.2995804 0.9580739
vt -0.3245557 1.01837
vt -0.0830736 1.083075
vt -0.333074 1.083075
vt -0.3245557 1.147779
vt -0.1477787 0.8415926
vt -0.2080744 0.8665678
vt -0.0830736 1.083075
vt -0.2598507 0.9062976
vt -0.2995804 0.9580739
vt 0.04192603 0.8665678
vt -0.0183697 0.8415926
vt -0.0830736 1.083075
vt -0.0830736 0.8330742
vt -0.1477787 0.8415926
vt 0.1584074 1.01837
vt 0.1334321 0.9580739
vt -0.0830736 1.083075
vt 0.09370229 0.9062976
vt 0.04192603 0.8665678
vt 0.1334321 1.208074
vt 0.1584074 1.147779
vt -0.0830736 1.083075
vt 0.1669257 1.083075
vt 0.1584074 1.01837
vt -0.0183697 1.324556
vt 0.04192603 1.29958
vt -0.0830736 1.083075
vt 0.09370229 1.259851
vt 0.1334321 1.208074
vt -0.2080744 1.29958
vt -0.1477787 1.324556
vt -0.0830736 1.083075
vt -0.0830736 1.333074
vt -0.0183697 1.324556
vt -0.3245557 1.147779
vt -0.2995804 1.208074
vt -0.0830736 1.083075
vt -0.2598507 1.259851
vt -0.2080744 1.29958
vn 0.3826835 -3.496766E-14 0.9238796
vn 0.5 -3.496765E-14 0.8660254
vn 0.5 -5.463696E-16 0.8660254
vn 1 -3.496765E-14 1.30394E-14
vn 1 -2.731848E-16 -6.123234E-17
vn 0.9914449 -2.731848E-16 0.1305262
vn 1 -3.496765E-14 1.30394E-14
vn 0.9914449 -2.731848E-16 0.1305262
vn 0.9659259 -3.496766E-14 0.2588191
vn 0.9914449 -2.731848E-16 0.1305262
vn 0.9659259 -5.463697E-16 0.2588191
vn 0.9659259 -3.496766E-14 0.2588191
vn 0.9238796 -5.463697E-16 0.3826835
vn 0.8660254 -3.496765E-14 0.5
vn 0.5 -5.463696E-16 0.8660254
vn 0.5 -3.496765E-14 0.8660254
vn 0.7071068 -5.463697E-16 0.7071068
vn 0.9238796 -5.463697E-16 0.3826835
vn 0.8660254 -5.463696E-16 0.5
vn 0.8660254 -3.496765E-14 0.5
vn 0.7933533 -5.463696E-16 0.6087614
vn 0.7071068 -3.496766E-14 0.7071068
vn 0.7071068 -5.463697E-16 0.7071068
vn 0.6087614 -3.496765E-14 0.7933533
vn 0.5 -3.496765E-14 0.8660254
vn 0.3826835 -3.496766E-14 0.9238796
vn 0.5 -5.463696E-16 0.8660254
vn 0.2588191 -3.496766E-14 0.9659259
vn 0.2588191 -5.463697E-16 0.9659259
vn 0.1305262 -3.496765E-14 0.9914449
vn -8.741914E-15 -3.496765E-14 1
vn 1.748383E-14 -3.496765E-14 1
vn 1.748383E-14 -3.496765E-14 1
vn -8.741914E-15 -3.496765E-14 1
vn -0.1305262 -3.496765E-14 0.9914449
vn -0.2588191 -3.496766E-14 0.9659259
vn -0.2588191 -3.496766E-14 0.9659259
vn -0.2588191 -3.496766E-14 0.9659259
vn -0.2588191 -3.496766E-14 0.9659259
vn -0.3826835 -3.496766E-14 0.9238796
vn -0.5 -3.496765E-14 0.8660254
vn -0.5 -3.496765E-14 0.8660254
vn -0.5 -3.496765E-14 0.8660254
vn -0.5 -3.496765E-14 0.8660254
vn -0.6087614 -3.496765E-14 0.7933533
vn -0.7071068 -3.496766E-14 0.7071068
vn -0.7071068 -3.496766E-14 0.7071068
vn -0.7933533 -3.496765E-14 0.6087614
vn -0.8660254 -3.496765E-14 0.5
vn -0.7933533 -3.496765E-14 0.6087614
vn -0.8660254 -3.496765E-14 0.5
vn -0.8660254 -3.496765E-14 0.5
vn -0.9238796 -3.496766E-14 0.3826835
vn -0.9659259 -3.496766E-14 0.2588191
vn -0.9238796 -3.496766E-14 0.3826835
vn -0.9659259 -3.496766E-14 0.2588191
vn -0.9659259 -3.496766E-14 0.2588191
vn -0.9914449 -3.496765E-14 0.1305262
vn -1 -3.496765E-14 1.83697E-16
vn -0.5 0 0.8660254
vn -0.2588191 0 0.9659259
vn -0.2588191 -3.496766E-14 0.9659259
vn -0.6087614 -3.496765E-14 0.7933533
vn -0.7071068 0 0.7071068
vn -0.5 -3.496765E-14 0.8660254
vn -0.5 0 0.8660254
vn -0.3826835 -3.496766E-14 0.9238796
vn -0.2588191 -3.496766E-14 0.9659259
vn 1.224647E-16 0 1
vn 0.2588191 0 0.9659259
vn 0.2588191 -3.496766E-14 0.9659259
vn 0.2588191 -3.496766E-14 0.9659259
vn 0.1305262 -3.496765E-14 0.9914449
vn 1.224647E-16 0 1
vn 1.748383E-14 -3.496765E-14 1
vn -0.2588191 0 0.9659259
vn -0.1305262 -3.496765E-14 0.9914449
vn -0.2588191 -3.496766E-14 0.9659259
vn 0.7071068 -3.496766E-14 0.7071068
vn 0.6087614 -3.496765E-14 0.7933533
vn 0.5 0 0.8660254
vn 0.5 -3.496765E-14 0.8660254
vn 0.2588191 0 0.9659259
vn 0.3826835 -3.496766E-14 0.9238796
vn 0.2588191 -3.496766E-14 0.9659259
vn 0.5 0 0.8660254
vn 0.7071068 0 0.7071068
vn 0.7071068 -3.496766E-14 0.7071068
vn 0.8660254 0 0.5
vn 0.8660254 -3.496765E-14 0.5
vn 0.9659259 0 0.2588191
vn 0.9659259 -3.496766E-14 0.2588191
vn 1 0 -2.832769E-16
vn 1 -3.496765E-14 1.30394E-14
vn 0.9659259 0 -0.2588191
vn 0.8660254 0 -0.5
vn 0.9238796 -5.463697E-16 -0.3826835
vn 0.9659259 0 -0.2588191
vn 0.9659259 -5.463697E-16 -0.2588191
vn 1 -3.496765E-14 1.30394E-14
vn 0.9914449 -2.731848E-16 -0.1305262
vn 1 -2.731848E-16 -6.123234E-17
vn 0.7071068 -5.463697E-16 -0.7071068
vn 0.7933533 -5.463696E-16 -0.6087614
vn 0.8660254 0 -0.5
vn 0.8660254 -5.463696E-16 -0.5
vn 0.9238796 -5.463697E-16 -0.3826835
vn -0.7071068 -3.496766E-14 -0.7071068
vn -0.5 -1.092739E-15 -0.8660254
vn -0.5 -3.496765E-14 -0.8660254
vn -0.2588191 -1.092739E-15 -0.9659259
vn -0.2588191 -3.496766E-14 -0.9659259
vn 0 -5.463696E-16 -1
vn 0 -3.496765E-14 -1
vn 0.2588191 -5.463697E-16 -0.9659259
vn 0.2588191 0 -0.9659259
vn 0.5 -5.463696E-16 -0.8660254
vn 0.5 0 -0.8660254
vn 0.7071068 -5.463697E-16 -0.7071068
vn 0.7071068 0 -0.7071068
vn 0.8660254 0 -0.5
vn -0.8660254 -1.092739E-15 -0.5
vn -0.7933533 -1.092739E-15 -0.6087614
vn -0.7071068 -3.496766E-14 -0.7071068
vn -0.7071068 -1.092739E-15 -0.7071068
vn -0.5 -1.092739E-15 -0.8660254
vn -0.7071068 -3.496766E-14 -0.7071068
vn -0.7933533 -3.496765E-14 -0.6087614
vn -0.8660254 -1.092739E-15 -0.5
vn -0.8660254 -3.496765E-14 -0.5
vn -0.9238796 -1.092739E-15 -0.3826835
vn -0.9659259 -1.092739E-15 -0.2588191
vn -0.8660254 -3.496765E-14 -0.5
vn -0.9238796 -3.496766E-14 -0.3826835
vn -0.9659259 -1.092739E-15 -0.2588191
vn -0.9659259 -3.496766E-14 -0.2588191
vn -0.9914449 -1.092739E-15 -0.1305262
vn -1 -1.092739E-15 1.071875E-15
vn -0.9659259 -3.496766E-14 -0.2588191
vn -0.9914449 -3.496765E-14 -0.1305262
vn -1 -1.092739E-15 1.071875E-15
vn -1 -3.496765E-14 1.071875E-15
vn -0.9914449 -1.092739E-15 0.1305262
vn -0.9659259 -1.092739E-15 0.2588191
vn -1 -3.496765E-14 1.071875E-15
vn -0.9914449 -3.496765E-14 0.1305262
vn -0.9659259 -1.092739E-15 0.2588191
vn -0.9659259 -3.496766E-14 0.2588191
vn -0.9238796 -1.092739E-15 0.3826835
vn -0.8660254 -1.092739E-15 0.5
vn -0.8660254 -3.496765E-14 0.5
vn -0.7933533 -3.496765E-14 0.6087614
vn -0.7071068 -1.092739E-15 0.7071068
vn -0.9659259 -3.496766E-14 0.2588191
vn -0.9238796 -3.496766E-14 0.3826835
vn -0.8660254 -1.092739E-15 0.5
vn -0.8660254 -3.496765E-14 0.5
vn -0.7933533 -1.092739E-15 0.6087614
vn -0.7071068 -1.092739E-15 0.7071068
vn 0.2588191 -5.463697E-16 0.9659259
vn 0 -5.463696E-16 1
vn -8.741914E-15 -3.496765E-14 1
vn -0.2588191 -1.092739E-15 0.9659259
vn -0.2588191 -3.496766E-14 0.9659259
vn -0.5 -1.092739E-15 0.8660254
vn -0.5 -3.496765E-14 0.8660254
vn -0.7071068 -1.092739E-15 0.7071068
vn -0.7071068 -3.496766E-14 0.7071068
vn -0.7933533 -3.496765E-14 0.6087614
vn 0.2588191 0 -0.9659259
vn 0 0 -1
vn 0 -3.496765E-14 -1
vn -0.2588191 0 -0.9659259
vn -0.2588191 -3.496766E-14 -0.9659259
vn -0.5 0 -0.8660254
vn -0.5 -3.496765E-14 -0.8660254
vn -0.7071068 0 -0.7071068
vn -0.7071068 -3.496766E-14 -0.7071068
vn -0.8660254 0 -0.5
vn -0.8660254 -3.496765E-14 -0.5
vn -0.7071068 0 -0.7071068
vn -0.7933533 -3.496765E-14 -0.6087614
vn -0.7071068 -3.496766E-14 -0.7071068
vn -0.9914449 -3.496765E-14 0.1305262
vn -1 -3.496765E-14 1.071875E-15
vn -1 -3.496765E-14 1.83697E-16
vn -0.9914449 -3.496765E-14 -0.1305262
vn -0.9659259 0 -0.2588191
vn -0.9659259 -3.496766E-14 -0.2588191
vn -0.8660254 0 -0.5
vn -0.9238796 -3.496766E-14 -0.3826835
vn -0.8660254 -3.496765E-14 -0.5
vn -0.6087614 -3.496765E-14 0.7933533
vn -0.7071068 -3.496766E-14 0.7071068
vn -0.7071068 0 0.7071068
vn -0.8660254 -3.496765E-14 0.5
vn -0.8660254 0 0.5
vn -0.9659259 -3.496766E-14 0.2588191
vn -0.9659259 0 0.2588191
vn -1 -3.496765E-14 1.83697E-16
vn -1 0 1.071875E-15
vn -0.9659259 0 -0.2588191
vn -0.5 0 0.8660254
vn -0.2588191 0 0.9659259
vn -0.2588191 0 0.9659259
vn -0.6087614 0 0.7933533
vn -0.7071068 0 0.7071068
vn -0.5 0 0.8660254
vn -0.5 0 0.8660254
vn -0.3826835 0 0.9238796
vn -0.2588191 0 0.9659259
vn 0 0 1
vn 0.2588191 0 0.9659259
vn 0.2588191 0 0.9659259
vn 0.2588191 0 0.9659259
vn 0.1305262 0 0.9914449
vn 0 0 1
vn 0 0 1
vn -0.2588191 0 0.9659259
vn -0.1305262 0 0.9914449
vn -0.2588191 0 0.9659259
vn 0.7071068 0 0.7071068
vn 0.6087614 0 0.7933533
vn 0.5 0 0.8660254
vn 0.5 0 0.8660254
vn 0.2588191 0 0.9659259
vn 0.3826835 0 0.9238796
vn 0.2588191 0 0.9659259
vn 0.8660254 0 0.5
vn 0.9659259 0 0.2588191
vn 0.9659259 0 0.2588191
vn 0.9659259 0 0.2588191
vn 0.9238796 0 0.3826835
vn 0.8660254 0 0.5
vn 0.8660254 0 0.5
vn 0.7071068 0 0.7071068
vn 0.7933533 0 0.6087614
vn 0.7071068 0 0.7071068
vn 0.5 0 0.8660254
vn 0.2588191 0 0.9659259
vn 0.2588191 0 0.9659259
vn 0.2588191 0 0.9659259
vn 0.3826835 0 0.9238796
vn 0.5 0 0.8660254
vn 0.5 0 0.8660254
vn 0.7071068 0 0.7071068
vn 0.6087614 0 0.7933533
vn 0.7071068 0 0.7071068
vn -0.2588191 0 0.9659259
vn -0.1305262 0 0.9914449
vn 0 0 1
vn 0 0 1
vn 0.2588191 0 0.9659259
vn 0.1305262 0 0.9914449
vn 0.2588191 0 0.9659259
vn -0.3826835 0 0.9238796
vn -0.2588191 0 0.9659259
vn -0.5 0 0.8660254
vn -0.5 0 0.8660254
vn -0.6087614 0 0.7933533
vn -0.6087614 0 0.7933533
vn -0.5 0 0.8660254
vn -0.7071068 0 0.7071068
vn -0.7071068 0 0.7071068
vn -0.8660254 0 0.5
vn -0.7071068 0 0.7071068
vn -0.7933533 0 0.6087614
vn -0.8660254 0 0.5
vn -0.8660254 0 0.5
vn -0.9659259 0 0.2588191
vn -0.8660254 0 0.5
vn -0.9238796 0 0.3826835
vn -0.9659259 0 0.2588191
vn -0.9659259 0 0.2588191
vn -1 0 -1.83697E-16
vn -0.9914449 0 0.1305262
vn -1 0 -1.83697E-16
vn 0.7071068 0 0.7071068
vn 0.5 0 0.8660254
vn 0.5 0 0.8660254
vn 0.2588191 0 0.9659259
vn 0.2588191 0 0.9659259
vn -8.741914E-15 0 1
vn 0 0 1
vn -0.2588191 0 0.9659259
vn -0.2588191 0 0.9659259
vn -0.3826835 0 0.9238796
vn 0.8660254 0 0.5
vn 0.7933533 0 0.6087614
vn 0.7071068 0 0.7071068
vn 0.7071068 0 0.7071068
vn 0.5 0 0.8660254
vn 0.7071068 0 0.7071068
vn 0.7933533 0 0.6087614
vn 0.8660254 0 0.5
vn 0.8660254 0 0.5
vn 0.9238796 0 0.3826835
vn 0.9659259 0 0.2588191
vn 0.8660254 0 0.5
vn 0.9238796 0 0.3826835
vn 0.9659259 0 0.2588191
vn 0.9659259 0 0.2588191
vn 0.9914449 0 0.1305262
vn 1 0 5.053215E-16
vn 0.9659259 0 0.2588191
vn 0.9914449 0 0.1305262
vn 1 0 5.053215E-16
vn 1 0 6.123234E-17
vn 0.9914449 0 -0.1305262
vn 0.9659259 0 -0.2588191
vn 1 0 6.123234E-17
vn 0.9914449 0 -0.1305262
vn 0.9659259 0 -0.2588191
vn 0.9659259 0 -0.2588191
vn 0.9238796 0 -0.3826835
vn 0.9238796 0 -0.3826835
vn 0.9659259 0 -0.2588191
vn 0.8660254 0 -0.5
vn 0.9238796 0 -0.3826835
vn 0.8660254 0 -0.5
vn 0.7933533 0 -0.6087614
vn 0.7071068 0 -0.7071068
vn 0.8660254 0 -0.5
vn 0.7933533 0 -0.6087614
vn 0.8660254 0 -0.5
vn 0.7933533 0 -0.6087614
vn 0.7071068 0 -0.7071068
vn 0.7071068 0 -0.7071068
vn 0.5 0 -0.8660254
vn 0.5 0 -0.8660254
vn 0.2588191 0 -0.9659259
vn 0.2588191 0 -0.9659259
vn 2.622574E-14 0 -1
vn -8.741914E-15 0 -1
vn -0.2588191 0 -0.9659259
vn -0.7071068 0 -0.7071068
vn -0.8660254 0 -0.5
vn -0.7933533 0 -0.6087614
vn -0.6087614 0 0.7933533
vn -0.7071068 0 0.7071068
vn -0.7071068 0 0.7071068
vn -0.8660254 0 0.5
vn -0.8660254 0 0.5
vn -0.9659259 0 0.2588191
vn -0.9659259 0 0.2588191
vn -1 0 -1.83697E-16
vn -1 0 -1.071875E-15
vn -0.9659259 0 -0.2588191
vn -1 0 -1.83697E-16
vn -0.9914449 0 -0.1305262
vn -1 0 -1.83697E-16
vn -0.9659259 0 -0.2588191
vn -0.9659259 0 -0.2588191
vn -0.9238796 0 -0.3826835
vn -0.8660254 0 -0.5
vn -0.8660254 0 -0.5
vn -0.7933533 0 -0.6087614
vn 0.9659259 0 -0.2588191
vn 0.9914449 0 -0.1305262
vn 1 0 6.123234E-17
vn 1 0 -8.269461E-16
vn 0.9659259 0 0.2588191
vn 0.9914449 0 0.1305262
vn 0.9659259 0 0.2588191
vn 0.5 0 0.8660254
vn 0.7071068 0 0.7071068
vn 0.7071068 0 0.7071068
vn 0.8660254 0 0.5
vn 0.8660254 0 0.5
vn 0.9659259 0 0.2588191
vn 0.9659259 0 0.2588191
vn 1 0 2.832769E-16
vn 1 0 6.123234E-17
vn 0.9659259 0 -0.2588191
vn 0.9659259 0 -0.2588191
vn 0.7071068 0 -0.7071068
vn 0.7933533 0 -0.6087614
vn 0.8660254 0 -0.5
vn 0.8660254 0 -0.5
vn 0.9659259 0 -0.2588191
vn 0.9238796 0 -0.3826835
vn 0.9659259 0 -0.2588191
vn -0.7933533 0 -0.6087614
vn -0.7071068 0 -0.7071068
vn -0.7071068 0 -0.7071068
vn -0.5 0 -0.8660254
vn -0.5 0 -0.8660254
vn -0.2588191 0 -0.9659259
vn -0.2588191 0 -0.9659259
vn 2.622574E-14 0 -1
vn 1.224647E-16 0 -1
vn 0.2588191 0 -0.9659259
vn 0.2588191 0 -0.9659259
vn 0.5 0 -0.8660254
vn 0.5 0 -0.8660254
vn 0.7071068 0 -0.7071068
vn 0.7071068 0 -0.7071068
vn 0.8660254 0 -0.5
vn 0 0.8660254 0.5
vn 0 0.7933533 0.6087614
vn 0 0.7071068 0.7071068
vn 0 0.7071068 0.7071068
vn 0 0.7933533 0.6087614
vn 0 0.8660254 0.5
vn 0 0.8660254 0.5
vn 0 0.9238796 0.3826835
vn 0 0.9659259 0.2588191
vn 0 0.8660254 0.5
vn 0 0.9238796 0.3826835
vn 0 0.9659259 0.2588191
vn 0 0.9659259 0.2588191
vn 0 0.9914449 0.1305262
vn 0 1 -1.608123E-16
vn 0 0.9659259 0.2588191
vn 0 0.9914449 0.1305262
vn 0 1 -1.608123E-16
vn 0 1 9.494107E-16
vn 0 0.9914449 -0.1305262
vn 0 0.9659259 -0.2588191
vn 0 1 9.494107E-16
vn 0 0.9914449 -0.1305262
vn 0 0.9659259 -0.2588191
vn 0 0.9659259 -0.2588191
vn 0 0.9238796 -0.3826835
vn 0 0.8660254 -0.5
vn 0 0.8660254 -0.5
vn 0 0.7933533 -0.6087614
vn 0 0.7071068 -0.7071068
vn 0 0.9659259 -0.2588191
vn 0 0.9238796 -0.3826835
vn 0 0.8660254 -0.5
vn 0 0.8660254 -0.5
vn 0 0.7933533 -0.6087614
vn 0 0.7071068 -0.7071068
vn 0 -0.7071068 -0.7071068
vn 0 -0.5 -0.8660254
vn 0 -0.5 -0.8660254
vn 0 -0.2588191 -0.9659259
vn 0 -0.2588191 -0.9659259
vn 0 -1.748383E-14 -1
vn 0 -3.496765E-14 -1
vn 0 0.2588191 -0.9659259
vn 0 0.2588191 -0.9659259
vn 0 0.5 -0.8660254
vn 0 0.5 -0.8660254
vn 0 0.7071068 -0.7071068
vn 0 0.7071068 -0.7071068
vn 0 0.7933533 -0.6087614
vn 0 -0.8660254 -0.5
vn 0 -0.7933533 -0.6087614
vn 0 -0.7071068 -0.7071068
vn 0 -0.7071068 -0.7071068
vn 0 -0.5 -0.8660254
vn 0 -0.7071068 -0.7071068
vn 0 -0.7933533 -0.6087614
vn 0 -0.8660254 -0.5
vn 0 -0.8660254 -0.5
vn 0 -0.9238796 -0.3826835
vn 0 -0.9659259 -0.2588191
vn 0 -0.8660254 -0.5
vn 0 -0.9238796 -0.3826835
vn 0 -0.9659259 -0.2588191
vn 0 -0.9659259 -0.2588191
vn 0 -0.9914449 -0.1305262
vn 0 -1 -1.071875E-15
vn 0 -0.9659259 -0.2588191
vn 0 -0.9914449 -0.1305262
vn 0 -1 -1.071875E-15
vn 0 -1 7.044814E-16
vn 0 -0.9914449 0.1305262
vn 0 -0.9659259 0.2588191
vn 0 -1 7.044814E-16
vn 0 -0.9914449 0.1305262
vn 0 -0.9659259 0.2588191
vn 0 -0.9659259 0.2588191
vn 0 -0.9238796 0.3826835
vn 0 -0.8660254 0.5
vn 0 -0.8660254 0.5
vn 0 -0.7933533 0.6087614
vn 0 -0.7071068 0.7071068
vn 0 -0.9659259 0.2588191
vn 0 -0.9238796 0.3826835
vn 0 -0.8660254 0.5
vn 0 -0.8660254 0.5
vn 0 -0.7933533 0.6087614
vn 0 -0.7071068 0.7071068
vn 0 0.7933533 0.6087614
vn 0 0.7071068 0.7071068
vn 0 0.7071068 0.7071068
vn 0 0.5 0.8660254
vn 0 0.5 0.8660254
vn 0 0.2588191 0.9659259
vn 0 0.2588191 0.9659259
vn 0 -3.496765E-14 1
vn 0 8.741914E-15 1
vn 0 -0.2588191 0.9659259
vn 0 -0.2588191 0.9659259
vn 0 -0.5 0.8660254
vn 0 -0.5 0.8660254
vn 0 -0.7071068 0.7071068
vn 0 -0.7071068 0.7071068
vn 0 -0.7933533 0.6087614
vn 0 -0.9238796 -0.3826835
vn 0 -0.8660254 -0.5
vn 0 -0.8660254 -0.5
vn 0 -0.9914449 -0.1305262
vn 0 -0.9659259 -0.2588191
vn 0 -0.9659259 -0.2588191
vn 0 0.9914449 0.1305262
vn -1.365924E-16 1 0
vn -1.365924E-16 0.9914449 0.1305262
vn 0 0.9914449 0.1305262
vn -1.365924E-16 0.9914449 0.1305262
vn 0 0.9659259 0.2588191
vn -1.365924E-16 0.9914449 0.1305262
vn -2.731848E-16 0.9659259 0.2588191
vn 0 0.9659259 0.2588191
vn -2.731848E-16 0.9238796 0.3826835
vn 0 0.9238796 0.3826835
vn -2.731848E-16 0.8660254 0.5
vn 0 0.8660254 0.5
vn -2.731848E-16 0.7933533 0.6087614
vn 0 0.7933533 0.6087614
vn 0 0.7071068 0.7071068
vn 0 -0.7933533 0.6087614
vn 0 -0.7071068 0.7071068
vn 0 -0.7071068 0.7071068
vn 0 -0.5 0.8660254
vn 0 -0.5 0.8660254
vn 0 -0.2588191 0.9659259
vn 0 -0.2588191 0.9659259
vn 0 -4.099957E-16 1
vn 0 -4.099957E-16 1
vn 0 0.2588191 0.9659259
vn 0 0.2588191 0.9659259
vn 0 0.5 0.8660254
vn 0 0.5 0.8660254
vn 0 0.7071068 0.7071068
vn 0 0.7071068 0.7071068
vn -2.731848E-16 0.7933533 0.6087614
vn 0 -0.7933533 0.6087614
vn 0 -0.7071068 0.7071068
vn 0 -0.8660254 0.5
vn 0 -0.7933533 0.6087614
vn 0 -0.8660254 0.5
vn 0 -0.9238796 0.3826835
vn 0 -0.9659259 0.2588191
vn 0 -0.9659259 0.2588191
vn 0 -0.9238796 0.3826835
vn 0 -0.9659259 0.2588191
vn 0 -0.8660254 0.5
vn 0 -0.9238796 0.3826835
vn 0 -0.8660254 0.5
vn 0 -0.9914449 0.1305262
vn 0 -1 5.665539E-16
vn 0 -1 5.665539E-16
vn 0 -0.9914449 0.1305262
vn 0 -1 5.665539E-16
vn 0 -0.9659259 0.2588191
vn 0 -0.9914449 0.1305262
vn 0 -0.9659259 0.2588191
vn 0 -0.9914449 -0.1305262
vn 0 -0.9659259 -0.2588191
vn 0 -1 5.665539E-16
vn 0 -0.9914449 -0.1305262
vn 0 -1 5.665539E-16
vn 0 -0.9238796 -0.3826835
vn 0 -0.8660254 -0.5
vn 0 -0.9659259 -0.2588191
vn 0 -0.9238796 -0.3826835
vn 0 -0.9659259 -0.2588191
vn 0 -0.7933533 -0.6087614
vn 0 -0.7071068 -0.7071068
vn 0 -0.8660254 -0.5
vn 0 -0.7933533 -0.6087614
vn 0 -0.8660254 -0.5
vn 0 -0.7933533 -0.6087614
vn 0 -0.7071068 -0.7071068
vn 0 -0.7071068 -0.7071068
vn 0 -0.5 -0.8660254
vn 0 -0.5 -0.8660254
vn 0 -0.2588191 -0.9659259
vn 0 -0.2588191 -0.9659259
vn 0 -4.099957E-16 -1
vn 0 -4.099957E-16 -1
vn 0 0.2588191 -0.9659259
vn 0 0.2588191 -0.9659259
vn 0 0.5 -0.8660254
vn 0 0.5 -0.8660254
vn 0 0.7071068 -0.7071068
vn 0 0.7071068 -0.7071068
vn 0 0.7071068 -0.7071068
vn 0 0.7071068 -0.7071068
vn 0 0.7933533 -0.6087614
vn -2.731848E-16 0.7933533 -0.6087614
vn 0 0.8660254 -0.5
vn -2.731848E-16 0.8660254 -0.5
vn 0 0.9238796 -0.3826835
vn -2.731848E-16 0.9238796 -0.3826835
vn 0 0.9659259 -0.2588191
vn 0 0.9914449 0.1305262
vn 0 1 0
vn -1.365924E-16 1 0
vn 0 0.9914449 -0.1305262
vn -1.365924E-16 0.9914449 -0.1305262
vn 0 0.9659259 -0.2588191
vn -2.731848E-16 0.9659259 -0.2588191
vn -2.731848E-16 0.9238796 -0.3826835
vn 6.257249E-17 -1 0
vn 6.257249E-17 -1 0
vn 6.257249E-17 -1 0
vn 6.257249E-17 -1 0
vn 6.257249E-17 -1 0
vn 6.257249E-17 -1 0
vn 6.257249E-17 -1 0
vn 6.257249E-17 -1 0
vn 6.257249E-17 -1 0
vn 6.257249E-17 -1 0
vn 6.257249E-17 -1 0
vn 6.257249E-17 -1 0
vn 6.257249E-17 -1 0
vn 6.257249E-17 -1 0
vn 6.257249E-17 -1 0
vn 6.257249E-17 -1 0
vn 6.257249E-17 -1 0
vn 6.257249E-17 -1 0
vn 6.257249E-17 -1 0
vn 6.257249E-17 -1 0
vn 6.257249E-17 -1 0
vn 6.257249E-17 -1 0
vn 6.257249E-17 -1 0
vn 6.257249E-17 -1 0
vn 6.257249E-17 -1 0
vn 6.257249E-17 -1 0
vn 6.257249E-17 -1 0
vn 6.257249E-17 -1 0
vn 6.257249E-17 -1 0
vn 6.257249E-17 -1 0
vn 6.257249E-17 -1 0
vn 6.257249E-17 -1 0
vn 6.257249E-17 -1 0
vn 6.257249E-17 -1 0
vn 6.257249E-17 -1 0
vn 6.257249E-17 -1 0
vn 6.257249E-17 -1 0
vn 6.257249E-17 -1 0
vn 6.257249E-17 -1 0
vn 6.257249E-17 -1 0
vn 6.257249E-17 -1 0
vn 6.257249E-17 -1 0
vn 6.257249E-17 -1 0
vn 6.257249E-17 -1 0
vn 6.257249E-17 -1 0
vn 6.257249E-17 -1 0
vn 6.257249E-17 -1 0
vn 6.257249E-17 -1 0
vn 6.257249E-17 -1 0
vn 6.257249E-17 -1 0
vn 6.257249E-17 -1 0
vn 6.257249E-17 -1 0
vn 6.257249E-17 -1 0
vn 6.257249E-17 -1 0
vn 6.257249E-17 -1 0
vn 6.257249E-17 -1 0
vn 6.257249E-17 -1 0
vn 6.257249E-17 -1 0
vn 6.257249E-17 -1 0
vn 6.257249E-17 -1 0
vn 6.257249E-17 -1 0
vn 6.257249E-17 -1 0
vn 6.257249E-17 -1 0
vn 6.257249E-17 -1 0
vn 6.257249E-17 -1 0
vn 6.257249E-17 -1 0
vn 6.257249E-17 -1 0
vn 6.257249E-17 -1 0
vn 6.257249E-17 -1 0
vn 6.257249E-17 -1 0
vn 6.257249E-17 -1 0
vn 6.257249E-17 -1 0
vn 6.257249E-17 -1 0
vn 6.257249E-17 -1 0
vn 6.257249E-17 -1 0
vn 6.257249E-17 -1 0
vn 6.257249E-17 -1 0
vn 6.257249E-17 -1 0
vn 6.257249E-17 -1 0
vn 6.257249E-17 -1 0
vn -0.5 0.8660254 0
vn -0.2588191 0.9659259 0
vn -0.2588191 0.9659259 0
vn -0.6087614 0.7933533 0
vn -0.7071068 0.7071068 0
vn -0.5 0.8660254 0
vn -0.5 0.8660254 0
vn -0.3826835 0.9238796 0
vn -0.2588191 0.9659259 0
vn -6.123234E-17 1 0
vn 0.2588191 0.9659259 0
vn 0.2588191 0.9659259 0
vn 0.2588191 0.9659259 0
vn 0.1305262 0.9914449 0
vn -6.123234E-17 1 0
vn 0 1 0
vn -0.2588191 0.9659259 0
vn -0.1305262 0.9914449 0
vn -0.2588191 0.9659259 0
vn 0.7071068 0.7071068 0
vn 0.6087614 0.7933533 0
vn 0.5 0.8660254 0
vn 0.5 0.8660254 0
vn 0.2588191 0.9659259 0
vn 0.3826835 0.9238796 0
vn 0.2588191 0.9659259 0
vn 0.5 0.8660254 0
vn 0.7071068 0.7071068 0
vn 0.7071068 0.7071068 0
vn 0.8660254 0.5 0
vn 0.8660254 0.5 0
vn 0.9659259 0.2588191 0
vn 0.9659259 0.2588191 0
vn 1 1.224647E-16 0
vn 1 0 0
vn 0.9659259 -0.2588191 0
vn 0.9659259 -0.2588191 0
vn 0.8660254 -0.5 0
vn 0.8660254 -0.5 0
vn 0.7071068 -0.7071068 0
vn 0.7071068 -0.7071068 0
vn 0.5 -0.8660254 0
vn 0.2588191 -0.9659259 0
vn 0.2588191 -0.9659259 0
vn 0.2588191 -0.9659259 0
vn 0.3826835 -0.9238796 0
vn 0.5 -0.8660254 0
vn 0.5 -0.8660254 0
vn 0.7071068 -0.7071068 0
vn 0.6087614 -0.7933533 0
vn 0.7071068 -0.7071068 0
vn 1.83697E-16 -1 0
vn -0.2588191 -0.9659259 0
vn -0.2588191 -0.9659259 0
vn -0.2588191 -0.9659259 0
vn -0.1305262 -0.9914449 0
vn 1.83697E-16 -1 0
vn 0 -1 0
vn 0.2588191 -0.9659259 0
vn 0.1305262 -0.9914449 0
vn 0.2588191 -0.9659259 0
vn -0.7071068 -0.7071068 0
vn -0.6087614 -0.7933533 0
vn -0.5 -0.8660254 0
vn -0.5 -0.8660254 0
vn -0.2588191 -0.9659259 0
vn -0.3826835 -0.9238796 0
vn -0.2588191 -0.9659259 0
vn -0.6087614 0.7933533 0
vn -0.7071068 0.7071068 0
vn -0.7071068 0.7071068 0
vn -0.8660254 0.5 0
vn -0.8660254 0.5 0
vn -0.9659259 0.2588191 0
vn -0.9659259 0.2588191 0
vn -1 0 0
vn -1 0 0
vn -0.9659259 -0.2588191 0
vn -0.9659259 -0.2588191 0
vn -0.8660254 -0.5 0
vn -0.8660254 -0.5 0
vn -0.7071068 -0.7071068 0
vn -0.7071068 -0.7071068 0
vn -0.5 -0.8660254 0
vn 0 0 1
vn 0 0 1
vn 0 0 1
vn 0 0 1
vn 0 0 1
vn 0 0 1
vn 0 0 1
vn 0 0 1
vn 0 0 1
vn 0 0 1
vn 0 0 1
vn 0 0 1
vn 0 0 1
vn 0 0 1
vn 0 0 1
vn 0 0 1
vn 0 0 1
vn 0 0 1
vn 0 0 1
vn 0 0 1
vn 0 0 1
vn 0 0 1
vn 0 0 1
vn 0 0 1
vn 0 0 1
vn 0 0 1
vn 0 0 1
vn 0 0 1
vn 0 0 1
vn 0 0 1
vn 0 0 1
vn 0 0 1
vn 0 0 1
vn 0 0 1
vn 0 0 1
vn 0 0 1
vn 0 0 1
vn 0 0 1
vn 0 0 1
vn 0 0 1
vn 0.5 -0.8660254 0
vn 0.2588191 -0.9659259 0
vn 0.2588191 -0.9659259 0
vn 0.6087614 -0.7933533 0
vn 0.7071068 -0.7071068 0
vn 0.5 -0.8660254 0
vn 0.5 -0.8660254 0
vn 0.3826835 -0.9238796 0
vn 0.2588191 -0.9659259 0
vn 1.83697E-16 -1 0
vn -0.2588191 -0.9659259 0
vn -0.2588191 -0.9659259 0
vn -0.2588191 -0.9659259 0
vn -0.1305262 -0.9914449 0
vn 1.83697E-16 -1 0
vn 0 -1 0
vn 0.2588191 -0.9659259 0
vn 0.1305262 -0.9914449 0
vn 0.2588191 -0.9659259 0
vn -0.7071068 -0.7071068 0
vn -0.6087614 -0.7933533 0
vn -0.5 -0.8660254 0
vn -0.5 -0.8660254 0
vn -0.2588191 -0.9659259 0
vn -0.3826835 -0.9238796 0
vn -0.2588191 -0.9659259 0
vn -0.5 -0.8660254 0
vn -0.7071068 -0.7071068 0
vn -0.7071068 -0.7071068 0
vn -0.8660254 -0.5 0
vn -0.8660254 -0.5 0
vn -0.9659259 -0.2588191 0
vn -0.9659259 -0.2588191 0
vn -1 0 0
vn -1 0 0
vn -0.9659259 0.2588191 0
vn -0.9659259 0.2588191 0
vn -0.8660254 0.5 0
vn -0.8660254 0.5 0
vn -0.7071068 0.7071068 0
vn -0.7071068 0.7071068 0
vn -0.5 0.8660254 0
vn -0.2588191 0.9659259 0
vn -0.2588191 0.9659259 0
vn -0.2588191 0.9659259 0
vn -0.3826835 0.9238796 0
vn -0.5 0.8660254 0
vn -0.5 0.8660254 0
vn -0.7071068 0.7071068 0
vn -0.6087614 0.7933533 0
vn -0.7071068 0.7071068 0
vn -6.123234E-17 1 0
vn 0.2588191 0.9659259 0
vn 0.2588191 0.9659259 0
vn 0.2588191 0.9659259 0
vn 0.1305262 0.9914449 0
vn -6.123234E-17 1 0
vn 0 1 0
vn -0.2588191 0.9659259 0
vn -0.1305262 0.9914449 0
vn -0.2588191 0.9659259 0
vn 0.7071068 0.7071068 0
vn 0.6087614 0.7933533 0
vn 0.5 0.8660254 0
vn 0.5 0.8660254 0
vn 0.2588191 0.9659259 0
vn 0.3826835 0.9238796 0
vn 0.2588191 0.9659259 0
vn 0.6087614 -0.7933533 0
vn 0.7071068 -0.7071068 0
vn 0.7071068 -0.7071068 0
vn 0.8660254 -0.5 0
vn 0.8660254 -0.5 0
vn 0.9659259 -0.2588191 0
vn 0.9659259 -0.2588191 0
vn 1 3.496765E-14 0
vn 1 1.224647E-16 0
vn 0.9659259 0.2588191 0
vn 0.9659259 0.2588191 0
vn 0.8660254 0.5 0
vn 0.8660254 0.5 0
vn 0.7071068 0.7071068 0
vn 0.7071068 0.7071068 0
vn 0.5 0.8660254 0
vn 0 0 1
vn 0 0 1
vn 0 0 1
vn 0 0 1
vn 0 0 1
vn 0 0 1
vn 0 0 1
vn 0 0 1
vn 0 0 1
vn 0 0 1
vn 0 0 1
vn 0 0 1
vn 0 0 1
vn 0 0 1
vn 0 0 1
vn 0 0 1
vn 0 0 1
vn 0 0 1
vn 0 0 1
vn 0 0 1
vn 0 0 1
vn 0 0 1
vn 0 0 1
vn 0 0 1
vn 0 0 1
vn 0 0 1
vn 0 0 1
vn 0 0 1
vn 0 0 1
vn 0 0 1
vn 0 0 1
vn 0 0 1
vn 0 0 1
vn 0 0 1
vn 0 0 1
vn 0 0 1
vn 0 0 1
vn 0 0 1
vn 0 0 1
vn 0 0 1
usemtl color
f 1/1/1 2/2/2 3/3/3
f 4/4/4 5/5/5 6/6/6
f 7/7/7 8/8/8 9/9/9
f 10/10/10 11/11/11 12/12/12
f 11/11/11 13/13/13 12/12/12
f 12/12/12 13/13/13 14/14/14
f 15/15/15 16/16/16 17/17/17
f 18/18/18 19/19/19 20/20/20
f 19/19/19 21/21/21 20/20/20
f 20/20/20 21/21/21 22/22/22
f 21/21/21 23/23/23 22/22/22
f 22/22/22 23/23/23 24/24/24
f 23/23/23 25/25/25 24/24/24
f 26/26/26 27/27/27 28/28/28
f 27/27/27 29/29/29 28/28/28
f 28/28/28 29/29/29 30/30/30
f 29/29/29 31/31/31 30/30/30
f 30/30/30 31/31/31 32/32/32
f 33/33/33 34/34/34 35/35/35
f 34/34/34 36/36/36 35/35/35
f 35/35/35 36/36/36 37/37/37
f 38/38/38 39/39/39 40/40/40
f 39/39/39 41/41/41 40/40/40
f 40/40/40 41/41/41 42/42/42
f 43/43/43 44/44/44 45/45/45
f 44/44/44 46/46/46 45/45/45
f 45/45/45 46/46/46 47/47/47
f 46/46/46 48/48/48 47/47/47
f 47/47/47 48/48/48 49/49/49
f 50/50/50 51/51/51 52/52/52
f 51/51/51 53/53/53 52/52/52
f 52/52/52 53/53/53 54/54/54
f 55/55/55 56/56/56 57/57/57
f 56/56/56 58/58/58 57/57/57
f 57/57/57 58/58/58 59/59/59
f 60/60/60 61/61/61 62/62/62
f 63/63/63 64/64/64 65/65/65
f 64/64/64 66/66/66 65/65/65
f 65/65/65 66/66/66 67/67/67
f 66/66/66 68/68/68 67/67/67
f 69/69/69 70/70/70 71/71/71
f 72/72/72 73/73/73 74/74/74
f 73/73/73 75/75/75 74/74/74
f 74/74/74 75/75/75 76/76/76
f 75/75/75 77/77/77 76/76/76
f 76/76/76 77/77/77 78/78/78
f 79/79/79 80/80/80 81/81/81
f 80/80/80 82/82/82 81/81/81
f 81/81/81 82/82/82 83/83/83
f 82/82/82 84/84/84 83/83/83
f 83/83/83 84/84/84 85/85/85
f 86/86/86 87/87/87 88/88/88
f 87/87/87 89/89/89 88/88/88
f 88/88/88 89/89/89 90/90/90
f 89/89/89 91/91/91 90/90/90
f 90/90/90 91/91/91 92/92/92
f 91/91/91 93/93/93 92/92/92
f 92/92/92 93/93/93 94/94/94
f 93/93/93 95/95/95 94/94/94
f 96/96/96 97/97/97 98/98/98
f 97/97/97 99/99/99 98/98/98
f 98/98/98 99/99/99 100/100/100
f 99/99/99 101/101/101 100/100/100
f 100/100/100 101/101/101 102/102/102
f 103/103/103 104/104/104 105/105/105
f 104/104/104 106/106/106 105/105/105
f 105/105/105 106/106/106 107/107/107
f 108/108/108 109/109/109 110/110/110
f 109/109/109 111/111/111 110/110/110
f 110/110/110 111/111/111 112/112/112
f 111/111/111 113/113/113 112/112/112
f 112/112/112 113/113/113 114/114/114
f 113/113/113 115/115/115 114/114/114
f 114/114/114 115/115/115 116/116/116
f 115/115/115 117/117/117 116/116/116
f 116/116/116 117/117/117 118/118/118
f 117/117/117 119/119/119 118/118/118
f 118/118/118 119/119/119 120/120/120
f 119/119/119 121/121/121 120/120/120
f 122/122/122 123/123/123 124/124/124
f 123/123/123 125/125/125 124/124/124
f 124/124/124 125/125/125 126/126/126
f 127/127/127 128/128/128 129/129/129
f 128/128/128 130/130/130 129/129/129
f 129/129/129 130/130/130 131/131/131
f 130/130/130 132/132/132 131/131/131
f 133/133/133 134/134/134 135/135/135
f 134/134/134 136/136/136 135/135/135
f 135/135/135 136/136/136 137/137/137
f 136/136/136 138/138/138 137/137/137
f 139/139/139 140/140/140 141/141/141
f 140/140/140 142/142/142 141/141/141
f 141/141/141 142/142/142 143/143/143
f 142/142/142 144/144/144 143/143/143
f 145/145/145 146/146/146 147/147/147
f 146/146/146 148/148/148 147/147/147
f 147/147/147 148/148/148 149/149/149
f 148/148/148 150/150/150 149/149/149
f 151/151/151 152/152/152 153/153/153
f 154/154/154 155/155/155 156/156/156
f 155/155/155 157/157/157 156/156/156
f 156/156/156 157/157/157 158/158/158
f 157/157/157 159/159/159 158/158/158
f 160/160/160 161/161/161 162/162/162
f 161/161/161 163/163/163 162/162/162
f 162/162/162 163/163/163 164/164/164
f 163/163/163 165/165/165 164/164/164
f 164/164/164 165/165/165 166/166/166
f 165/165/165 167/167/167 166/166/166
f 166/166/166 167/167/167 168/168/168
f 167/167/167 169/169/169 168/168/168
f 170/170/170 171/171/171 172/172/172
f 171/171/171 173/173/173 172/172/172
f 172/172/172 173/173/173 174/174/174
f 173/173/173 175/175/175 174/174/174
f 174/174/174 175/175/175 176/176/176
f 175/175/175 177/177/177 176/176/176
f 176/176/176 177/177/177 178/178/178
f 179/179/179 180/180/180 181/181/181
f 180/180/180 182/182/182 181/181/181
f 181/181/181 182/182/182 183/183/183
f 184/184/184 185/185/185 186/186/186
f 185/185/185 187/187/187 186/186/186
f 186/186/186 187/187/187 188/188/188
f 187/187/187 189/189/189 188/188/188
f 188/188/188 189/189/189 190/190/190
f 189/189/189 191/191/191 190/190/190
f 190/190/190 191/191/191 192/192/192
f 193/193/193 194/194/194 195/195/195
f 194/194/194 196/196/196 195/195/195
f 195/195/195 196/196/196 197/197/197
f 196/196/196 198/198/198 197/197/197
f 197/197/197 198/198/198 199/199/199
f 198/198/198 200/200/200 199/199/199
f 199/199/199 200/200/200 201/201/201
f 200/200/200 202/202/202 201/201/201
f 203/203/203 204/204/204 205/205/205
f 206/206/206 207/207/207 208/208/208
f 207/207/207 209/209/209 208/208/208
f 208/208/208 209/209/209 210/210/210
f 209/209/209 211/211/211 210/210/210
f 212/212/212 213/213/213 214/214/214
f 215/215/215 216/216/216 217/217/217
f 216/216/216 218/218/218 217/217/217
f 217/217/217 218/218/218 219/219/219
f 218/218/218 220/220/220 219/219/219
f 219/219/219 220/220/220 221/221/221
f 222/222/222 223/223/223 224/224/224
f 223/223/223 225/225/225 224/224/224
f 224/224/224 225/225/225 226/226/226
f 225/225/225 227/227/227 226/226/226
f 226/226/226 227/227/227 228/228/228
f 229/229/229 230/230/230 231/231/231
f 232/232/232 233/233/233 234/234/234
f 233/233/233 235/235/235 234/234/234
f 234/234/234 235/235/235 236/236/236
f 235/235/235 237/237/237 236/236/236
f 236/236/236 237/237/237 238/238/238
f 239/239/239 240/240/240 241/241/241
f 242/242/242 243/243/243 244/244/244
f 243/243/243 245/245/245 244/244/244
f 244/244/244 245/245/245 246/246/246
f 245/245/245 247/247/247 246/246/246
f 246/246/246 247/247/247 248/248/248
f 249/249/249 250/250/250 251/251/251
f 250/250/250 252/252/252 251/251/251
f 251/251/251 252/252/252 253/253/253
f 252/252/252 254/254/254 253/253/253
f 253/253/253 254/254/254 255/255/255
f 256/256/256 257/257/257 258/258/258
f 257/257/257 259/259/259 258/258/258
f 258/258/258 259/259/259 260/260/260
f 261/261/261 262/262/262 263/263/263
f 262/262/262 264/264/264 263/263/263
f 263/263/263 264/264/264 265/265/265
f 266/266/266 267/267/267 268/268/268
f 267/267/267 269/269/269 268/268/268
f 268/268/268 269/269/269 270/270/270
f 271/271/271 272/272/272 273/273/273
f 272/272/272 274/274/274 273/273/273
f 273/273/273 274/274/274 275/275/275
f 274/274/274 276/276/276 275/275/275
f 275/275/275 276/276/276 277/277/277
f 278/278/278 279/279/279 280/280/280
f 279/279/279 281/281/281 280/280/280
f 280/280/280 281/281/281 282/282/282
f 281/281/281 283/283/283 282/282/282
f 282/282/282 283/283/283 284/284/284
f 283/283/283 285/285/285 284/284/284
f 284/284/284 285/285/285 286/286/286
f 285/285/285 287/287/287 286/286/286
f 288/288/288 289/289/289 290/290/290
f 289/289/289 291/291/291 290/290/290
f 290/290/290 291/291/291 292/292/292
f 293/293/293 294/294/294 295/295/295
f 294/294/294 296/296/296 295/295/295
f 295/295/295 296/296/296 297/297/297
f 296/296/296 298/298/298 297/297/297
f 299/299/299 300/300/300 301/301/301
f 300/300/300 302/302/302 301/301/301
f 301/301/301 302/302/302 303/303/303
f 302/302/302 304/304/304 303/303/303
f 305/305/305 306/306/306 307/307/307
f 306/306/306 308/308/308 307/307/307
f 307/307/307 308/308/308 309/309/309
f 308/308/308 310/310/310 309/309/309
f 311/311/311 312/312/312 313/313/313
f 312/312/312 314/314/314 313/313/313
f 313/313/313 314/314/314 315/315/315
f 316/316/316 317/317/317 318/318/318
f 317/317/317 319/319/319 318/318/318
f 318/318/318 319/319/319 320/320/320
f 321/321/321 322/322/322 323/323/323
f 322/322/322 324/324/324 323/323/323
f 323/323/323 324/324/324 325/325/325
f 326/326/326 327/327/327 328/328/328
f 327/327/327 329/329/329 328/328/328
f 328/328/328 329/329/329 330/330/330
f 329/329/329 331/331/331 330/330/330
f 330/330/330 331/331/331 332/332/332
f 331/331/331 333/333/333 332/332/332
f 332/332/332 333/333/333 334/334/334
f 333/333/333 335/335/335 334/334/334
f 336/336/336 337/337/337 338/338/338
f 339/339/339 340/340/340 341/341/341
f 340/340/340 342/342/342 341/341/341
f 341/341/341 342/342/342 343/343/343
f 342/342/342 344/344/344 343/343/343
f 343/343/343 344/344/344 345/345/345
f 344/344/344 346/346/346 345/345/345
f 345/345/345 346/346/346 347/347/347
f 346/346/346 348/348/348 347/347/347
f 349/349/349 350/350/350 351/351/351
f 350/350/350 352/352/352 351/351/351
f 351/351/351 352/352/352 353/353/353
f 352/352/352 354/354/354 353/353/353
f 353/353/353 354/354/354 355/355/355
f 354/354/354 356/356/356 355/355/355
f 355/355/355 356/356/356 357/357/357
f 358/358/358 359/359/359 360/360/360
f 359/359/359 361/361/361 360/360/360
f 360/360/360 361/361/361 362/362/362
f 361/361/361 363/363/363 362/362/362
f 362/362/362 363/363/363 364/364/364
f 365/365/365 366/366/366 367/367/367
f 366/366/366 368/368/368 367/367/367
f 367/367/367 368/368/368 369/369/369
f 368/368/368 370/370/370 369/369/369
f 369/369/369 370/370/370 371/371/371
f 370/370/370 372/372/372 371/371/371
f 371/371/371 372/372/372 373/373/373
f 372/372/372 374/374/374 373/373/373
f 373/373/373 374/374/374 375/375/375
f 376/376/376 377/377/377 378/378/378
f 377/377/377 379/379/379 378/378/378
f 378/378/378 379/379/379 380/380/380
f 379/379/379 381/381/381 380/380/380
f 380/380/380 381/381/381 382/382/382
f 383/383/383 384/384/384 385/385/385
f 384/384/384 386/386/386 385/385/385
f 385/385/385 386/386/386 387/387/387
f 386/386/386 388/388/388 387/387/387
f 387/387/387 388/388/388 389/389/389
f 388/388/388 390/390/390 389/389/389
f 389/389/389 390/390/390 391/391/391
f 390/390/390 392/392/392 391/391/391
f 391/391/391 392/392/392 393/393/393
f 392/392/392 394/394/394 393/393/393
f 393/393/393 394/394/394 395/395/395
f 394/394/394 396/396/396 395/395/395
f 395/395/395 396/396/396 397/397/397
f 396/396/396 398/398/398 397/397/397
f 399/399/399 400/400/400 401/401/401
f 402/402/402 403/403/403 404/404/404
f 403/403/403 405/405/405 404/404/404
f 404/404/404 405/405/405 406/406/406
f 405/405/405 407/407/407 406/406/406
f 408/408/408 409/409/409 410/410/410
f 409/409/409 411/411/411 410/410/410
f 410/410/410 411/411/411 412/412/412
f 411/411/411 413/413/413 412/412/412
f 414/414/414 415/415/415 416/416/416
f 415/415/415 417/417/417 416/416/416
f 416/416/416 417/417/417 418/418/418
f 417/417/417 419/419/419 418/418/418
f 420/420/420 421/421/421 422/422/422
f 421/421/421 423/423/423 422/422/422
f 422/422/422 423/423/423 424/424/424
f 423/423/423 425/425/425 424/424/424
f 426/426/426 427/427/427 428/428/428
f 429/429/429 430/430/430 431/431/431
f 430/430/430 432/432/432 431/431/431
f 431/431/431 432/432/432 433/433/433
f 432/432/432 434/434/434 433/433/433
f 435/435/435 436/436/436 437/437/437
f 436/436/436 438/438/438 437/437/437
f 437/437/437 438/438/438 439/439/439
f 438/438/438 440/440/440 439/439/439
f 439/439/439 440/440/440 441/441/441
f 440/440/440 442/442/442 441/441/441
f 441/441/441 442/442/442 443/443/443
f 442/442/442 444/444/444 443/443/443
f 443/443/443 444/444/444 445/445/445
f 444/444/444 446/446/446 445/445/445
f 445/445/445 446/446/446 447/447/447
f 446/446/446 448/448/448 447/447/447
f 449/449/449 450/450/450 451/451/451
f 450/450/450 452/452/452 451/451/451
f 451/451/451 452/452/452 453/453/453
f 454/454/454 455/455/455 456/456/456
f 455/455/455 457/457/457 456/456/456
f 456/456/456 457/457/457 458/458/458
f 457/457/457 459/459/459 458/458/458
f 460/460/460 461/461/461 462/462/462
f 461/461/461 463/463/463 462/462/462
f 462/462/462 463/463/463 464/464/464
f 463/463/463 465/465/465 464/464/464
f 466/466/466 467/467/467 468/468/468
f 467/467/467 469/469/469 468/468/468
f 468/468/468 469/469/469 470/470/470
f 469/469/469 471/471/471 470/470/470
f 472/472/472 473/473/473 474/474/474
f 473/473/473 475/475/475 474/474/474
f 474/474/474 475/475/475 476/476/476
f 475/475/475 477/477/477 476/476/476
f 478/478/478 479/479/479 480/480/480
f 481/481/481 482/482/482 483/483/483
f 482/482/482 484/484/484 483/483/483
f 483/483/483 484/484/484 485/485/485
f 484/484/484 486/486/486 485/485/485
f 487/487/487 488/488/488 489/489/489
f 488/488/488 490/490/490 489/489/489
f 489/489/489 490/490/490 491/491/491
f 490/490/490 492/492/492 491/491/491
f 491/491/491 492/492/492 493/493/493
f 492/492/492 494/494/494 493/493/493
f 493/493/493 494/494/494 495/495/495
f 494/494/494 496/496/496 495/495/495
f 495/495/495 496/496/496 497/497/497
f 496/496/496 498/498/498 497/497/497
f 497/497/497 498/498/498 499/499/499
f 498/498/498 500/500/500 499/499/499
f 499/499/499 500/500/500 501/501/501
f 500/500/500 502/502/502 501/501/501
f 503/503/503 504/504/504 505/505/505
f 506/506/506 507/507/507 508/508/508
f 509/509/509 510/510/510 511/511/511
f 512/512/512 513/513/513 514/514/514
f 515/515/515 516/516/516 517/517/517
f 516/516/516 518/518/518 517/517/517
f 517/517/517 518/518/518 519/519/519
f 518/518/518 520/520/520 519/519/519
f 519/519/519 520/520/520 521/521/521
f 520/520/520 522/522/522 521/521/521
f 521/521/521 522/522/522 523/523/523
f 522/522/522 524/524/524 523/523/523
f 525/525/525 526/526/526 527/527/527
f 526/526/526 528/528/528 527/527/527
f 527/527/527 528/528/528 529/529/529
f 528/528/528 530/530/530 529/529/529
f 529/529/529 530/530/530 531/531/531
f 530/530/530 532/532/532 531/531/531
f 531/531/531 532/532/532 533/533/533
f 532/532/532 534/534/534 533/533/533
f 533/533/533 534/534/534 535/535/535
f 534/534/534 536/536/536 535/535/535
f 535/535/535 536/536/536 537/537/537
f 536/536/536 538/538/538 537/537/537
f 537/537/537 538/538/538 539/539/539
f 538/538/538 540/540/540 539/539/539
f 541/541/541 542/542/542 543/543/543
f 542/542/542 544/544/544 543/543/543
f 543/543/543 544/544/544 545/545/545
f 546/546/546 547/547/547 548/548/548
f 549/549/549 550/550/550 551/551/551
f 550/550/550 552/552/552 551/551/551
f 551/551/551 552/552/552 553/553/553
f 554/554/554 555/555/555 556/556/556
f 557/557/557 558/558/558 559/559/559
f 558/558/558 560/560/560 559/559/559
f 559/559/559 560/560/560 561/561/561
f 562/562/562 563/563/563 564/564/564
f 563/563/563 565/565/565 564/564/564
f 564/564/564 565/565/565 566/566/566
f 567/567/567 568/568/568 569/569/569
f 568/568/568 570/570/570 569/569/569
f 569/569/569 570/570/570 571/571/571
f 572/572/572 573/573/573 574/574/574
f 573/573/573 575/575/575 574/574/574
f 574/574/574 575/575/575 576/576/576
f 577/577/577 578/578/578 579/579/579
f 578/578/578 580/580/580 579/579/579
f 579/579/579 580/580/580 581/581/581
f 580/580/580 582/582/582 581/581/581
f 581/581/581 582/582/582 583/583/583
f 582/582/582 584/584/584 583/583/583
f 583/583/583 584/584/584 585/585/585
f 584/584/584 586/586/586 585/585/585
f 585/585/585 586/586/586 587/587/587
f 586/586/586 588/588/588 587/587/587
f 587/587/587 588/588/588 589/589/589
f 588/588/588 590/590/590 589/589/589
f 589/589/589 590/590/590 591/591/591
f 592/592/592 593/593/593 594/594/594
f 593/593/593 595/595/595 594/594/594
f 594/594/594 595/595/595 596/596/596
f 595/595/595 597/597/597 596/596/596
f 596/596/596 597/597/597 598/598/598
f 597/597/597 599/599/599 598/598/598
f 598/598/598 599/599/599 600/600/600
f 601/601/601 602/602/602 603/603/603
f 602/602/602 604/604/604 603/603/603
f 603/603/603 604/604/604 605/605/605
f 604/604/604 606/606/606 605/605/605
f 605/605/605 606/606/606 607/607/607
f 606/606/606 608/608/608 607/607/607
f 609/609/609 610/610/610 611/611/611
f 610/610/610 612/612/612 611/611/611
f 611/611/611 612/612/612 613/613/613
f 614/614/614 615/615/615 616/616/616
f 615/615/615 617/617/617 616/616/616
f 616/616/616 617/617/617 618/618/618
f 619/619/619 620/620/620 621/621/621
f 620/620/620 622/622/622 621/621/621
f 621/621/621 622/622/622 623/623/623
f 624/624/624 625/625/625 626/626/626
f 625/625/625 627/627/627 626/626/626
f 626/626/626 627/627/627 628/628/628
f 629/629/629 630/630/630 631/631/631
f 630/630/630 632/632/632 631/631/631
f 631/631/631 632/632/632 633/633/633
f 634/634/634 635/635/635 636/636/636
f 635/635/635 637/637/637 636/636/636
f 636/636/636 637/637/637 638/638/638
f 639/639/639 640/640/640 641/641/641
f 640/640/640 642/642/642 641/641/641
f 641/641/641 642/642/642 643/643/643
f 644/644/644 645/645/645 646/646/646
f 645/645/645 647/647/647 646/646/646
f 646/646/646 647/647/647 648/648/648
f 649/649/649 650/650/650 651/651/651
f 650/650/650 652/652/652 651/651/651
f 651/651/651 652/652/652 653/653/653
f 654/654/654 655/655/655 656/656/656
f 655/655/655 657/657/657 656/656/656
f 656/656/656 657/657/657 658/658/658
f 659/659/659 660/660/660 661/661/661
f 660/660/660 662/662/662 661/661/661
f 661/661/661 662/662/662 663/663/663
f 664/664/664 665/665/665 666/666/666
f 665/665/665 667/667/667 666/666/666
f 666/666/666 667/667/667 668/668/668
f 669/669/669 670/670/670 671/671/671
f 670/670/670 672/672/672 671/671/671
f 671/671/671 672/672/672 673/673/673
f 674/674/674 675/675/675 676/676/676
f 675/675/675 677/677/677 676/676/676
f 676/676/676 677/677/677 678/678/678
f 679/679/679 680/680/680 681/681/681
f 680/680/680 682/682/682 681/681/681
f 681/681/681 682/682/682 683/683/683
f 684/684/684 685/685/685 686/686/686
f 685/685/685 687/687/687 686/686/686
f 686/686/686 687/687/687 688/688/688
f 689/689/689 690/690/690 691/691/691
f 692/692/692 693/693/693 694/694/694
f 693/693/693 695/695/695 694/694/694
f 694/694/694 695/695/695 696/696/696
f 695/695/695 697/697/697 696/696/696
f 698/698/698 699/699/699 700/700/700
f 701/701/701 702/702/702 703/703/703
f 702/702/702 704/704/704 703/703/703
f 703/703/703 704/704/704 705/705/705
f 704/704/704 706/706/706 705/705/705
f 705/705/705 706/706/706 707/707/707
f 708/708/708 709/709/709 710/710/710
f 709/709/709 711/711/711 710/710/710
f 710/710/710 711/711/711 712/712/712
f 711/711/711 713/713/713 712/712/712
f 712/712/712 713/713/713 714/714/714
f 715/715/715 716/716/716 717/717/717
f 716/716/716 718/718/718 717/717/717
f 717/717/717 718/718/718 719/719/719
f 718/718/718 720/720/720 719/719/719
f 719/719/719 720/720/720 721/721/721
f 720/720/720 722/722/722 721/721/721
f 721/721/721 722/722/722 723/723/723
f 722/722/722 724/724/724 723/723/723
f 723/723/723 724/724/724 725/725/725
f 724/724/724 726/726/726 725/725/725
f 725/725/725 726/726/726 727/727/727
f 726/726/726 728/728/728 727/727/727
f 727/727/727 728/728/728 729/729/729
f 730/730/730 731/731/731 732/732/732
f 733/733/733 734/734/734 735/735/735
f 734/734/734 736/736/736 735/735/735
f 735/735/735 736/736/736 737/737/737
f 736/736/736 738/738/738 737/737/737
f 737/737/737 738/738/738 739/739/739
f 740/740/740 741/741/741 742/742/742
f 743/743/743 744/744/744 745/745/745
f 744/744/744 746/746/746 745/745/745
f 745/745/745 746/746/746 747/747/747
f 746/746/746 748/748/748 747/747/747
f 747/747/747 748/748/748 749/749/749
f 750/750/750 751/751/751 752/752/752
f 751/751/751 753/753/753 752/752/752
f 752/752/752 753/753/753 754/754/754
f 753/753/753 755/755/755 754/754/754
f 754/754/754 755/755/755 756/756/756
f 757/757/757 758/758/758 759/759/759
f 758/758/758 760/760/760 759/759/759
f 759/759/759 760/760/760 761/761/761
f 760/760/760 762/762/762 761/761/761
f 761/761/761 762/762/762 763/763/763
f 762/762/762 764/764/764 763/763/763
f 763/763/763 764/764/764 765/765/765
f 764/764/764 766/766/766 765/765/765
f 765/765/765 766/766/766 767/767/767
f 766/766/766 768/768/768 767/767/767
f 767/767/767 768/768/768 769/769/769
f 768/768/768 770/770/770 769/769/769
f 769/769/769 770/770/770 771/771/771
f 770/770/770 772/772/772 771/771/771
f 773/773/773 774/774/774 775/775/775
f 774/774/774 776/776/776 775/775/775
f 775/775/775 776/776/776 777/777/777
f 778/778/778 779/779/779 780/780/780
f 779/779/779 781/781/781 780/780/780
f 780/780/780 781/781/781 782/782/782
f 783/783/783 784/784/784 785/785/785
f 784/784/784 786/786/786 785/785/785
f 785/785/785 786/786/786 787/787/787
f 788/788/788 789/789/789 790/790/790
f 789/789/789 791/791/791 790/790/790
f 790/790/790 791/791/791 792/792/792
f 793/793/793 794/794/794 795/795/795
f 794/794/794 796/796/796 795/795/795
f 795/795/795 796/796/796 797/797/797
f 798/798/798 799/799/799 800/800/800
f 799/799/799 801/801/801 800/800/800
f 800/800/800 801/801/801 802/802/802
f 803/803/803 804/804/804 805/805/805
f 804/804/804 806/806/806 805/805/805
f 805/805/805 806/806/806 807/807/807
f 808/808/808 809/809/809 810/810/810
f 809/809/809 811/811/811 810/810/810
f 810/810/810 811/811/811 812/812/812
f 813/813/813 814/814/814 815/815/815
f 816/816/816 817/817/817 818/818/818
f 817/817/817 819/819/819 818/818/818
f 818/818/818 819/819/819 820/820/820
f 819/819/819 821/821/821 820/820/820
f 822/822/822 823/823/823 824/824/824
f 825/825/825 826/826/826 827/827/827
f 826/826/826 828/828/828 827/827/827
f 827/827/827 828/828/828 829/829/829
f 828/828/828 830/830/830 829/829/829
f 829/829/829 830/830/830 831/831/831
f 832/832/832 833/833/833 834/834/834
f 833/833/833 835/835/835 834/834/834
f 834/834/834 835/835/835 836/836/836
f 835/835/835 837/837/837 836/836/836
f 836/836/836 837/837/837 838/838/838
f 839/839/839 840/840/840 841/841/841
f 840/840/840 842/842/842 841/841/841
f 841/841/841 842/842/842 843/843/843
f 842/842/842 844/844/844 843/843/843
f 843/843/843 844/844/844 845/845/845
f 844/844/844 846/846/846 845/845/845
f 845/845/845 846/846/846 847/847/847
f 846/846/846 848/848/848 847/847/847
f 847/847/847 848/848/848 849/849/849
f 848/848/848 850/850/850 849/849/849
f 849/849/849 850/850/850 851/851/851
f 850/850/850 852/852/852 851/851/851
f 851/851/851 852/852/852 853/853/853
f 854/854/854 855/855/855 856/856/856
f 857/857/857 858/858/858 859/859/859
f 858/858/858 860/860/860 859/859/859
f 859/859/859 860/860/860 861/861/861
f 860/860/860 862/862/862 861/861/861
f 861/861/861 862/862/862 863/863/863
f 864/864/864 865/865/865 866/866/866
f 867/867/867 868/868/868 869/869/869
f 868/868/868 870/870/870 869/869/869
f 869/869/869 870/870/870 871/871/871
f 870/870/870 872/872/872 871/871/871
f 871/871/871 872/872/872 873/873/873
f 874/874/874 875/875/875 876/876/876
f 875/875/875 877/877/877 876/876/876
f 876/876/876 877/877/877 878/878/878
f 877/877/877 879/879/879 878/878/878
f 878/878/878 879/879/879 880/880/880
f 881/881/881 882/882/882 883/883/883
f 882/882/882 884/884/884 883/883/883
f 883/883/883 884/884/884 885/885/885
f 884/884/884 886/886/886 885/885/885
f 885/885/885 886/886/886 887/887/887
f 886/886/886 888/888/888 887/887/887
f 887/887/887 888/888/888 889/889/889
f 888/888/888 890/890/890 889/889/889
f 889/889/889 890/890/890 891/891/891
f 890/890/890 892/892/892 891/891/891
f 891/891/891 892/892/892 893/893/893
f 892/892/892 894/894/894 893/893/893
f 893/893/893 894/894/894 895/895/895
f 894/894/894 896/896/896 895/895/895
f 897/897/897 898/898/898 899/899/899
f 898/898/898 900/900/900 899/899/899
f 899/899/899 900/900/900 901/901/901
f 902/902/902 903/903/903 904/904/904
f 903/903/903 905/905/905 904/904/904
f 904/904/904 905/905/905 906/906/906
f 907/907/907 908/908/908 909/909/909
f 908/908/908 910/910/910 909/909/909
f 909/909/909 910/910/910 911/911/911
f 912/912/912 913/913/913 914/914/914
f 913/913/913 915/915/915 914/914/914
f 914/914/914 915/915/915 916/916/916
f 917/917/917 918/918/918 919/919/919
f 918/918/918 920/920/920 919/919/919
f 919/919/919 920/920/920 921/921/921
f 922/922/922 923/923/923 924/924/924
f 923/923/923 925/925/925 924/924/924
f 924/924/924 925/925/925 926/926/926
f 927/927/927 928/928/928 929/929/929
f 928/928/928 930/930/930 929/929/929
f 929/929/929 930/930/930 931/931/931
f 932/932/932 933/933/933 934/934/934
f 933/933/933 935/935/935 934/934/934
f 934/934/934 935/935/935 936/936/936
##########################


##########################
g Root|Tagging_(Predeterminado)|Predeterminado|Cortar-Extruir1|Cortar-Extruir1_-_Part
##########################
v -0.29365 0.50665 0.0025
v -0.29365 1.09395 0.0025
v -0.29365 0.50665 -0.0025
v -0.29365 1.09395 -0.0025
v 0.29365 0.50665 0.0025
v -0.29365 0.50665 0.0025
v 0.29365 0.50665 -0.0025
v -0.29365 0.50665 -0.0025
v 0.29365 1.09395 0.0025
v 0.29365 0.50665 0.0025
v 0.29365 1.09395 -0.0025
v 0.29365 0.50665 -0.0025
v -0.29365 1.09395 0.0025
v 0.29365 1.09395 0.0025
v -0.29365 1.09395 -0.0025
v 0.29365 1.09395 -0.0025
v -0.29365 1.09395 -0.0025
v 0.1005593 1.048768 -0.0025
v 0.09082372 1.041298 -0.0025
v 0.06608288 0.7761069 -0.0025
v 0.07705546 1.008059 -0.0025
v 0.06773707 0.7635421 -0.0025
v 0.07865722 0.995892 -0.0025
v 0.08335331 0.9845546 -0.0025
v 0.1694692 1.020225 -0.0025
v 0.29365 1.09395 -0.0025
v 0.171071 1.008059 -0.0025
v 0.1694692 0.995892 -0.0025
v 0.1118967 0.9626525 -0.0025
v 0.06608288 0.7509773 -0.0025
v 0.1005593 0.9673486 -0.0025
v 0.06773707 0.7635421 -0.0025
v 0.09082372 0.974819 -0.0025
v 0.08335331 0.9845546 -0.0025
v -0.005083018 0.8055848 -0.0025
v -0.01513737 0.7978698 -0.0025
v -0.29365 1.09395 -0.0025
v 0.1694692 0.995892 -0.0025
v 0.29365 1.09395 -0.0025
v 0.1647731 0.9845546 -0.0025
v 0.29365 0.50665 -0.0025
v 0.1573027 0.974819 -0.0025
v 0.1694692 1.020225 -0.0025
v 0.1647731 1.031562 -0.0025
v 0.29365 1.09395 -0.0025
v 0.1573027 1.041298 -0.0025
v 0.1475671 1.048768 -0.0025
v 0.1475671 1.048768 -0.0025
v 0.1362297 1.053465 -0.0025
v 0.29365 1.09395 -0.0025
v 0.1240632 1.055066 -0.0025
v -0.29365 1.09395 -0.0025
v 0.1118967 1.053465 -0.0025
v 0.1005593 1.048768 -0.0025
v 0.09082372 1.041298 -0.0025
v 0.08335331 1.031562 -0.0025
v -0.29365 1.09395 -0.0025
v 0.07865722 1.020225 -0.0025
v 0.07705546 1.008059 -0.0025
v 0.06608288 0.7761069 -0.0025
v 0.06123304 0.7878155 -0.0025
v 0.07705546 1.008059 -0.0025
v 0.05351806 0.7978698 -0.0025
v 0.04346371 0.8055848 -0.0025
v -0.01513737 0.7978698 -0.0025
v -0.02285235 0.7878155 -0.0025
v -0.29365 1.09395 -0.0025
v -0.02770219 0.7761069 -0.0025
v -0.29365 0.50665 -0.0025
v -0.02770219 0.7761069 -0.0025
v -0.02935638 0.7635421 -0.0025
v -0.29365 0.50665 -0.0025
v -0.02770219 0.7509773 -0.0025
v -0.02285235 0.7392687 -0.0025
v 0.29365 0.50665 -0.0025
v -0.29365 0.50665 -0.0025
v 0.006625527 0.7166495 -0.0025
v 0.006625527 0.7166495 -0.0025
v 0.01919034 0.7149954 -0.0025
v 0.29365 0.50665 -0.0025
v 0.03175516 0.7166495 -0.0025
v 0.04346371 0.7214994 -0.0025
v -0.02285235 0.7392687 -0.0025
v -0.01513737 0.7292144 -0.0025
v -0.29365 0.50665 -0.0025
v -0.005083018 0.7214994 -0.0025
v 0.006625527 0.7166495 -0.0025
v 0.04346371 0.7214994 -0.0025
v 0.05351806 0.7292144 -0.0025
v 0.29365 0.50665 -0.0025
v 0.06123304 0.7392687 -0.0025
v 0.06608288 0.7509773 -0.0025
v 0.04346371 0.8055848 -0.0025
v 0.03175516 0.8104346 -0.0025
v 0.07705546 1.008059 -0.0025
v 0.01919034 0.8120888 -0.0025
v -0.29365 1.09395 -0.0025
v 0.006625527 0.8104346 -0.0025
v -0.005083018 0.8055848 -0.0025
v 0.1118967 0.9626525 -0.0025
v 0.1240632 0.9610507 -0.0025
v 0.06608288 0.7509773 -0.0025
v 0.1362297 0.9626525 -0.0025
v 0.29365 0.50665 -0.0025
v 0.1475671 0.9673486 -0.0025
v 0.1573027 0.974819 -0.0025
v 0.171071 1.008059 -0.0025
v 0.171071 1.008059 0.0025
v 0.1694692 1.020225 -0.0025
v 0.1694692 1.020225 0.0025
v 0.1647731 1.031562 -0.0025
v 0.1647731 1.031562 0.0025
v 0.1573027 1.041298 -0.0025
v 0.1573027 1.041298 0.0025
v 0.1475671 1.048768 -0.0025
v 0.1475671 1.048768 0.0025
v 0.1362297 1.053465 -0.0025
v 0.1362297 1.053465 0.0025
v 0.1240632 1.055066 -0.0025
v 0.1240632 1.055066 0.0025
v 0.1118967 1.053465 -0.0025
v 0.1118967 1.053465 0.0025
v 0.1005593 1.048768 -0.0025
v 0.1005593 1.048768 0.0025
v 0.09082372 1.041298 -0.0025
v 0.09082372 1.041298 0.0025
v 0.08335331 1.031562 -0.0025
v 0.08335331 1.031562 0.0025
v 0.07865722 1.020225 -0.0025
v 0.07865722 1.020225 0.0025
v 0.07705546 1.008059 -0.0025
v 0.07705546 1.008059 0.0025
v 0.07865722 0.995892 -0.0025
v 0.07865722 0.995892 0.0025
v 0.08335331 0.9845546 -0.0025
v 0.08335331 0.9845546 0.0025
v 0.09082372 0.974819 -0.0025
v 0.09082372 0.974819 0.0025
v 0.1005593 0.9673486 -0.0025
v 0.1005593 0.9673486 0.0025
v 0.1118967 0.9626525 -0.0025
v 0.1118967 0.9626525 0.0025
v 0.1240632 0.9610507 -0.0025
v 0.1240632 0.9610507 0.0025
v 0.1362297 0.9626525 -0.0025
v 0.1362297 0.9626525 0.0025
v 0.1475671 0.9673486 -0.0025
v 0.1475671 0.9673486 0.0025
v 0.1573027 0.974819 -0.0025
v 0.1573027 0.974819 0.0025
v 0.1647731 0.9845546 -0.0025
v 0.1647731 0.9845546 0.0025
v 0.1694692 0.995892 -0.0025
v 0.1694692 0.995892 0.0025
v 0.171071 1.008059 -0.0025
v 0.171071 1.008059 0.0025
v 0.06773707 0.7635421 -0.0025
v 0.06773707 0.7635421 0.0025
v 0.06608288 0.7761069 -0.0025
v 0.06608288 0.7761069 0.0025
v 0.06123304 0.7878155 -0.0025
v 0.06123304 0.7878155 0.0025
v 0.05351806 0.7978698 -0.0025
v 0.05351806 0.7978698 0.0025
v 0.04346371 0.8055848 -0.0025
v 0.04346371 0.8055848 0.0025
v 0.03175516 0.8104346 -0.0025
v 0.03175516 0.8104346 0.0025
v 0.01919034 0.8120888 -0.0025
v 0.01919034 0.8120888 0.0025
v 0.006625527 0.8104346 -0.0025
v 0.006625527 0.8104346 0.0025
v -0.005083018 0.8055848 -0.0025
v -0.005083018 0.8055848 0.0025
v -0.01513737 0.7978698 -0.0025
v -0.01513737 0.7978698 0.0025
v -0.02285235 0.7878155 -0.0025
v -0.02285235 0.7878155 0.0025
v -0.02770219 0.7761069 -0.0025
v -0.02770219 0.7761069 0.0025
v -0.02935638 0.7635421 -0.0025
v -0.02935638 0.7635421 0.0025
v -0.02770219 0.7509773 -0.0025
v -0.02770219 0.7509773 0.0025
v -0.02285235 0.7392687 -0.0025
v -0.02285235 0.7392687 0.0025
v -0.01513737 0.7292144 -0.0025
v -0.01513737 0.7292144 0.0025
v -0.005083018 0.7214994 -0.0025
v -0.005083018 0.7214994 0.0025
v 0.006625527 0.7166495 -0.0025
v 0.006625527 0.7166495 0.0025
v 0.01919034 0.7149954 -0.0025
v 0.01919034 0.7149954 0.0025
v 0.03175516 0.7166495 -0.0025
v 0.03175516 0.7166495 0.0025
v 0.04346371 0.7214994 -0.0025
v 0.04346371 0.7214994 0.0025
v 0.05351806 0.7292144 -0.0025
v 0.05351806 0.7292144 0.0025
v 0.06123304 0.7392687 -0.0025
v 0.06123304 0.7392687 0.0025
v 0.06608288 0.7509773 -0.0025
v 0.06608288 0.7509773 0.0025
v 0.06773707 0.7635421 -0.0025
v 0.06773707 0.7635421 0.0025
vt 0.5042568 0
vt 0.5042568 1
vt 0.4957432 0
vt 0.4957432 1
vt 0 0.4957432
vt 1 0.4957432
vt 0 0.5042567
vt 1 0.5042567
vt 0.4957432 1
vt 0.4957432 0
vt 0.5042568 1
vt 0.5042568 0
vt 0 0.4957432
vt 1 0.4957432
vt 0 0.5042567
vt 1 0.5042567
vt 1 1
vt 0.3287769 0.9230689
vt 0.3453538 0.910349
vt 0.3874802 0.4588062
vt 0.3687971 0.8537519
vt 0.3846636 0.437412
vt 0.3660698 0.8330359
vt 0.3580737 0.8137317
vt 0.2114435 0.8744679
vt 0 1
vt 0.2087162 0.8537519
vt 0.2114435 0.8330359
vt 0.3094727 0.7764388
vt 0.3874802 0.4160178
vt 0.3287769 0.7844349
vt 0.3846636 0.437412
vt 0.3453538 0.7971548
vt 0.3580737 0.8137317
vt 0.5086549 0.5089984
vt 0.5257745 0.4958621
vt 1 1
vt 0.2114435 0.8330359
vt 0 1
vt 0.2194396 0.8137317
vt 0 0
vt 0.2321595 0.7971548
vt 0.2114435 0.8744679
vt 0.2194396 0.8937721
vt 0 1
vt 0.2321595 0.910349
vt 0.2487364 0.9230689
vt 0.2487364 0.9230689
vt 0.2680407 0.9310651
vt 0 1
vt 0.2887567 0.9337924
vt 1 1
vt 0.3094727 0.9310651
vt 0.3287769 0.9230689
vt 0.3453538 0.910349
vt 0.3580737 0.8937721
vt 1 1
vt 0.3660698 0.8744679
vt 0.3687971 0.8537519
vt 0.3874802 0.4588062
vt 0.3957381 0.4787424
vt 0.3687971 0.8537519
vt 0.4088744 0.4958621
vt 0.425994 0.5089984
vt 0.5257745 0.4958621
vt 0.5389109 0.4787424
vt 1 1
vt 0.5471687 0.4588062
vt 1 0
vt 0.5471687 0.4588062
vt 0.5499853 0.437412
vt 1 0
vt 0.5471687 0.4160178
vt 0.5389109 0.3960816
vt 0 0
vt 1 0
vt 0.4887187 0.3575677
vt 0.4887187 0.3575677
vt 0.4673245 0.3547512
vt 0 0
vt 0.4459302 0.3575677
vt 0.425994 0.3658256
vt 0.5389109 0.3960816
vt 0.5257745 0.3789619
vt 1 0
vt 0.5086549 0.3658256
vt 0.4887187 0.3575677
vt 0.425994 0.3658256
vt 0.4088744 0.3789619
vt 0 0
vt 0.3957381 0.3960816
vt 0.3874802 0.4160178
vt 0.425994 0.5089984
vt 0.4459302 0.5172563
vt 0.3687971 0.8537519
vt 0.4673245 0.5200729
vt 1 1
vt 0.4887187 0.5172563
vt 0.5086549 0.5089984
vt 0.3094727 0.7764388
vt 0.2887567 0.7737114
vt 0.3874802 0.4160178
vt 0.2680407 0.7764388
vt 0 0
vt 0.2487364 0.7844349
vt 0.2321595 0.7971548
vt 0.4957432 0.8537519
vt 0.5042568 0.8537519
vt 0.4957432 0.8744679
vt 0.5042568 0.8744679
vt 0.4957432 0.8937721
vt 0.5042568 0.8937721
vt 0.2321595 0.5042567
vt 0.2321595 0.4957432
vt 0.2487364 0.5042567
vt 0.2487364 0.4957432
vt 0.2680407 0.5042567
vt 0.2680407 0.4957432
vt 0.2887567 0.5042567
vt 0.2887567 0.4957432
vt 0.3094727 0.5042567
vt 0.3094727 0.4957432
vt 0.3287769 0.5042567
vt 0.3287769 0.4957432
vt 0.3453538 0.5042567
vt 0.3453538 0.4957432
vt 0.5042568 0.8937721
vt 0.4957432 0.8937721
vt 0.5042568 0.8744679
vt 0.4957432 0.8744679
vt 0.5042568 0.8537519
vt 0.4957432 0.8537519
vt 0.5042568 0.8330359
vt 0.4957432 0.8330359
vt 0.5042568 0.8137317
vt 0.4957432 0.8137317
vt 0.6546462 0.5042567
vt 0.6546462 0.4957432
vt 0.6712231 0.5042567
vt 0.6712231 0.4957432
vt 0.6905273 0.5042567
vt 0.6905273 0.4957432
vt 0.7112433 0.5042567
vt 0.7112433 0.4957432
vt 0.7319593 0.5042567
vt 0.7319593 0.4957432
vt 0.7512636 0.5042567
vt 0.7512636 0.4957432
vt 0.7678405 0.5042567
vt 0.7678405 0.4957432
vt 0.4957432 0.8137317
vt 0.5042568 0.8137317
vt 0.4957432 0.8330359
vt 0.5042568 0.8330359
vt 0.4957432 0.8537519
vt 0.5042568 0.8537519
vt 0.4957432 0.437412
vt 0.5042568 0.437412
vt 0.4957432 0.4588062
vt 0.5042568 0.4588062
vt 0.4957432 0.4787424
vt 0.5042568 0.4787424
vt 0.4088744 0.5042567
vt 0.4088744 0.4957432
vt 0.425994 0.5042567
vt 0.425994 0.4957432
vt 0.4459302 0.5042567
vt 0.4459302 0.4957432
vt 0.4673245 0.5042567
vt 0.4673245 0.4957432
vt 0.4887187 0.5042567
vt 0.4887187 0.4957432
vt 0.5086549 0.5042567
vt 0.5086549 0.4957432
vt 0.5257745 0.5042567
vt 0.5257745 0.4957432
vt 0.5042568 0.4787424
vt 0.4957432 0.4787424
vt 0.5042568 0.4588062
vt 0.4957432 0.4588062
vt 0.5042568 0.437412
vt 0.4957432 0.437412
vt 0.5042568 0.4160178
vt 0.4957432 0.4160178
vt 0.5042568 0.3960816
vt 0.4957432 0.3960816
vt 0.4742255 0.5042567
vt 0.4742255 0.4957432
vt 0.4913451 0.5042567
vt 0.4913451 0.4957432
vt 0.5112813 0.5042567
vt 0.5112813 0.4957432
vt 0.5326756 0.5042567
vt 0.5326756 0.4957432
vt 0.5540698 0.5042567
vt 0.5540698 0.4957432
vt 0.574006 0.5042567
vt 0.574006 0.4957432
vt 0.5911256 0.5042567
vt 0.5911256 0.4957432
vt 0.4957432 0.3960816
vt 0.5042568 0.3960816
vt 0.4957432 0.4160178
vt 0.5042568 0.4160178
vt 0.4957432 0.437412
vt 0.5042568 0.437412
vn -1 0 0
vn -1 0 0
vn -1 0 0
vn -1 0 0
vn 0 -1 0
vn 0 -1 0
vn 0 -1 0
vn 0 -1 0
vn 1 0 0
vn 1 0 0
vn 1 0 0
vn 1 0 0
vn 0 1 0
vn 0 1 0
vn 0 1 0
vn 0 1 0
vn 0 0 -1
vn 0 0 -1
vn 0 0 -1
vn 0 0 -1
vn 0 0 -1
vn 0 0 -1
vn 0 0 -1
vn 0 0 -1
vn 0 0 -1
vn 0 0 -1
vn 0 0 -1
vn 0 0 -1
vn 0 0 -1
vn 0 0 -1
vn 0 0 -1
vn 0 0 -1
vn 0 0 -1
vn 0 0 -1
vn 0 0 -1
vn 0 0 -1
vn 0 0 -1
vn 0 0 -1
vn 0 0 -1
vn 0 0 -1
vn 0 0 -1
vn 0 0 -1
vn 0 0 -1
vn 0 0 -1
vn 0 0 -1
vn 0 0 -1
vn 0 0 -1
vn 0 0 -1
vn 0 0 -1
vn 0 0 -1
vn 0 0 -1
vn 0 0 -1
vn 0 0 -1
vn 0 0 -1
vn 0 0 -1
vn 0 0 -1
vn 0 0 -1
vn 0 0 -1
vn 0 0 -1
vn 0 0 -1
vn 0 0 -1
vn 0 0 -1
vn 0 0 -1
vn 0 0 -1
vn 0 0 -1
vn 0 0 -1
vn 0 0 -1
vn 0 0 -1
vn 0 0 -1
vn 0 0 -1
vn 0 0 -1
vn 0 0 -1
vn 0 0 -1
vn 0 0 -1
vn 0 0 -1
vn 0 0 -1
vn 0 0 -1
vn 0 0 -1
vn 0 0 -1
vn 0 0 -1
vn 0 0 -1
vn 0 0 -1
vn 0 0 -1
vn 0 0 -1
vn 0 0 -1
vn 0 0 -1
vn 0 0 -1
vn 0 0 -1
vn 0 0 -1
vn 0 0 -1
vn 0 0 -1
vn 0 0 -1
vn 0 0 -1
vn 0 0 -1
vn 0 0 -1
vn 0 0 -1
vn 0 0 -1
vn 0 0 -1
vn 0 0 -1
vn 0 0 -1
vn 0 0 -1
vn 0 0 -1
vn 0 0 -1
vn 0 0 -1
vn 0 0 -1
vn 0 0 -1
vn -1 2.449294E-16 0
vn -1 2.449294E-16 0
vn -0.9659259 -0.2588191 0
vn -0.9659259 -0.2588191 0
vn -0.8660254 -0.5 0
vn -0.8660254 -0.5 0
vn -0.7071068 -0.7071068 0
vn -0.7071068 -0.7071068 0
vn -0.5 -0.8660254 0
vn -0.5 -0.8660254 0
vn -0.2588191 -0.9659259 0
vn -0.2588191 -0.9659259 0
vn -2.832769E-16 -1 0
vn -2.832769E-16 -1 0
vn 0.2588191 -0.9659259 0
vn 0.2588191 -0.9659259 0
vn 0.5 -0.8660254 0
vn 0.5 -0.8660254 0
vn 0.7071068 -0.7071068 0
vn 0.7071068 -0.7071068 0
vn 0.8660254 -0.5 0
vn 0.8660254 -0.5 0
vn 0.9659259 -0.2588191 0
vn 0.9659259 -0.2588191 0
vn 1 -5.665539E-16 0
vn 1 -5.665539E-16 0
vn 0.9659259 0.2588191 0
vn 0.9659259 0.2588191 0
vn 0.8660254 0.5 0
vn 0.8660254 0.5 0
vn 0.7071068 0.7071068 0
vn 0.7071068 0.7071068 0
vn 0.5 0.8660254 0
vn 0.5 0.8660254 0
vn 0.2588191 0.9659259 0
vn 0.2588191 0.9659259 0
vn 1.071875E-15 1 0
vn 1.071875E-15 1 0
vn -0.2588191 0.9659259 0
vn -0.2588191 0.9659259 0
vn -0.5 0.8660254 0
vn -0.5 0.8660254 0
vn -0.7071068 0.7071068 0
vn -0.7071068 0.7071068 0
vn -0.8660254 0.5 0
vn -0.8660254 0.5 0
vn -0.9659259 0.2588191 0
vn -0.9659259 0.2588191 0
vn -1 2.449294E-16 0
vn -1 2.449294E-16 0
vn -1 2.449294E-16 0
vn -1 2.449294E-16 0
vn -0.9659259 -0.2588191 0
vn -0.9659259 -0.2588191 0
vn -0.8660254 -0.5 0
vn -0.8660254 -0.5 0
vn -0.7071068 -0.7071068 0
vn -0.7071068 -0.7071068 0
vn -0.5 -0.8660254 0
vn -0.5 -0.8660254 0
vn -0.2588191 -0.9659259 0
vn -0.2588191 -0.9659259 0
vn -2.832769E-16 -1 0
vn -2.832769E-16 -1 0
vn 0.2588191 -0.9659259 0
vn 0.2588191 -0.9659259 0
vn 0.5 -0.8660254 0
vn 0.5 -0.8660254 0
vn 0.7071068 -0.7071068 0
vn 0.7071068 -0.7071068 0
vn 0.8660254 -0.5 0
vn 0.8660254 -0.5 0
vn 0.9659259 -0.2588191 0
vn 0.9659259 -0.2588191 0
vn 1 -5.665539E-16 0
vn 1 -5.665539E-16 0
vn 0.9659259 0.2588191 0
vn 0.9659259 0.2588191 0
vn 0.8660254 0.5 0
vn 0.8660254 0.5 0
vn 0.7071068 0.7071068 0
vn 0.7071068 0.7071068 0
vn 0.5 0.8660254 0
vn 0.5 0.8660254 0
vn 0.2588191 0.9659259 0
vn 0.2588191 0.9659259 0
vn 1.071875E-15 1 0
vn 1.071875E-15 1 0
vn -0.2588191 0.9659259 0
vn -0.2588191 0.9659259 0
vn -0.5 0.8660254 0
vn -0.5 0.8660254 0
vn -0.7071068 0.7071068 0
vn -0.7071068 0.7071068 0
vn -0.8660254 0.5 0
vn -0.8660254 0.5 0
vn -0.9659259 0.2588191 0
vn -0.9659259 0.2588191 0
vn -1 2.449294E-16 0
vn -1 2.449294E-16 0
usemtl color
f 937/937/937 938/938/938 939/939/939
f 938/938/938 940/940/940 939/939/939
f 941/941/941 942/942/942 943/943/943
f 942/942/942 944/944/944 943/943/943
f 945/945/945 946/946/946 947/947/947
f 946/946/946 948/948/948 947/947/947
f 949/949/949 950/950/950 951/951/951
f 950/950/950 952/952/952 951/951/951
f 953/953/953 954/954/954 955/955/955
f 956/956/956 957/957/957 958/958/958
f 957/957/957 959/959/959 958/958/958
f 958/958/958 959/959/959 960/960/960
f 961/961/961 962/962/962 963/963/963
f 962/962/962 964/964/964 963/963/963
f 965/965/965 966/966/966 967/967/967
f 966/966/966 968/968/968 967/967/967
f 967/967/967 968/968/968 969/969/969
f 968/968/968 970/970/970 969/969/969
f 971/971/971 972/972/972 973/973/973
f 974/974/974 975/975/975 976/976/976
f 975/975/975 977/977/977 976/976/976
f 976/976/976 977/977/977 978/978/978
f 979/979/979 980/980/980 981/981/981
f 980/980/980 982/982/982 981/981/981
f 981/981/981 982/982/982 983/983/983
f 984/984/984 985/985/985 986/986/986
f 985/985/985 987/987/987 986/986/986
f 986/986/986 987/987/987 988/988/988
f 987/987/987 989/989/989 988/988/988
f 988/988/988 989/989/989 990/990/990
f 991/991/991 992/992/992 993/993/993
f 992/992/992 994/994/994 993/993/993
f 993/993/993 994/994/994 995/995/995
f 996/996/996 997/997/997 998/998/998
f 997/997/997 999/999/999 998/998/998
f 998/998/998 999/999/999 1000/1000/1000
f 1001/1001/1001 1002/1002/1002 1003/1003/1003
f 1002/1002/1002 1004/1004/1004 1003/1003/1003
f 1003/1003/1003 1004/1004/1004 1005/1005/1005
f 1006/1006/1006 1007/1007/1007 1008/1008/1008
f 1007/1007/1007 1009/1009/1009 1008/1008/1008
f 1008/1008/1008 1009/1009/1009 1010/1010/1010
f 1011/1011/1011 1012/1012/1012 1013/1013/1013
f 1014/1014/1014 1015/1015/1015 1016/1016/1016
f 1015/1015/1015 1017/1017/1017 1016/1016/1016
f 1016/1016/1016 1017/1017/1017 1018/1018/1018
f 1019/1019/1019 1020/1020/1020 1021/1021/1021
f 1020/1020/1020 1022/1022/1022 1021/1021/1021
f 1021/1021/1021 1022/1022/1022 1023/1023/1023
f 1024/1024/1024 1025/1025/1025 1026/1026/1026
f 1025/1025/1025 1027/1027/1027 1026/1026/1026
f 1026/1026/1026 1027/1027/1027 1028/1028/1028
f 1029/1029/1029 1030/1030/1030 1031/1031/1031
f 1030/1030/1030 1032/1032/1032 1031/1031/1031
f 1031/1031/1031 1032/1032/1032 1033/1033/1033
f 1032/1032/1032 1034/1034/1034 1033/1033/1033
f 1033/1033/1033 1034/1034/1034 1035/1035/1035
f 1036/1036/1036 1037/1037/1037 1038/1038/1038
f 1037/1037/1037 1039/1039/1039 1038/1038/1038
f 1038/1038/1038 1039/1039/1039 1040/1040/1040
f 1039/1039/1039 1041/1041/1041 1040/1040/1040
f 1040/1040/1040 1041/1041/1041 1042/1042/1042
f 1043/1043/1043 1044/1044/1044 1045/1045/1045
f 1044/1044/1044 1046/1046/1046 1045/1045/1045
f 1045/1045/1045 1046/1046/1046 1047/1047/1047
f 1046/1046/1046 1048/1048/1048 1047/1047/1047
f 1047/1047/1047 1048/1048/1048 1049/1049/1049
f 1048/1048/1048 1050/1050/1050 1049/1049/1049
f 1049/1049/1049 1050/1050/1050 1051/1051/1051
f 1050/1050/1050 1052/1052/1052 1051/1051/1051
f 1051/1051/1051 1052/1052/1052 1053/1053/1053
f 1052/1052/1052 1054/1054/1054 1053/1053/1053
f 1053/1053/1053 1054/1054/1054 1055/1055/1055
f 1054/1054/1054 1056/1056/1056 1055/1055/1055
f 1055/1055/1055 1056/1056/1056 1057/1057/1057
f 1056/1056/1056 1058/1058/1058 1057/1057/1057
f 1057/1057/1057 1058/1058/1058 1059/1059/1059
f 1058/1058/1058 1060/1060/1060 1059/1059/1059
f 1059/1059/1059 1060/1060/1060 1061/1061/1061
f 1060/1060/1060 1062/1062/1062 1061/1061/1061
f 1061/1061/1061 1062/1062/1062 1063/1063/1063
f 1062/1062/1062 1064/1064/1064 1063/1063/1063
f 1063/1063/1063 1064/1064/1064 1065/1065/1065
f 1064/1064/1064 1066/1066/1066 1065/1065/1065
f 1065/1065/1065 1066/1066/1066 1067/1067/1067
f 1066/1066/1066 1068/1068/1068 1067/1067/1067
f 1067/1067/1067 1068/1068/1068 1069/1069/1069
f 1068/1068/1068 1070/1070/1070 1069/1069/1069
f 1069/1069/1069 1070/1070/1070 1071/1071/1071
f 1070/1070/1070 1072/1072/1072 1071/1071/1071
f 1071/1071/1071 1072/1072/1072 1073/1073/1073
f 1072/1072/1072 1074/1074/1074 1073/1073/1073
f 1073/1073/1073 1074/1074/1074 1075/1075/1075
f 1074/1074/1074 1076/1076/1076 1075/1075/1075
f 1075/1075/1075 1076/1076/1076 1077/1077/1077
f 1076/1076/1076 1078/1078/1078 1077/1077/1077
f 1077/1077/1077 1078/1078/1078 1079/1079/1079
f 1078/1078/1078 1080/1080/1080 1079/1079/1079
f 1079/1079/1079 1080/1080/1080 1081/1081/1081
f 1080/1080/1080 1082/1082/1082 1081/1081/1081
f 1081/1081/1081 1082/1082/1082 1083/1083/1083
f 1082/1082/1082 1084/1084/1084 1083/1083/1083
f 1083/1083/1083 1084/1084/1084 1085/1085/1085
f 1084/1084/1084 1086/1086/1086 1085/1085/1085
f 1085/1085/1085 1086/1086/1086 1087/1087/1087
f 1086/1086/1086 1088/1088/1088 1087/1087/1087
f 1087/1087/1087 1088/1088/1088 1089/1089/1089
f 1088/1088/1088 1090/1090/1090 1089/1089/1089
f 1089/1089/1089 1090/1090/1090 1091/1091/1091
f 1090/1090/1090 1092/1092/1092 1091/1091/1091
f 1093/1093/1093 1094/1094/1094 1095/1095/1095
f 1094/1094/1094 1096/1096/1096 1095/1095/1095
f 1095/1095/1095 1096/1096/1096 1097/1097/1097
f 1096/1096/1096 1098/1098/1098 1097/1097/1097
f 1097/1097/1097 1098/1098/1098 1099/1099/1099
f 1098/1098/1098 1100/1100/1100 1099/1099/1099
f 1099/1099/1099 1100/1100/1100 1101/1101/1101
f 1100/1100/1100 1102/1102/1102 1101/1101/1101
f 1101/1101/1101 1102/1102/1102 1103/1103/1103
f 1102/1102/1102 1104/1104/1104 1103/1103/1103
f 1103/1103/1103 1104/1104/1104 1105/1105/1105
f 1104/1104/1104 1106/1106/1106 1105/1105/1105
f 1105/1105/1105 1106/1106/1106 1107/1107/1107
f 1106/1106/1106 1108/1108/1108 1107/1107/1107
f 1107/1107/1107 1108/1108/1108 1109/1109/1109
f 1108/1108/1108 1110/1110/1110 1109/1109/1109
f 1109/1109/1109 1110/1110/1110 1111/1111/1111
f 1110/1110/1110 1112/1112/1112 1111/1111/1111
f 1111/1111/1111 1112/1112/1112 1113/1113/1113
f 1112/1112/1112 1114/1114/1114 1113/1113/1113
f 1113/1113/1113 1114/1114/1114 1115/1115/1115
f 1114/1114/1114 1116/1116/1116 1115/1115/1115
f 1115/1115/1115 1116/1116/1116 1117/1117/1117
f 1116/1116/1116 1118/1118/1118 1117/1117/1117
f 1117/1117/1117 1118/1118/1118 1119/1119/1119
f 1118/1118/1118 1120/1120/1120 1119/1119/1119
f 1119/1119/1119 1120/1120/1120 1121/1121/1121
f 1120/1120/1120 1122/1122/1122 1121/1121/1121
f 1121/1121/1121 1122/1122/1122 1123/1123/1123
f 1122/1122/1122 1124/1124/1124 1123/1123/1123
f 1123/1123/1123 1124/1124/1124 1125/1125/1125
f 1124/1124/1124 1126/1126/1126 1125/1125/1125
f 1125/1125/1125 1126/1126/1126 1127/1127/1127
f 1126/1126/1126 1128/1128/1128 1127/1127/1127
f 1127/1127/1127 1128/1128/1128 1129/1129/1129
f 1128/1128/1128 1130/1130/1130 1129/1129/1129
f 1129/1129/1129 1130/1130/1130 1131/1131/1131
f 1130/1130/1130 1132/1132/1132 1131/1131/1131
f 1131/1131/1131 1132/1132/1132 1133/1133/1133
f 1132/1132/1132 1134/1134/1134 1133/1133/1133
f 1133/1133/1133 1134/1134/1134 1135/1135/1135
f 1134/1134/1134 1136/1136/1136 1135/1135/1135
f 1135/1135/1135 1136/1136/1136 1137/1137/1137
f 1136/1136/1136 1138/1138/1138 1137/1137/1137
f 1137/1137/1137 1138/1138/1138 1139/1139/1139
f 1138/1138/1138 1140/1140/1140 1139/1139/1139
f 1139/1139/1139 1140/1140/1140 1141/1141/1141
f 1140/1140/1140 1142/1142/1142 1141/1141/1141
##########################


##########################
g Root|Tagging_(Predeterminado)|Predeterminado|Cortar-Extruir1|Cortar-Extruir1_-_Part_2
##########################
v 0.01919034 0.8120888 0.0025
v 0.1573027 0.974819 0.0025
v 0.006625527 0.8104346 0.0025
v 0.1475671 0.9673486 0.0025
v -0.005083018 0.8055848 0.0025
v -0.005083018 0.8055848 0.0025
v 0.1475671 0.9673486 0.0025
v -0.01513737 0.7978698 0.0025
v 0.1362297 0.9626525 0.0025
v 0.1240632 0.9610507 0.0025
v 0.09082372 1.041298 0.0025
v 0.1005593 1.048768 0.0025
v -0.29365 1.09395 0.0025
v 0.1475671 1.048768 0.0025
v 0.1573027 1.041298 0.0025
v 0.29365 1.09395 0.0025
v 0.1647731 1.031562 0.0025
v 0.1694692 1.020225 0.0025
v 0.1694692 1.020225 0.0025
v 0.171071 1.008059 0.0025
v 0.29365 1.09395 0.0025
v 0.1694692 0.995892 0.0025
v 0.1647731 0.9845546 0.0025
v 0.01919034 0.8120888 0.0025
v 0.03175516 0.8104346 0.0025
v 0.1573027 0.974819 0.0025
v 0.04346371 0.8055848 0.0025
v 0.1647731 0.9845546 0.0025
v 0.05351806 0.7978698 0.0025
v 0.29365 1.09395 0.0025
v 0.05351806 0.7978698 0.0025
v 0.06123304 0.7878155 0.0025
v 0.29365 1.09395 0.0025
v 0.06608288 0.7761069 0.0025
v 0.29365 0.50665 0.0025
v 0.06773707 0.7635421 0.0025
v 0.06608288 0.7509773 0.0025
v 0.06608288 0.7509773 0.0025
v 0.06123304 0.7392687 0.0025
v 0.29365 0.50665 0.0025
v 0.05351806 0.7292144 0.0025
v 0.04346371 0.7214994 0.0025
v 0.04346371 0.7214994 0.0025
v 0.03175516 0.7166495 0.0025
v 0.29365 0.50665 0.0025
v 0.01919034 0.7149954 0.0025
v -0.29365 0.50665 0.0025
v 0.006625527 0.7166495 0.0025
v -0.005083018 0.7214994 0.0025
v 0.07705546 1.008059 0.0025
v 0.07865722 1.020225 0.0025
v -0.29365 1.09395 0.0025
v 0.08335331 1.031562 0.0025
v 0.09082372 1.041298 0.0025
v 0.1005593 1.048768 0.0025
v 0.1118967 1.053465 0.0025
v -0.29365 1.09395 0.0025
v 0.1240632 1.055066 0.0025
v 0.29365 1.09395 0.0025
v 0.1362297 1.053465 0.0025
v 0.1475671 1.048768 0.0025
v -0.005083018 0.7214994 0.0025
v -0.01513737 0.7292144 0.0025
v -0.29365 0.50665 0.0025
v -0.02285235 0.7392687 0.0025
v -0.02770219 0.7509773 0.0025
v -0.02770219 0.7509773 0.0025
v -0.02935638 0.7635421 0.0025
v -0.29365 0.50665 0.0025
v -0.02770219 0.7761069 0.0025
v -0.02285235 0.7878155 0.0025
v 0.1240632 0.9610507 0.0025
v 0.1118967 0.9626525 0.0025
v -0.01513737 0.7978698 0.0025
v 0.1005593 0.9673486 0.0025
v -0.02285235 0.7878155 0.0025
v 0.09082372 0.974819 0.0025
v -0.29365 0.50665 0.0025
v 0.08335331 0.9845546 0.0025
v -0.29365 1.09395 0.0025
v 0.07865722 0.995892 0.0025
v 0.07705546 1.008059 0.0025
vt 0.5326756 0.5200729
vt 0.7678405 0.7971548
vt 0.5112813 0.5172563
vt 0.7512636 0.7844349
vt 0.4913451 0.5089984
vt 0.4913451 0.5089984
vt 0.7512636 0.7844349
vt 0.4742255 0.4958621
vt 0.7319593 0.7764388
vt 0.7112433 0.7737114
vt 0.6546462 0.910349
vt 0.6712231 0.9230689
vt 0 1
vt 0.7512636 0.9230689
vt 0.7678405 0.910349
vt 1 1
vt 0.7805604 0.8937721
vt 0.7885565 0.8744679
vt 0.7885565 0.8744679
vt 0.7912838 0.8537519
vt 1 1
vt 0.7885565 0.8330359
vt 0.7805604 0.8137317
vt 0.5326756 0.5200729
vt 0.5540698 0.5172563
vt 0.7678405 0.7971548
vt 0.574006 0.5089984
vt 0.7805604 0.8137317
vt 0.5911256 0.4958621
vt 1 1
vt 0.5911256 0.4958621
vt 0.6042619 0.4787424
vt 1 1
vt 0.6125198 0.4588062
vt 1 0
vt 0.6153364 0.437412
vt 0.6125198 0.4160178
vt 0.6125198 0.4160178
vt 0.6042619 0.3960816
vt 1 0
vt 0.5911256 0.3789619
vt 0.574006 0.3658256
vt 0.574006 0.3658256
vt 0.5540698 0.3575677
vt 1 0
vt 0.5326756 0.3547512
vt 0 0
vt 0.5112813 0.3575677
vt 0.4913451 0.3658256
vt 0.6312029 0.8537519
vt 0.6339302 0.8744679
vt 0 1
vt 0.6419263 0.8937721
vt 0.6546462 0.910349
vt 0.6712231 0.9230689
vt 0.6905273 0.9310651
vt 0 1
vt 0.7112433 0.9337924
vt 1 1
vt 0.7319593 0.9310651
vt 0.7512636 0.9230689
vt 0.4913451 0.3658256
vt 0.4742255 0.3789619
vt 0 0
vt 0.4610891 0.3960816
vt 0.4528313 0.4160178
vt 0.4528313 0.4160178
vt 0.4500147 0.437412
vt 0 0
vt 0.4528313 0.4588062
vt 0.4610891 0.4787424
vt 0.7112433 0.7737114
vt 0.6905273 0.7764388
vt 0.4742255 0.4958621
vt 0.6712231 0.7844349
vt 0.4610891 0.4787424
vt 0.6546462 0.7971548
vt 0 0
vt 0.6419263 0.8137317
vt 0 1
vt 0.6339302 0.8330359
vt 0.6312029 0.8537519
vn 0 0 1
vn 0 0 1
vn 0 0 1
vn 0 0 1
vn 0 0 1
vn 0 0 1
vn 0 0 1
vn 0 0 1
vn 0 0 1
vn 0 0 1
vn 0 0 1
vn 0 0 1
vn 0 0 1
vn 0 0 1
vn 0 0 1
vn 0 0 1
vn 0 0 1
vn 0 0 1
vn 0 0 1
vn 0 0 1
vn 0 0 1
vn 0 0 1
vn 0 0 1
vn 0 0 1
vn 0 0 1
vn 0 0 1
vn 0 0 1
vn 0 0 1
vn 0 0 1
vn 0 0 1
vn 0 0 1
vn 0 0 1
vn 0 0 1
vn 0 0 1
vn 0 0 1
vn 0 0 1
vn 0 0 1
vn 0 0 1
vn 0 0 1
vn 0 0 1
vn 0 0 1
vn 0 0 1
vn 0 0 1
vn 0 0 1
vn 0 0 1
vn 0 0 1
vn 0 0 1
vn 0 0 1
vn 0 0 1
vn 0 0 1
vn 0 0 1
vn 0 0 1
vn 0 0 1
vn 0 0 1
vn 0 0 1
vn 0 0 1
vn 0 0 1
vn 0 0 1
vn 0 0 1
vn 0 0 1
vn 0 0 1
vn 0 0 1
vn 0 0 1
vn 0 0 1
vn 0 0 1
vn 0 0 1
vn 0 0 1
vn 0 0 1
vn 0 0 1
vn 0 0 1
vn 0 0 1
vn 0 0 1
vn 0 0 1
vn 0 0 1
vn 0 0 1
vn 0 0 1
vn 0 0 1
vn 0 0 1
vn 0 0 1
vn 0 0 1
vn 0 0 1
vn 0 0 1
usemtl color
f 1143/1143/1143 1144/1144/1144 1145/1145/1145
f 1144/1144/1144 1146/1146/1146 1145/1145/1145
f 1145/1145/1145 1146/1146/1146 1147/1147/1147
f 1148/1148/1148 1149/1149/1149 1150/1150/1150
f 1149/1149/1149 1151/1151/1151 1150/1150/1150
f 1150/1150/1150 1151/1151/1151 1152/1152/1152
f 1153/1153/1153 1154/1154/1154 1155/1155/1155
f 1156/1156/1156 1157/1157/1157 1158/1158/1158
f 1157/1157/1157 1159/1159/1159 1158/1158/1158
f 1158/1158/1158 1159/1159/1159 1160/1160/1160
f 1161/1161/1161 1162/1162/1162 1163/1163/1163
f 1162/1162/1162 1164/1164/1164 1163/1163/1163
f 1163/1163/1163 1164/1164/1164 1165/1165/1165
f 1166/1166/1166 1167/1167/1167 1168/1168/1168
f 1167/1167/1167 1169/1169/1169 1168/1168/1168
f 1168/1168/1168 1169/1169/1169 1170/1170/1170
f 1169/1169/1169 1171/1171/1171 1170/1170/1170
f 1170/1170/1170 1171/1171/1171 1172/1172/1172
f 1173/1173/1173 1174/1174/1174 1175/1175/1175
f 1174/1174/1174 1176/1176/1176 1175/1175/1175
f 1175/1175/1175 1176/1176/1176 1177/1177/1177
f 1176/1176/1176 1178/1178/1178 1177/1177/1177
f 1177/1177/1177 1178/1178/1178 1179/1179/1179
f 1180/1180/1180 1181/1181/1181 1182/1182/1182
f 1181/1181/1181 1183/1183/1183 1182/1182/1182
f 1182/1182/1182 1183/1183/1183 1184/1184/1184
f 1185/1185/1185 1186/1186/1186 1187/1187/1187
f 1186/1186/1186 1188/1188/1188 1187/1187/1187
f 1187/1187/1187 1188/1188/1188 1189/1189/1189
f 1188/1188/1188 1190/1190/1190 1189/1189/1189
f 1189/1189/1189 1190/1190/1190 1191/1191/1191
f 1192/1192/1192 1193/1193/1193 1194/1194/1194
f 1193/1193/1193 1195/1195/1195 1194/1194/1194
f 1194/1194/1194 1195/1195/1195 1196/1196/1196
f 1197/1197/1197 1198/1198/1198 1199/1199/1199
f 1198/1198/1198 1200/1200/1200 1199/1199/1199
f 1199/1199/1199 1200/1200/1200 1201/1201/1201
f 1200/1200/1200 1202/1202/1202 1201/1201/1201
f 1201/1201/1201 1202/1202/1202 1203/1203/1203
f 1204/1204/1204 1205/1205/1205 1206/1206/1206
f 1205/1205/1205 1207/1207/1207 1206/1206/1206
f 1206/1206/1206 1207/1207/1207 1208/1208/1208
f 1209/1209/1209 1210/1210/1210 1211/1211/1211
f 1210/1210/1210 1212/1212/1212 1211/1211/1211
f 1211/1211/1211 1212/1212/1212 1213/1213/1213
f 1214/1214/1214 1215/1215/1215 1216/1216/1216
f 1215/1215/1215 1217/1217/1217 1216/1216/1216
f 1216/1216/1216 1217/1217/1217 1218/1218/1218
f 1217/1217/1217 1219/1219/1219 1218/1218/1218
f 1218/1218/1218 1219/1219/1219 1220/1220/1220
f 1219/1219/1219 1221/1221/1221 1220/1220/1220
f 1220/1220/1220 1221/1221/1221 1222/1222/1222
f 1221/1221/1221 1223/1223/1223 1222/1222/1222
f 1222/1222/1222 1223/1223/1223 1224/1224/1224
##########################

