#
# Bunkspeed OBJ File
# http://www.bunkspeed.com
#
mtllib slalom.mtl

##########################
g Root|Slalom_(Predeterminado)|Predeterminado|Saliente-Extruir1[1]|Saliente-Extruir1[1]_-_Part
##########################
v 0 1.2003 0.025
v 0.005563024 0.0003000498 0.0243732
v 0.005563024 1.2003 0.0243732
v 0.01084709 0.0003000498 0.02252422
v 0.01084709 1.2003 0.02252422
v 0.01558725 0.0003000498 0.01954579
v 0.01558725 1.2003 0.01954579
v 0.01954579 0.0003000498 0.01558725
v 0.01954579 1.2003 0.01558725
v 0.02252422 0.0003000498 0.01084709
v 0.02252422 1.2003 0.01084709
v 0.0243732 0.0003000498 0.005563024
v 0.0243732 1.2003 0.005563024
v 0.025 0.0003000498 1.530808E-18
v 0.025 1.2003 1.530808E-18
v 0.0243732 0.0003000498 -0.005563024
v 0.0243732 1.2003 -0.005563024
v 0.02252422 0.0003000498 -0.01084709
v 0.02252422 1.2003 -0.01084709
v 0.01954579 0.0003000498 -0.01558725
v 0.01954579 1.2003 -0.01558725
v 0.01558725 0.0003000498 -0.01954579
v 0.01558725 1.2003 -0.01954579
v 0.01084709 0.0003000498 -0.02252422
v 0.01084709 1.2003 -0.02252422
v 0.005563024 0.0003000498 -0.0243732
v 0.005563024 1.2003 -0.0243732
v 3.061617E-18 0.0003000498 -0.025
v 3.061617E-18 1.2003 -0.025
v -0.005563024 0.0003000498 -0.0243732
v -0.005563024 1.2003 -0.0243732
v -0.01084709 0.0003000498 -0.02252422
v -0.01084709 1.2003 -0.02252422
v -0.01558725 0.0003000498 -0.01954579
v -0.01558725 1.2003 -0.01954579
v -0.01954579 0.0003000498 -0.01558725
v -0.01954579 1.2003 -0.01558725
v -0.02252422 0.0003000498 -0.01084709
v -0.02252422 1.2003 -0.01084709
v -0.0243732 0.0003000498 -0.005563024
v -0.0243732 1.2003 -0.005563024
v -0.025 0.0003000498 -4.592426E-18
v -0.025 1.2003 -4.592426E-18
v -0.0243732 0.0003000498 0.005563024
v -0.0243732 1.2003 0.005563024
v -0.02252422 0.0003000498 0.01084709
v -0.02252422 1.2003 0.01084709
v -0.01954579 0.0003000498 0.01558725
v -0.01954579 1.2003 0.01558725
v -0.01558725 0.0003000498 0.01954579
v -0.01558725 1.2003 0.01954579
v -0.01084709 0.0003000498 0.02252422
v -0.01084709 1.2003 0.02252422
v -0.005563024 0.0003000498 0.0243732
v -0.005563024 1.2003 0.0243732
v 0 0.0003000498 0.025
v 0 1.2003 0.025
v 0.005563024 0.0003000498 0.0243732
vt 0.5 1
vt 0.5046359 0
vt 0.5046359 1
vt 0.5090392 0
vt 0.5090392 1
vt 0.5129893 0
vt 0.5129893 1
vt 0.4870106 0
vt 0.4870106 1
vt 0.4909607 0
vt 0.4909607 1
vt 0.4953642 0
vt 0.4953642 1
vt 0.5 0
vt 0.5 1
vt 0.5046359 0
vt 0.5046359 1
vt 0.5090392 0
vt 0.5090392 1
vt 0.5129893 0
vt 0.5129893 1
vt 0.4870106 0
vt 0.4870106 1
vt 0.4909607 0
vt 0.4909607 1
vt 0.4953642 0
vt 0.4953642 1
vt 0.5 0
vt 0.5 1
vt 0.5046359 0
vt 0.5046359 1
vt 0.5090392 0
vt 0.5090392 1
vt 0.5129893 0
vt 0.5129893 1
vt 0.4870106 0
vt 0.4870106 1
vt 0.4909607 0
vt 0.4909607 1
vt 0.4953642 0
vt 0.4953642 1
vt 0.5 0
vt 0.5 1
vt 0.5046359 0
vt 0.5046359 1
vt 0.5090392 0
vt 0.5090392 1
vt 0.5129893 0
vt 0.5129893 1
vt 0.4870106 0
vt 0.4870106 1
vt 0.4909607 0
vt 0.4909607 1
vt 0.4953642 0
vt 0.4953642 1
vt 0.5 0
vt 0.5 1
vt 0.5046359 0
vn 0 0 1
vn 0.222521 0 0.974928
vn 0.222521 0 0.974928
vn 0.4338838 0 0.900969
vn 0.4338838 0 0.900969
vn 0.6234898 0 0.7818315
vn 0.6234898 0 0.7818315
vn 0.7818315 0 0.6234898
vn 0.7818315 0 0.6234898
vn 0.900969 0 0.4338838
vn 0.900969 0 0.4338838
vn 0.974928 0 0.222521
vn 0.974928 0 0.222521
vn 1 0 6.123234E-17
vn 1 0 6.123234E-17
vn 0.974928 0 -0.222521
vn 0.974928 0 -0.222521
vn 0.900969 0 -0.4338838
vn 0.900969 0 -0.4338838
vn 0.7818315 0 -0.6234898
vn 0.7818315 0 -0.6234898
vn 0.6234898 0 -0.7818315
vn 0.6234898 0 -0.7818315
vn 0.4338838 0 -0.900969
vn 0.4338838 0 -0.900969
vn 0.222521 0 -0.974928
vn 0.222521 0 -0.974928
vn 1.224647E-16 0 -1
vn 1.224647E-16 0 -1
vn -0.222521 0 -0.974928
vn -0.222521 0 -0.974928
vn -0.4338838 0 -0.900969
vn -0.4338838 0 -0.900969
vn -0.6234898 0 -0.7818315
vn -0.6234898 0 -0.7818315
vn -0.7818315 0 -0.6234898
vn -0.7818315 0 -0.6234898
vn -0.900969 0 -0.4338838
vn -0.900969 0 -0.4338838
vn -0.974928 0 -0.222521
vn -0.974928 0 -0.222521
vn -1 0 -1.83697E-16
vn -1 0 -1.83697E-16
vn -0.974928 0 0.222521
vn -0.974928 0 0.222521
vn -0.900969 0 0.4338838
vn -0.900969 0 0.4338838
vn -0.7818315 0 0.6234898
vn -0.7818315 0 0.6234898
vn -0.6234898 0 0.7818315
vn -0.6234898 0 0.7818315
vn -0.4338838 0 0.900969
vn -0.4338838 0 0.900969
vn -0.222521 0 0.974928
vn -0.222521 0 0.974928
vn 0 0 1
vn 0 0 1
vn 0.222521 0 0.974928
usemtl red_low_gloss_plastic
f 1/1/1 2/2/2 3/3/3
f 2/2/2 4/4/4 3/3/3
f 3/3/3 4/4/4 5/5/5
f 4/4/4 6/6/6 5/5/5
f 5/5/5 6/6/6 7/7/7
f 6/6/6 8/8/8 7/7/7
f 7/7/7 8/8/8 9/9/9
f 8/8/8 10/10/10 9/9/9
f 9/9/9 10/10/10 11/11/11
f 10/10/10 12/12/12 11/11/11
f 11/11/11 12/12/12 13/13/13
f 12/12/12 14/14/14 13/13/13
f 13/13/13 14/14/14 15/15/15
f 14/14/14 16/16/16 15/15/15
f 15/15/15 16/16/16 17/17/17
f 16/16/16 18/18/18 17/17/17
f 17/17/17 18/18/18 19/19/19
f 18/18/18 20/20/20 19/19/19
f 19/19/19 20/20/20 21/21/21
f 20/20/20 22/22/22 21/21/21
f 21/21/21 22/22/22 23/23/23
f 22/22/22 24/24/24 23/23/23
f 23/23/23 24/24/24 25/25/25
f 24/24/24 26/26/26 25/25/25
f 25/25/25 26/26/26 27/27/27
f 26/26/26 28/28/28 27/27/27
f 27/27/27 28/28/28 29/29/29
f 28/28/28 30/30/30 29/29/29
f 29/29/29 30/30/30 31/31/31
f 30/30/30 32/32/32 31/31/31
f 31/31/31 32/32/32 33/33/33
f 32/32/32 34/34/34 33/33/33
f 33/33/33 34/34/34 35/35/35
f 34/34/34 36/36/36 35/35/35
f 35/35/35 36/36/36 37/37/37
f 36/36/36 38/38/38 37/37/37
f 37/37/37 38/38/38 39/39/39
f 38/38/38 40/40/40 39/39/39
f 39/39/39 40/40/40 41/41/41
f 40/40/40 42/42/42 41/41/41
f 41/41/41 42/42/42 43/43/43
f 42/42/42 44/44/44 43/43/43
f 43/43/43 44/44/44 45/45/45
f 44/44/44 46/46/46 45/45/45
f 45/45/45 46/46/46 47/47/47
f 46/46/46 48/48/48 47/47/47
f 47/47/47 48/48/48 49/49/49
f 48/48/48 50/50/50 49/49/49
f 49/49/49 50/50/50 51/51/51
f 50/50/50 52/52/52 51/51/51
f 51/51/51 52/52/52 53/53/53
f 52/52/52 54/54/54 53/53/53
f 53/53/53 54/54/54 55/55/55
f 54/54/54 56/56/56 55/55/55
f 55/55/55 56/56/56 57/57/57
f 56/56/56 58/58/58 57/57/57
##########################


##########################
g Root|Slalom_(Predeterminado)|Predeterminado|Saliente-Extruir1[1]|Saliente-Extruir11_-_Part_2
##########################
v 0 0.0003000498 0.025
v -0.005563024 0.0003000498 0.0243732
v 0 0.0003000498 0
v 0.01558725 0.0003000498 0.01954579
v 0.01084709 0.0003000498 0.02252422
v 0 0.0003000498 0
v 0.005563024 0.0003000498 0.0243732
v 0 0.0003000498 0.025
v 0.0243732 0.0003000498 0.005563024
v 0.02252422 0.0003000498 0.01084709
v 0 0.0003000498 0
v 0.01954579 0.0003000498 0.01558725
v 0.01558725 0.0003000498 0.01954579
v 0.02252422 0.0003000498 -0.01084709
v 0.0243732 0.0003000498 -0.005563024
v 0 0.0003000498 0
v 0.025 0.0003000498 1.530808E-18
v 0.0243732 0.0003000498 0.005563024
v 0.01084709 0.0003000498 -0.02252422
v 0.01558725 0.0003000498 -0.01954579
v 0 0.0003000498 0
v 0.01954579 0.0003000498 -0.01558725
v 0.02252422 0.0003000498 -0.01084709
v -0.005563024 0.0003000498 -0.0243732
v 3.061617E-18 0.0003000498 -0.025
v 0 0.0003000498 0
v 0.005563024 0.0003000498 -0.0243732
v 0.01084709 0.0003000498 -0.02252422
v -0.01954579 0.0003000498 -0.01558725
v -0.01558725 0.0003000498 -0.01954579
v 0 0.0003000498 0
v -0.01084709 0.0003000498 -0.02252422
v -0.005563024 0.0003000498 -0.0243732
v -0.025 0.0003000498 -4.592426E-18
v -0.0243732 0.0003000498 -0.005563024
v 0 0.0003000498 0
v -0.02252422 0.0003000498 -0.01084709
v -0.01954579 0.0003000498 -0.01558725
v -0.01954579 0.0003000498 0.01558725
v -0.02252422 0.0003000498 0.01084709
v 0 0.0003000498 0
v -0.0243732 0.0003000498 0.005563024
v -0.025 0.0003000498 -4.592426E-18
v -0.005563024 0.0003000498 0.0243732
v -0.01084709 0.0003000498 0.02252422
v 0 0.0003000498 0
v -0.01558725 0.0003000498 0.01954579
v -0.01954579 0.0003000498 0.01558725
v -6.123234E-18 1.2003 0.025
v 0.005563024 1.2003 0.0243732
v 0 1.2003 0
v -0.01558725 1.2003 0.01954579
v -0.01084709 1.2003 0.02252422
v 0 1.2003 0
v -0.005563024 1.2003 0.0243732
v -6.123234E-18 1.2003 0.025
v -0.0243732 1.2003 0.005563024
v -0.02252422 1.2003 0.01084709
v 0 1.2003 0
v -0.01954579 1.2003 0.01558725
v -0.01558725 1.2003 0.01954579
v -0.02252422 1.2003 -0.01084709
v -0.0243732 1.2003 -0.005563024
v 0 1.2003 0
v -0.025 1.2003 -4.592426E-18
v -0.0243732 1.2003 0.005563024
v -0.01084709 1.2003 -0.02252422
v -0.01558725 1.2003 -0.01954579
v 0 1.2003 0
v -0.01954579 1.2003 -0.01558725
v -0.02252422 1.2003 -0.01084709
v 0.005563024 1.2003 -0.0243732
v 3.061617E-18 1.2003 -0.025
v 0 1.2003 0
v -0.005563024 1.2003 -0.0243732
v -0.01084709 1.2003 -0.02252422
v 0.01954579 1.2003 -0.01558725
v 0.01558725 1.2003 -0.01954579
v 0 1.2003 0
v 0.01084709 1.2003 -0.02252422
v 0.005563024 1.2003 -0.0243732
v 0.025 1.2003 1.530808E-18
v 0.0243732 1.2003 -0.005563024
v 0 1.2003 0
v 0.02252422 1.2003 -0.01084709
v 0.01954579 1.2003 -0.01558725
v 0.01954579 1.2003 0.01558725
v 0.02252422 1.2003 0.01084709
v 0 1.2003 0
v 0.0243732 1.2003 0.005563024
v 0.025 1.2003 1.530808E-18
v 0.005563024 1.2003 0.0243732
v 0.01084709 1.2003 0.02252422
v 0 1.2003 0
v 0.01558725 1.2003 0.01954579
v 0.01954579 1.2003 0.01558725
vt 0.5 0.4791667
vt 0.5046359 0.479689
vt 0.5 0.5
vt 0.4870106 0.4837118
vt 0.4909607 0.4812298
vt 0.5 0.5
vt 0.4953642 0.479689
vt 0.5 0.4791667
vt 0.479689 0.4953641
vt 0.4812298 0.4909608
vt 0.5 0.5
vt 0.4837118 0.4870107
vt 0.4870106 0.4837118
vt 0.4812298 0.5090393
vt 0.479689 0.5046358
vt 0.5 0.5
vt 0.4791667 0.5
vt 0.479689 0.4953641
vt 0.4909607 0.5187702
vt 0.4870106 0.5162882
vt 0.5 0.5
vt 0.4837118 0.5129894
vt 0.4812298 0.5090393
vt 0.5046359 0.520311
vt 0.5 0.5208334
vt 0.5 0.5
vt 0.4953642 0.520311
vt 0.4909607 0.5187702
vt 0.5162882 0.5129894
vt 0.5129893 0.5162882
vt 0.5 0.5
vt 0.5090392 0.5187702
vt 0.5046359 0.520311
vt 0.5208333 0.5
vt 0.520311 0.5046358
vt 0.5 0.5
vt 0.5187702 0.5090393
vt 0.5162882 0.5129894
vt 0.5162882 0.4870107
vt 0.5187702 0.4909608
vt 0.5 0.5
vt 0.520311 0.4953641
vt 0.5208333 0.5
vt 0.5046359 0.479689
vt 0.5090392 0.4812298
vt 0.5 0.5
vt 0.5129893 0.4837118
vt 0.5162882 0.4870107
vt 0.5 0.4791667
vt 0.5046359 0.479689
vt 0.5 0.5
vt 0.4870106 0.4837118
vt 0.4909607 0.4812298
vt 0.5 0.5
vt 0.4953642 0.479689
vt 0.5 0.4791667
vt 0.479689 0.4953641
vt 0.4812298 0.4909608
vt 0.5 0.5
vt 0.4837118 0.4870107
vt 0.4870106 0.4837118
vt 0.4812298 0.5090393
vt 0.479689 0.5046358
vt 0.5 0.5
vt 0.4791667 0.5
vt 0.479689 0.4953641
vt 0.4909607 0.5187702
vt 0.4870106 0.5162882
vt 0.5 0.5
vt 0.4837118 0.5129894
vt 0.4812298 0.5090393
vt 0.5046359 0.520311
vt 0.5 0.5208334
vt 0.5 0.5
vt 0.4953642 0.520311
vt 0.4909607 0.5187702
vt 0.5162882 0.5129894
vt 0.5129893 0.5162882
vt 0.5 0.5
vt 0.5090392 0.5187702
vt 0.5046359 0.520311
vt 0.5208333 0.5
vt 0.520311 0.5046358
vt 0.5 0.5
vt 0.5187702 0.5090393
vt 0.5162882 0.5129894
vt 0.5162882 0.4870107
vt 0.5187702 0.4909608
vt 0.5 0.5
vt 0.520311 0.4953641
vt 0.5208333 0.5
vt 0.5046359 0.479689
vt 0.5090392 0.4812298
vt 0.5 0.5
vt 0.5129893 0.4837118
vt 0.5162882 0.4870107
vn 0 -1 0
vn 0 -1 0
vn 0 -1 0
vn 0 -1 0
vn 0 -1 0
vn 0 -1 0
vn 0 -1 0
vn 0 -1 0
vn 0 -1 0
vn 0 -1 0
vn 0 -1 0
vn 0 -1 0
vn 0 -1 0
vn 0 -1 0
vn 0 -1 0
vn 0 -1 0
vn 0 -1 0
vn 0 -1 0
vn 0 -1 0
vn 0 -1 0
vn 0 -1 0
vn 0 -1 0
vn 0 -1 0
vn 0 -1 0
vn 0 -1 0
vn 0 -1 0
vn 0 -1 0
vn 0 -1 0
vn 0 -1 0
vn 0 -1 0
vn 0 -1 0
vn 0 -1 0
vn 0 -1 0
vn 0 -1 0
vn 0 -1 0
vn 0 -1 0
vn 0 -1 0
vn 0 -1 0
vn 0 -1 0
vn 0 -1 0
vn 0 -1 0
vn 0 -1 0
vn 0 -1 0
vn 0 -1 0
vn 0 -1 0
vn 0 -1 0
vn 0 -1 0
vn 0 -1 0
vn 0 1 0
vn 0 1 0
vn 0 1 0
vn 0 1 0
vn 0 1 0
vn 0 1 0
vn 0 1 0
vn 0 1 0
vn 0 1 0
vn 0 1 0
vn 0 1 0
vn 0 1 0
vn 0 1 0
vn 0 1 0
vn 0 1 0
vn 0 1 0
vn 0 1 0
vn 0 1 0
vn 0 1 0
vn 0 1 0
vn 0 1 0
vn 0 1 0
vn 0 1 0
vn 0 1 0
vn 0 1 0
vn 0 1 0
vn 0 1 0
vn 0 1 0
vn 0 1 0
vn 0 1 0
vn 0 1 0
vn 0 1 0
vn 0 1 0
vn 0 1 0
vn 0 1 0
vn 0 1 0
vn 0 1 0
vn 0 1 0
vn 0 1 0
vn 0 1 0
vn 0 1 0
vn 0 1 0
vn 0 1 0
vn 0 1 0
vn 0 1 0
vn 0 1 0
vn 0 1 0
vn 0 1 0
usemtl white_low_gloss_plastic
f 59/59/59 60/60/60 61/61/61
f 62/62/62 63/63/63 64/64/64
f 63/63/63 65/65/65 64/64/64
f 64/64/64 65/65/65 66/66/66
f 67/67/67 68/68/68 69/69/69
f 68/68/68 70/70/70 69/69/69
f 69/69/69 70/70/70 71/71/71
f 72/72/72 73/73/73 74/74/74
f 73/73/73 75/75/75 74/74/74
f 74/74/74 75/75/75 76/76/76
f 77/77/77 78/78/78 79/79/79
f 78/78/78 80/80/80 79/79/79
f 79/79/79 80/80/80 81/81/81
f 82/82/82 83/83/83 84/84/84
f 83/83/83 85/85/85 84/84/84
f 84/84/84 85/85/85 86/86/86
f 87/87/87 88/88/88 89/89/89
f 88/88/88 90/90/90 89/89/89
f 89/89/89 90/90/90 91/91/91
f 92/92/92 93/93/93 94/94/94
f 93/93/93 95/95/95 94/94/94
f 94/94/94 95/95/95 96/96/96
f 97/97/97 98/98/98 99/99/99
f 98/98/98 100/100/100 99/99/99
f 99/99/99 100/100/100 101/101/101
f 102/102/102 103/103/103 104/104/104
f 103/103/103 105/105/105 104/104/104
f 104/104/104 105/105/105 106/106/106
f 107/107/107 108/108/108 109/109/109
f 110/110/110 111/111/111 112/112/112
f 111/111/111 113/113/113 112/112/112
f 112/112/112 113/113/113 114/114/114
f 115/115/115 116/116/116 117/117/117
f 116/116/116 118/118/118 117/117/117
f 117/117/117 118/118/118 119/119/119
f 120/120/120 121/121/121 122/122/122
f 121/121/121 123/123/123 122/122/122
f 122/122/122 123/123/123 124/124/124
f 125/125/125 126/126/126 127/127/127
f 126/126/126 128/128/128 127/127/127
f 127/127/127 128/128/128 129/129/129
f 130/130/130 131/131/131 132/132/132
f 131/131/131 133/133/133 132/132/132
f 132/132/132 133/133/133 134/134/134
f 135/135/135 136/136/136 137/137/137
f 136/136/136 138/138/138 137/137/137
f 137/137/137 138/138/138 139/139/139
f 140/140/140 141/141/141 142/142/142
f 141/141/141 143/143/143 142/142/142
f 142/142/142 143/143/143 144/144/144
f 145/145/145 146/146/146 147/147/147
f 146/146/146 148/148/148 147/147/147
f 147/147/147 148/148/148 149/149/149
f 150/150/150 151/151/151 152/152/152
f 151/151/151 153/153/153 152/152/152
f 152/152/152 153/153/153 154/154/154
##########################


##########################
g Root|Slalom_(Predeterminado)|Predeterminado|Saliente-Extruir1[2]|Saliente-Extruir1[2]_-_Part
##########################
v 1 1.2003 -1.975
v 1.005563 0.0003000498 -1.975627
v 1.005563 1.2003 -1.975627
v 1.010847 0.0003000498 -1.977476
v 1.010847 1.2003 -1.977476
v 1.015587 0.0003000498 -1.980454
v 1.015587 1.2003 -1.980454
v 1.019546 0.0003000498 -1.984413
v 1.019546 1.2003 -1.984413
v 1.022524 0.0003000498 -1.989153
v 1.022524 1.2003 -1.989153
v 1.024373 0.0003000498 -1.994437
v 1.024373 1.2003 -1.994437
v 1.025 0.0003000498 -2
v 1.025 1.2003 -2
v 1.024373 0.0003000498 -2.005563
v 1.024373 1.2003 -2.005563
v 1.022524 0.0003000498 -2.010847
v 1.022524 1.2003 -2.010847
v 1.019546 0.0003000498 -2.015587
v 1.019546 1.2003 -2.015587
v 1.015587 0.0003000498 -2.019546
v 1.015587 1.2003 -2.019546
v 1.010847 0.0003000498 -2.022524
v 1.010847 1.2003 -2.022524
v 1.005563 0.0003000498 -2.024373
v 1.005563 1.2003 -2.024373
v 1 0.0003000498 -2.025
v 1 1.2003 -2.025
v 0.994437 0.0003000498 -2.024373
v 0.994437 1.2003 -2.024373
v 0.9891529 0.0003000498 -2.022524
v 0.9891529 1.2003 -2.022524
v 0.9844127 0.0003000498 -2.019546
v 0.9844127 1.2003 -2.019546
v 0.9804542 0.0003000498 -2.015587
v 0.9804542 1.2003 -2.015587
v 0.9774758 0.0003000498 -2.010847
v 0.9774758 1.2003 -2.010847
v 0.9756268 0.0003000498 -2.005563
v 0.9756268 1.2003 -2.005563
v 0.975 0.0003000498 -2
v 0.975 1.2003 -2
v 0.9756268 0.0003000498 -1.994437
v 0.9756268 1.2003 -1.994437
v 0.9774758 0.0003000498 -1.989153
v 0.9774758 1.2003 -1.989153
v 0.9804542 0.0003000498 -1.984413
v 0.9804542 1.2003 -1.984413
v 0.9844127 0.0003000498 -1.980454
v 0.9844127 1.2003 -1.980454
v 0.9891529 0.0003000498 -1.977476
v 0.9891529 1.2003 -1.977476
v 0.994437 0.0003000498 -1.975627
v 0.994437 1.2003 -1.975627
v 1 0.0003000498 -1.975
v 1 1.2003 -1.975
v 1.005563 0.0003000498 -1.975627
vt 0.5 1
vt 0.5046359 0
vt 0.5046359 1
vt 0.5090392 0
vt 0.5090392 1
vt 0.5129893 0
vt 0.5129893 1
vt 0.4870107 0
vt 0.4870107 1
vt 0.4909607 0
vt 0.4909607 1
vt 0.4953642 0
vt 0.4953642 1
vt 0.5 0
vt 0.5 1
vt 0.5046358 0
vt 0.5046358 1
vt 0.5090393 0
vt 0.5090393 1
vt 0.5129894 0
vt 0.5129894 1
vt 0.4870107 0
vt 0.4870107 1
vt 0.4909608 0
vt 0.4909608 1
vt 0.4953641 0
vt 0.4953641 1
vt 0.5 0
vt 0.5 1
vt 0.5046359 0
vt 0.5046359 1
vt 0.5090392 0
vt 0.5090392 1
vt 0.5129894 0
vt 0.5129894 1
vt 0.4870106 0
vt 0.4870106 1
vt 0.4909607 0
vt 0.4909607 1
vt 0.4953642 0
vt 0.4953642 1
vt 0.5 0
vt 0.5 1
vt 0.5046358 0
vt 0.5046358 1
vt 0.5090393 0
vt 0.5090393 1
vt 0.5129893 0
vt 0.5129893 1
vt 0.4870106 0
vt 0.4870106 1
vt 0.4909608 0
vt 0.4909608 1
vt 0.4953641 0
vt 0.4953641 1
vt 0.5 0
vt 0.5 1
vt 0.5046359 0
vn 0 0 1
vn 0.222521 0 0.974928
vn 0.222521 0 0.974928
vn 0.4338838 0 0.900969
vn 0.4338838 0 0.900969
vn 0.6234898 0 0.7818315
vn 0.6234898 0 0.7818315
vn 0.7818315 0 0.6234898
vn 0.7818315 0 0.6234898
vn 0.900969 0 0.4338838
vn 0.900969 0 0.4338838
vn 0.974928 0 0.222521
vn 0.974928 0 0.222521
vn 1 0 6.123234E-17
vn 1 0 6.123234E-17
vn 0.974928 0 -0.222521
vn 0.974928 0 -0.222521
vn 0.900969 0 -0.4338838
vn 0.900969 0 -0.4338838
vn 0.7818315 0 -0.6234898
vn 0.7818315 0 -0.6234898
vn 0.6234898 0 -0.7818315
vn 0.6234898 0 -0.7818315
vn 0.4338838 0 -0.900969
vn 0.4338838 0 -0.900969
vn 0.222521 0 -0.974928
vn 0.222521 0 -0.974928
vn 1.224647E-16 0 -1
vn 1.224647E-16 0 -1
vn -0.222521 0 -0.974928
vn -0.222521 0 -0.974928
vn -0.4338838 0 -0.900969
vn -0.4338838 0 -0.900969
vn -0.6234898 0 -0.7818315
vn -0.6234898 0 -0.7818315
vn -0.7818315 0 -0.6234898
vn -0.7818315 0 -0.6234898
vn -0.900969 0 -0.4338838
vn -0.900969 0 -0.4338838
vn -0.974928 0 -0.222521
vn -0.974928 0 -0.222521
vn -1 0 -1.83697E-16
vn -1 0 -1.83697E-16
vn -0.974928 0 0.222521
vn -0.974928 0 0.222521
vn -0.900969 0 0.4338838
vn -0.900969 0 0.4338838
vn -0.7818315 0 0.6234898
vn -0.7818315 0 0.6234898
vn -0.6234898 0 0.7818315
vn -0.6234898 0 0.7818315
vn -0.4338838 0 0.900969
vn -0.4338838 0 0.900969
vn -0.222521 0 0.974928
vn -0.222521 0 0.974928
vn 0 0 1
vn 0 0 1
vn 0.222521 0 0.974928
usemtl red_low_gloss_plastic
f 155/155/155 156/156/156 157/157/157
f 156/156/156 158/158/158 157/157/157
f 157/157/157 158/158/158 159/159/159
f 158/158/158 160/160/160 159/159/159
f 159/159/159 160/160/160 161/161/161
f 160/160/160 162/162/162 161/161/161
f 161/161/161 162/162/162 163/163/163
f 162/162/162 164/164/164 163/163/163
f 163/163/163 164/164/164 165/165/165
f 164/164/164 166/166/166 165/165/165
f 165/165/165 166/166/166 167/167/167
f 166/166/166 168/168/168 167/167/167
f 167/167/167 168/168/168 169/169/169
f 168/168/168 170/170/170 169/169/169
f 169/169/169 170/170/170 171/171/171
f 170/170/170 172/172/172 171/171/171
f 171/171/171 172/172/172 173/173/173
f 172/172/172 174/174/174 173/173/173
f 173/173/173 174/174/174 175/175/175
f 174/174/174 176/176/176 175/175/175
f 175/175/175 176/176/176 177/177/177
f 176/176/176 178/178/178 177/177/177
f 177/177/177 178/178/178 179/179/179
f 178/178/178 180/180/180 179/179/179
f 179/179/179 180/180/180 181/181/181
f 180/180/180 182/182/182 181/181/181
f 181/181/181 182/182/182 183/183/183
f 182/182/182 184/184/184 183/183/183
f 183/183/183 184/184/184 185/185/185
f 184/184/184 186/186/186 185/185/185
f 185/185/185 186/186/186 187/187/187
f 186/186/186 188/188/188 187/187/187
f 187/187/187 188/188/188 189/189/189
f 188/188/188 190/190/190 189/189/189
f 189/189/189 190/190/190 191/191/191
f 190/190/190 192/192/192 191/191/191
f 191/191/191 192/192/192 193/193/193
f 192/192/192 194/194/194 193/193/193
f 193/193/193 194/194/194 195/195/195
f 194/194/194 196/196/196 195/195/195
f 195/195/195 196/196/196 197/197/197
f 196/196/196 198/198/198 197/197/197
f 197/197/197 198/198/198 199/199/199
f 198/198/198 200/200/200 199/199/199
f 199/199/199 200/200/200 201/201/201
f 200/200/200 202/202/202 201/201/201
f 201/201/201 202/202/202 203/203/203
f 202/202/202 204/204/204 203/203/203
f 203/203/203 204/204/204 205/205/205
f 204/204/204 206/206/206 205/205/205
f 205/205/205 206/206/206 207/207/207
f 206/206/206 208/208/208 207/207/207
f 207/207/207 208/208/208 209/209/209
f 208/208/208 210/210/210 209/209/209
f 209/209/209 210/210/210 211/211/211
f 210/210/210 212/212/212 211/211/211
##########################


##########################
g Root|Slalom_(Predeterminado)|Predeterminado|Saliente-Extruir1[2]|Saliente-Extruir12_-_Part_2
##########################
v 1 0.0003000498 -1.975
v 0.994437 0.0003000498 -1.975627
v 1 0.0003000498 -2
v 1.015587 0.0003000498 -1.980454
v 1.010847 0.0003000498 -1.977476
v 1 0.0003000498 -2
v 1.005563 0.0003000498 -1.975627
v 1 0.0003000498 -1.975
v 1.024373 0.0003000498 -1.994437
v 1.022524 0.0003000498 -1.989153
v 1 0.0003000498 -2
v 1.019546 0.0003000498 -1.984413
v 1.015587 0.0003000498 -1.980454
v 1.022524 0.0003000498 -2.010847
v 1.024373 0.0003000498 -2.005563
v 1 0.0003000498 -2
v 1.025 0.0003000498 -2
v 1.024373 0.0003000498 -1.994437
v 1.010847 0.0003000498 -2.022524
v 1.015587 0.0003000498 -2.019546
v 1 0.0003000498 -2
v 1.019546 0.0003000498 -2.015587
v 1.022524 0.0003000498 -2.010847
v 0.994437 0.0003000498 -2.024373
v 1 0.0003000498 -2.025
v 1 0.0003000498 -2
v 1.005563 0.0003000498 -2.024373
v 1.010847 0.0003000498 -2.022524
v 0.9804542 0.0003000498 -2.015587
v 0.9844127 0.0003000498 -2.019546
v 1 0.0003000498 -2
v 0.9891529 0.0003000498 -2.022524
v 0.994437 0.0003000498 -2.024373
v 0.975 0.0003000498 -2
v 0.9756268 0.0003000498 -2.005563
v 1 0.0003000498 -2
v 0.9774758 0.0003000498 -2.010847
v 0.9804542 0.0003000498 -2.015587
v 0.9804542 0.0003000498 -1.984413
v 0.9774758 0.0003000498 -1.989153
v 1 0.0003000498 -2
v 0.9756268 0.0003000498 -1.994437
v 0.975 0.0003000498 -2
v 0.994437 0.0003000498 -1.975627
v 0.9891529 0.0003000498 -1.977476
v 1 0.0003000498 -2
v 0.9844127 0.0003000498 -1.980454
v 0.9804542 0.0003000498 -1.984413
v 1 1.2003 -1.975
v 1.005563 1.2003 -1.975627
v 1 1.2003 -2
v 0.9844127 1.2003 -1.980454
v 0.9891529 1.2003 -1.977476
v 1 1.2003 -2
v 0.994437 1.2003 -1.975627
v 1 1.2003 -1.975
v 0.9756268 1.2003 -1.994437
v 0.9774758 1.2003 -1.989153
v 1 1.2003 -2
v 0.9804542 1.2003 -1.984413
v 0.9844127 1.2003 -1.980454
v 0.9774758 1.2003 -2.010847
v 0.9756268 1.2003 -2.005563
v 1 1.2003 -2
v 0.975 1.2003 -2
v 0.9756268 1.2003 -1.994437
v 0.9891529 1.2003 -2.022524
v 0.9844127 1.2003 -2.019546
v 1 1.2003 -2
v 0.9804542 1.2003 -2.015587
v 0.9774758 1.2003 -2.010847
v 1.005563 1.2003 -2.024373
v 1 1.2003 -2.025
v 1 1.2003 -2
v 0.994437 1.2003 -2.024373
v 0.9891529 1.2003 -2.022524
v 1.019546 1.2003 -2.015587
v 1.015587 1.2003 -2.019546
v 1 1.2003 -2
v 1.010847 1.2003 -2.022524
v 1.005563 1.2003 -2.024373
v 1.025 1.2003 -2
v 1.024373 1.2003 -2.005563
v 1 1.2003 -2
v 1.022524 1.2003 -2.010847
v 1.019546 1.2003 -2.015587
v 1.019546 1.2003 -1.984413
v 1.022524 1.2003 -1.989153
v 1 1.2003 -2
v 1.024373 1.2003 -1.994437
v 1.025 1.2003 -2
v 1.005563 1.2003 -1.975627
v 1.010847 1.2003 -1.977476
v 1 1.2003 -2
v 1.015587 1.2003 -1.980454
v 1.019546 1.2003 -1.984413
vt 0.5 0.4791667
vt 0.5046359 0.479689
vt 0.5 0.5
vt 0.4870107 0.4837118
vt 0.4909608 0.4812298
vt 0.5 0.5
vt 0.4953641 0.479689
vt 0.5 0.4791667
vt 0.479689 0.4953642
vt 0.4812298 0.4909607
vt 0.5 0.5
vt 0.4837118 0.4870107
vt 0.4870107 0.4837118
vt 0.4812298 0.5090393
vt 0.479689 0.5046358
vt 0.5 0.5
vt 0.4791667 0.5
vt 0.479689 0.4953642
vt 0.4909608 0.5187701
vt 0.4870107 0.5162882
vt 0.5 0.5
vt 0.4837118 0.5129894
vt 0.4812298 0.5090393
vt 0.5046359 0.5203111
vt 0.5 0.5208334
vt 0.5 0.5
vt 0.4953641 0.5203111
vt 0.4909608 0.5187701
vt 0.5162882 0.5129894
vt 0.5129894 0.5162882
vt 0.5 0.5
vt 0.5090392 0.5187701
vt 0.5046359 0.5203111
vt 0.5208333 0.5
vt 0.520311 0.5046358
vt 0.5 0.5
vt 0.5187702 0.5090393
vt 0.5162882 0.5129894
vt 0.5162882 0.4870107
vt 0.5187702 0.4909607
vt 0.5 0.5
vt 0.520311 0.4953642
vt 0.5208333 0.5
vt 0.5046359 0.479689
vt 0.5090392 0.4812298
vt 0.5 0.5
vt 0.5129894 0.4837118
vt 0.5162882 0.4870107
vt 0.5 0.4791667
vt 0.5046359 0.479689
vt 0.5 0.5
vt 0.4870106 0.4837118
vt 0.4909608 0.4812298
vt 0.5 0.5
vt 0.4953641 0.479689
vt 0.5 0.4791667
vt 0.479689 0.4953642
vt 0.4812298 0.4909607
vt 0.5 0.5
vt 0.4837118 0.4870107
vt 0.4870106 0.4837118
vt 0.4812298 0.5090393
vt 0.479689 0.5046358
vt 0.5 0.5
vt 0.4791667 0.5
vt 0.479689 0.4953642
vt 0.4909608 0.5187701
vt 0.4870106 0.5162882
vt 0.5 0.5
vt 0.4837118 0.5129894
vt 0.4812298 0.5090393
vt 0.5046359 0.5203111
vt 0.5 0.5208334
vt 0.5 0.5
vt 0.4953641 0.5203111
vt 0.4909608 0.5187701
vt 0.5162882 0.5129894
vt 0.5129893 0.5162882
vt 0.5 0.5
vt 0.5090392 0.5187701
vt 0.5046359 0.5203111
vt 0.5208333 0.5
vt 0.520311 0.5046358
vt 0.5 0.5
vt 0.5187702 0.5090393
vt 0.5162882 0.5129894
vt 0.5162882 0.4870107
vt 0.5187702 0.4909607
vt 0.5 0.5
vt 0.520311 0.4953642
vt 0.5208333 0.5
vt 0.5046359 0.479689
vt 0.5090392 0.4812298
vt 0.5 0.5
vt 0.5129893 0.4837118
vt 0.5162882 0.4870107
vn 0 -1 0
vn 0 -1 0
vn 0 -1 0
vn 0 -1 0
vn 0 -1 0
vn 0 -1 0
vn 0 -1 0
vn 0 -1 0
vn 0 -1 0
vn 0 -1 0
vn 0 -1 0
vn 0 -1 0
vn 0 -1 0
vn 0 -1 0
vn 0 -1 0
vn 0 -1 0
vn 0 -1 0
vn 0 -1 0
vn 0 -1 0
vn 0 -1 0
vn 0 -1 0
vn 0 -1 0
vn 0 -1 0
vn 0 -1 0
vn 0 -1 0
vn 0 -1 0
vn 0 -1 0
vn 0 -1 0
vn 0 -1 0
vn 0 -1 0
vn 0 -1 0
vn 0 -1 0
vn 0 -1 0
vn 0 -1 0
vn 0 -1 0
vn 0 -1 0
vn 0 -1 0
vn 0 -1 0
vn 0 -1 0
vn 0 -1 0
vn 0 -1 0
vn 0 -1 0
vn 0 -1 0
vn 0 -1 0
vn 0 -1 0
vn 0 -1 0
vn 0 -1 0
vn 0 -1 0
vn 0 1 0
vn 0 1 0
vn 0 1 0
vn 0 1 0
vn 0 1 0
vn 0 1 0
vn 0 1 0
vn 0 1 0
vn 0 1 0
vn 0 1 0
vn 0 1 0
vn 0 1 0
vn 0 1 0
vn 0 1 0
vn 0 1 0
vn 0 1 0
vn 0 1 0
vn 0 1 0
vn 0 1 0
vn 0 1 0
vn 0 1 0
vn 0 1 0
vn 0 1 0
vn 0 1 0
vn 0 1 0
vn 0 1 0
vn 0 1 0
vn 0 1 0
vn 0 1 0
vn 0 1 0
vn 0 1 0
vn 0 1 0
vn 0 1 0
vn 0 1 0
vn 0 1 0
vn 0 1 0
vn 0 1 0
vn 0 1 0
vn 0 1 0
vn 0 1 0
vn 0 1 0
vn 0 1 0
vn 0 1 0
vn 0 1 0
vn 0 1 0
vn 0 1 0
vn 0 1 0
vn 0 1 0
usemtl white_low_gloss_plastic
f 213/213/213 214/214/214 215/215/215
f 216/216/216 217/217/217 218/218/218
f 217/217/217 219/219/219 218/218/218
f 218/218/218 219/219/219 220/220/220
f 221/221/221 222/222/222 223/223/223
f 222/222/222 224/224/224 223/223/223
f 223/223/223 224/224/224 225/225/225
f 226/226/226 227/227/227 228/228/228
f 227/227/227 229/229/229 228/228/228
f 228/228/228 229/229/229 230/230/230
f 231/231/231 232/232/232 233/233/233
f 232/232/232 234/234/234 233/233/233
f 233/233/233 234/234/234 235/235/235
f 236/236/236 237/237/237 238/238/238
f 237/237/237 239/239/239 238/238/238
f 238/238/238 239/239/239 240/240/240
f 241/241/241 242/242/242 243/243/243
f 242/242/242 244/244/244 243/243/243
f 243/243/243 244/244/244 245/245/245
f 246/246/246 247/247/247 248/248/248
f 247/247/247 249/249/249 248/248/248
f 248/248/248 249/249/249 250/250/250
f 251/251/251 252/252/252 253/253/253
f 252/252/252 254/254/254 253/253/253
f 253/253/253 254/254/254 255/255/255
f 256/256/256 257/257/257 258/258/258
f 257/257/257 259/259/259 258/258/258
f 258/258/258 259/259/259 260/260/260
f 261/261/261 262/262/262 263/263/263
f 264/264/264 265/265/265 266/266/266
f 265/265/265 267/267/267 266/266/266
f 266/266/266 267/267/267 268/268/268
f 269/269/269 270/270/270 271/271/271
f 270/270/270 272/272/272 271/271/271
f 271/271/271 272/272/272 273/273/273
f 274/274/274 275/275/275 276/276/276
f 275/275/275 277/277/277 276/276/276
f 276/276/276 277/277/277 278/278/278
f 279/279/279 280/280/280 281/281/281
f 280/280/280 282/282/282 281/281/281
f 281/281/281 282/282/282 283/283/283
f 284/284/284 285/285/285 286/286/286
f 285/285/285 287/287/287 286/286/286
f 286/286/286 287/287/287 288/288/288
f 289/289/289 290/290/290 291/291/291
f 290/290/290 292/292/292 291/291/291
f 291/291/291 292/292/292 293/293/293
f 294/294/294 295/295/295 296/296/296
f 295/295/295 297/297/297 296/296/296
f 296/296/296 297/297/297 298/298/298
f 299/299/299 300/300/300 301/301/301
f 300/300/300 302/302/302 301/301/301
f 301/301/301 302/302/302 303/303/303
f 304/304/304 305/305/305 306/306/306
f 305/305/305 307/307/307 306/306/306
f 306/306/306 307/307/307 308/308/308
##########################


##########################
g Root|Slalom_(Predeterminado)|Predeterminado|Saliente-Extruir1[3]|Saliente-Extruir1[3]_-_Part
##########################
v -0.5 1.2003 -1.975
v -0.494437 0.0003000498 -1.975627
v -0.494437 1.2003 -1.975627
v -0.4891529 0.0003000498 -1.977476
v -0.4891529 1.2003 -1.977476
v -0.4844128 0.0003000498 -1.980454
v -0.4844128 1.2003 -1.980454
v -0.4804542 0.0003000498 -1.984413
v -0.4804542 1.2003 -1.984413
v -0.4774758 0.0003000498 -1.989153
v -0.4774758 1.2003 -1.989153
v -0.4756268 0.0003000498 -1.994437
v -0.4756268 1.2003 -1.994437
v -0.475 0.0003000498 -2
v -0.475 1.2003 -2
v -0.4756268 0.0003000498 -2.005563
v -0.4756268 1.2003 -2.005563
v -0.4774758 0.0003000498 -2.010847
v -0.4774758 1.2003 -2.010847
v -0.4804542 0.0003000498 -2.015587
v -0.4804542 1.2003 -2.015587
v -0.4844128 0.0003000498 -2.019546
v -0.4844128 1.2003 -2.019546
v -0.4891529 0.0003000498 -2.022524
v -0.4891529 1.2003 -2.022524
v -0.494437 0.0003000498 -2.024373
v -0.494437 1.2003 -2.024373
v -0.5 0.0003000498 -2.025
v -0.5 1.2003 -2.025
v -0.505563 0.0003000498 -2.024373
v -0.505563 1.2003 -2.024373
v -0.5108471 0.0003000498 -2.022524
v -0.5108471 1.2003 -2.022524
v -0.5155873 0.0003000498 -2.019546
v -0.5155873 1.2003 -2.019546
v -0.5195458 0.0003000498 -2.015587
v -0.5195458 1.2003 -2.015587
v -0.5225242 0.0003000498 -2.010847
v -0.5225242 1.2003 -2.010847
v -0.5243732 0.0003000498 -2.005563
v -0.5243732 1.2003 -2.005563
v -0.525 0.0003000498 -2
v -0.525 1.2003 -2
v -0.5243732 0.0003000498 -1.994437
v -0.5243732 1.2003 -1.994437
v -0.5225242 0.0003000498 -1.989153
v -0.5225242 1.2003 -1.989153
v -0.5195458 0.0003000498 -1.984413
v -0.5195458 1.2003 -1.984413
v -0.5155873 0.0003000498 -1.980454
v -0.5155873 1.2003 -1.980454
v -0.5108471 0.0003000498 -1.977476
v -0.5108471 1.2003 -1.977476
v -0.505563 0.0003000498 -1.975627
v -0.505563 1.2003 -1.975627
v -0.5 0.0003000498 -1.975
v -0.5 1.2003 -1.975
v -0.494437 0.0003000498 -1.975627
v -0.5 0.0003000498 -1.975
v -0.505563 0.0003000498 -1.975627
v -0.5 0.0003000498 -2
v -0.4844128 0.0003000498 -1.980454
v -0.4891529 0.0003000498 -1.977476
v -0.5 0.0003000498 -2
v -0.494437 0.0003000498 -1.975627
v -0.5 0.0003000498 -1.975
v -0.4756268 0.0003000498 -1.994437
v -0.4774758 0.0003000498 -1.989153
v -0.5 0.0003000498 -2
v -0.4804542 0.0003000498 -1.984413
v -0.4844128 0.0003000498 -1.980454
v -0.4774758 0.0003000498 -2.010847
v -0.4756268 0.0003000498 -2.005563
v -0.5 0.0003000498 -2
v -0.475 0.0003000498 -2
v -0.4756268 0.0003000498 -1.994437
v -0.4891529 0.0003000498 -2.022524
v -0.4844128 0.0003000498 -2.019546
v -0.5 0.0003000498 -2
v -0.4804542 0.0003000498 -2.015587
v -0.4774758 0.0003000498 -2.010847
v -0.505563 0.0003000498 -2.024373
v -0.5 0.0003000498 -2.025
v -0.5 0.0003000498 -2
v -0.494437 0.0003000498 -2.024373
v -0.4891529 0.0003000498 -2.022524
v -0.5195458 0.0003000498 -2.015587
v -0.5155873 0.0003000498 -2.019546
v -0.5 0.0003000498 -2
v -0.5108471 0.0003000498 -2.022524
v -0.505563 0.0003000498 -2.024373
v -0.525 0.0003000498 -2
v -0.5243732 0.0003000498 -2.005563
v -0.5 0.0003000498 -2
v -0.5225242 0.0003000498 -2.010847
v -0.5195458 0.0003000498 -2.015587
v -0.5195458 0.0003000498 -1.984413
v -0.5225242 0.0003000498 -1.989153
v -0.5 0.0003000498 -2
v -0.5243732 0.0003000498 -1.994437
v -0.525 0.0003000498 -2
v -0.505563 0.0003000498 -1.975627
v -0.5108471 0.0003000498 -1.977476
v -0.5 0.0003000498 -2
v -0.5155873 0.0003000498 -1.980454
v -0.5195458 0.0003000498 -1.984413
v -0.5 1.2003 -1.975
v -0.494437 1.2003 -1.975627
v -0.5 1.2003 -2
v -0.5155873 1.2003 -1.980454
v -0.5108471 1.2003 -1.977476
v -0.5 1.2003 -2
v -0.505563 1.2003 -1.975627
v -0.5 1.2003 -1.975
v -0.5243732 1.2003 -1.994437
v -0.5225242 1.2003 -1.989153
v -0.5 1.2003 -2
v -0.5195458 1.2003 -1.984413
v -0.5155873 1.2003 -1.980454
v -0.5225242 1.2003 -2.010847
v -0.5243732 1.2003 -2.005563
v -0.5 1.2003 -2
v -0.525 1.2003 -2
v -0.5243732 1.2003 -1.994437
v -0.5108471 1.2003 -2.022524
v -0.5155873 1.2003 -2.019546
v -0.5 1.2003 -2
v -0.5195458 1.2003 -2.015587
v -0.5225242 1.2003 -2.010847
v -0.494437 1.2003 -2.024373
v -0.5 1.2003 -2.025
v -0.5 1.2003 -2
v -0.505563 1.2003 -2.024373
v -0.5108471 1.2003 -2.022524
v -0.4804542 1.2003 -2.015587
v -0.4844128 1.2003 -2.019546
v -0.5 1.2003 -2
v -0.4891529 1.2003 -2.022524
v -0.494437 1.2003 -2.024373
v -0.475 1.2003 -2
v -0.4756268 1.2003 -2.005563
v -0.5 1.2003 -2
v -0.4774758 1.2003 -2.010847
v -0.4804542 1.2003 -2.015587
v -0.4804542 1.2003 -1.984413
v -0.4774758 1.2003 -1.989153
v -0.5 1.2003 -2
v -0.4756268 1.2003 -1.994437
v -0.475 1.2003 -2
v -0.494437 1.2003 -1.975627
v -0.4891529 1.2003 -1.977476
v -0.5 1.2003 -2
v -0.4844128 1.2003 -1.980454
v -0.4804542 1.2003 -1.984413
vt 0.5 1
vt 0.5046358 0
vt 0.5046358 1
vt 0.5090393 0
vt 0.5090393 1
vt 0.5129894 0
vt 0.5129894 1
vt 0.4870107 0
vt 0.4870107 1
vt 0.4909607 0
vt 0.4909607 1
vt 0.4953642 0
vt 0.4953642 1
vt 0.5 0
vt 0.5 1
vt 0.5046358 0
vt 0.5046358 1
vt 0.5090393 0
vt 0.5090393 1
vt 0.5129894 0
vt 0.5129894 1
vt 0.4870106 0
vt 0.4870106 1
vt 0.4909607 0
vt 0.4909607 1
vt 0.4953642 0
vt 0.4953642 1
vt 0.5 0
vt 0.5 1
vt 0.5046358 0
vt 0.5046358 1
vt 0.5090393 0
vt 0.5090393 1
vt 0.5129894 0
vt 0.5129894 1
vt 0.4870106 0
vt 0.4870106 1
vt 0.4909607 0
vt 0.4909607 1
vt 0.4953642 0
vt 0.4953642 1
vt 0.5 0
vt 0.5 1
vt 0.5046358 0
vt 0.5046358 1
vt 0.5090393 0
vt 0.5090393 1
vt 0.5129893 0
vt 0.5129893 1
vt 0.4870106 0
vt 0.4870106 1
vt 0.4909607 0
vt 0.4909607 1
vt 0.4953642 0
vt 0.4953642 1
vt 0.5 0
vt 0.5 1
vt 0.5046358 0
vt 0.5 0.4791667
vt 0.5046358 0.479689
vt 0.5 0.5
vt 0.4870106 0.4837118
vt 0.4909607 0.4812298
vt 0.5 0.5
vt 0.4953642 0.479689
vt 0.5 0.4791667
vt 0.479689 0.4953642
vt 0.4812298 0.4909607
vt 0.5 0.5
vt 0.4837118 0.4870107
vt 0.4870106 0.4837118
vt 0.4812298 0.5090393
vt 0.479689 0.5046358
vt 0.5 0.5
vt 0.4791667 0.5
vt 0.479689 0.4953642
vt 0.4909607 0.5187701
vt 0.4870106 0.5162882
vt 0.5 0.5
vt 0.4837118 0.5129894
vt 0.4812298 0.5090393
vt 0.5046358 0.5203111
vt 0.5 0.5208334
vt 0.5 0.5
vt 0.4953642 0.5203111
vt 0.4909607 0.5187701
vt 0.5162882 0.5129894
vt 0.5129894 0.5162882
vt 0.5 0.5
vt 0.5090393 0.5187701
vt 0.5046358 0.5203111
vt 0.5208333 0.5
vt 0.520311 0.5046358
vt 0.5 0.5
vt 0.5187702 0.5090393
vt 0.5162882 0.5129894
vt 0.5162882 0.4870107
vt 0.5187702 0.4909607
vt 0.5 0.5
vt 0.520311 0.4953642
vt 0.5208333 0.5
vt 0.5046358 0.479689
vt 0.5090393 0.4812298
vt 0.5 0.5
vt 0.5129894 0.4837118
vt 0.5162882 0.4870107
vt 0.5 0.4791667
vt 0.5046358 0.479689
vt 0.5 0.5
vt 0.4870106 0.4837118
vt 0.4909607 0.4812298
vt 0.5 0.5
vt 0.4953642 0.479689
vt 0.5 0.4791667
vt 0.479689 0.4953642
vt 0.4812298 0.4909607
vt 0.5 0.5
vt 0.4837118 0.4870107
vt 0.4870106 0.4837118
vt 0.4812298 0.5090393
vt 0.479689 0.5046358
vt 0.5 0.5
vt 0.4791667 0.5
vt 0.479689 0.4953642
vt 0.4909607 0.5187701
vt 0.4870106 0.5162882
vt 0.5 0.5
vt 0.4837118 0.5129894
vt 0.4812298 0.5090393
vt 0.5046358 0.5203111
vt 0.5 0.5208334
vt 0.5 0.5
vt 0.4953642 0.5203111
vt 0.4909607 0.5187701
vt 0.5162882 0.5129894
vt 0.5129894 0.5162882
vt 0.5 0.5
vt 0.5090393 0.5187701
vt 0.5046358 0.5203111
vt 0.5208334 0.5
vt 0.520311 0.5046358
vt 0.5 0.5
vt 0.5187702 0.5090393
vt 0.5162882 0.5129894
vt 0.5162882 0.4870107
vt 0.5187702 0.4909607
vt 0.5 0.5
vt 0.520311 0.4953642
vt 0.5208334 0.5
vt 0.5046358 0.479689
vt 0.5090393 0.4812298
vt 0.5 0.5
vt 0.5129894 0.4837118
vt 0.5162882 0.4870107
vn 0 0 1
vn 0.222521 0 0.974928
vn 0.222521 0 0.974928
vn 0.4338838 0 0.900969
vn 0.4338838 0 0.900969
vn 0.6234898 0 0.7818315
vn 0.6234898 0 0.7818315
vn 0.7818315 0 0.6234898
vn 0.7818315 0 0.6234898
vn 0.900969 0 0.4338838
vn 0.900969 0 0.4338838
vn 0.974928 0 0.222521
vn 0.974928 0 0.222521
vn 1 0 6.123234E-17
vn 1 0 6.123234E-17
vn 0.974928 0 -0.222521
vn 0.974928 0 -0.222521
vn 0.900969 0 -0.4338838
vn 0.900969 0 -0.4338838
vn 0.7818315 0 -0.6234898
vn 0.7818315 0 -0.6234898
vn 0.6234898 0 -0.7818315
vn 0.6234898 0 -0.7818315
vn 0.4338838 0 -0.900969
vn 0.4338838 0 -0.900969
vn 0.222521 0 -0.974928
vn 0.222521 0 -0.974928
vn 1.224647E-16 0 -1
vn 1.224647E-16 0 -1
vn -0.222521 0 -0.974928
vn -0.222521 0 -0.974928
vn -0.4338838 0 -0.900969
vn -0.4338838 0 -0.900969
vn -0.6234898 0 -0.7818315
vn -0.6234898 0 -0.7818315
vn -0.7818315 0 -0.6234898
vn -0.7818315 0 -0.6234898
vn -0.900969 0 -0.4338838
vn -0.900969 0 -0.4338838
vn -0.974928 0 -0.222521
vn -0.974928 0 -0.222521
vn -1 0 -1.83697E-16
vn -1 0 -1.83697E-16
vn -0.974928 0 0.222521
vn -0.974928 0 0.222521
vn -0.900969 0 0.4338838
vn -0.900969 0 0.4338838
vn -0.7818315 0 0.6234898
vn -0.7818315 0 0.6234898
vn -0.6234898 0 0.7818315
vn -0.6234898 0 0.7818315
vn -0.4338838 0 0.900969
vn -0.4338838 0 0.900969
vn -0.222521 0 0.974928
vn -0.222521 0 0.974928
vn 0 0 1
vn 0 0 1
vn 0.222521 0 0.974928
vn 0 -1 0
vn 0 -1 0
vn 0 -1 0
vn 0 -1 0
vn 0 -1 0
vn 0 -1 0
vn 0 -1 0
vn 0 -1 0
vn 0 -1 0
vn 0 -1 0
vn 0 -1 0
vn 0 -1 0
vn 0 -1 0
vn 0 -1 0
vn 0 -1 0
vn 0 -1 0
vn 0 -1 0
vn 0 -1 0
vn 0 -1 0
vn 0 -1 0
vn 0 -1 0
vn 0 -1 0
vn 0 -1 0
vn 0 -1 0
vn 0 -1 0
vn 0 -1 0
vn 0 -1 0
vn 0 -1 0
vn 0 -1 0
vn 0 -1 0
vn 0 -1 0
vn 0 -1 0
vn 0 -1 0
vn 0 -1 0
vn 0 -1 0
vn 0 -1 0
vn 0 -1 0
vn 0 -1 0
vn 0 -1 0
vn 0 -1 0
vn 0 -1 0
vn 0 -1 0
vn 0 -1 0
vn 0 -1 0
vn 0 -1 0
vn 0 -1 0
vn 0 -1 0
vn 0 -1 0
vn 0 1 0
vn 0 1 0
vn 0 1 0
vn 0 1 0
vn 0 1 0
vn 0 1 0
vn 0 1 0
vn 0 1 0
vn 0 1 0
vn 0 1 0
vn 0 1 0
vn 0 1 0
vn 0 1 0
vn 0 1 0
vn 0 1 0
vn 0 1 0
vn 0 1 0
vn 0 1 0
vn 0 1 0
vn 0 1 0
vn 0 1 0
vn 0 1 0
vn 0 1 0
vn 0 1 0
vn 0 1 0
vn 0 1 0
vn 0 1 0
vn 0 1 0
vn 0 1 0
vn 0 1 0
vn 0 1 0
vn 0 1 0
vn 0 1 0
vn 0 1 0
vn 0 1 0
vn 0 1 0
vn 0 1 0
vn 0 1 0
vn 0 1 0
vn 0 1 0
vn 0 1 0
vn 0 1 0
vn 0 1 0
vn 0 1 0
vn 0 1 0
vn 0 1 0
vn 0 1 0
vn 0 1 0
usemtl white_low_gloss_plastic
f 309/309/309 310/310/310 311/311/311
f 310/310/310 312/312/312 311/311/311
f 311/311/311 312/312/312 313/313/313
f 312/312/312 314/314/314 313/313/313
f 313/313/313 314/314/314 315/315/315
f 314/314/314 316/316/316 315/315/315
f 315/315/315 316/316/316 317/317/317
f 316/316/316 318/318/318 317/317/317
f 317/317/317 318/318/318 319/319/319
f 318/318/318 320/320/320 319/319/319
f 319/319/319 320/320/320 321/321/321
f 320/320/320 322/322/322 321/321/321
f 321/321/321 322/322/322 323/323/323
f 322/322/322 324/324/324 323/323/323
f 323/323/323 324/324/324 325/325/325
f 324/324/324 326/326/326 325/325/325
f 325/325/325 326/326/326 327/327/327
f 326/326/326 328/328/328 327/327/327
f 327/327/327 328/328/328 329/329/329
f 328/328/328 330/330/330 329/329/329
f 329/329/329 330/330/330 331/331/331
f 330/330/330 332/332/332 331/331/331
f 331/331/331 332/332/332 333/333/333
f 332/332/332 334/334/334 333/333/333
f 333/333/333 334/334/334 335/335/335
f 334/334/334 336/336/336 335/335/335
f 335/335/335 336/336/336 337/337/337
f 336/336/336 338/338/338 337/337/337
f 337/337/337 338/338/338 339/339/339
f 338/338/338 340/340/340 339/339/339
f 339/339/339 340/340/340 341/341/341
f 340/340/340 342/342/342 341/341/341
f 341/341/341 342/342/342 343/343/343
f 342/342/342 344/344/344 343/343/343
f 343/343/343 344/344/344 345/345/345
f 344/344/344 346/346/346 345/345/345
f 345/345/345 346/346/346 347/347/347
f 346/346/346 348/348/348 347/347/347
f 347/347/347 348/348/348 349/349/349
f 348/348/348 350/350/350 349/349/349
f 349/349/349 350/350/350 351/351/351
f 350/350/350 352/352/352 351/351/351
f 351/351/351 352/352/352 353/353/353
f 352/352/352 354/354/354 353/353/353
f 353/353/353 354/354/354 355/355/355
f 354/354/354 356/356/356 355/355/355
f 355/355/355 356/356/356 357/357/357
f 356/356/356 358/358/358 357/357/357
f 357/357/357 358/358/358 359/359/359
f 358/358/358 360/360/360 359/359/359
f 359/359/359 360/360/360 361/361/361
f 360/360/360 362/362/362 361/361/361
f 361/361/361 362/362/362 363/363/363
f 362/362/362 364/364/364 363/363/363
f 363/363/363 364/364/364 365/365/365
f 364/364/364 366/366/366 365/365/365
f 367/367/367 368/368/368 369/369/369
f 370/370/370 371/371/371 372/372/372
f 371/371/371 373/373/373 372/372/372
f 372/372/372 373/373/373 374/374/374
f 375/375/375 376/376/376 377/377/377
f 376/376/376 378/378/378 377/377/377
f 377/377/377 378/378/378 379/379/379
f 380/380/380 381/381/381 382/382/382
f 381/381/381 383/383/383 382/382/382
f 382/382/382 383/383/383 384/384/384
f 385/385/385 386/386/386 387/387/387
f 386/386/386 388/388/388 387/387/387
f 387/387/387 388/388/388 389/389/389
f 390/390/390 391/391/391 392/392/392
f 391/391/391 393/393/393 392/392/392
f 392/392/392 393/393/393 394/394/394
f 395/395/395 396/396/396 397/397/397
f 396/396/396 398/398/398 397/397/397
f 397/397/397 398/398/398 399/399/399
f 400/400/400 401/401/401 402/402/402
f 401/401/401 403/403/403 402/402/402
f 402/402/402 403/403/403 404/404/404
f 405/405/405 406/406/406 407/407/407
f 406/406/406 408/408/408 407/407/407
f 407/407/407 408/408/408 409/409/409
f 410/410/410 411/411/411 412/412/412
f 411/411/411 413/413/413 412/412/412
f 412/412/412 413/413/413 414/414/414
f 415/415/415 416/416/416 417/417/417
f 418/418/418 419/419/419 420/420/420
f 419/419/419 421/421/421 420/420/420
f 420/420/420 421/421/421 422/422/422
f 423/423/423 424/424/424 425/425/425
f 424/424/424 426/426/426 425/425/425
f 425/425/425 426/426/426 427/427/427
f 428/428/428 429/429/429 430/430/430
f 429/429/429 431/431/431 430/430/430
f 430/430/430 431/431/431 432/432/432
f 433/433/433 434/434/434 435/435/435
f 434/434/434 436/436/436 435/435/435
f 435/435/435 436/436/436 437/437/437
f 438/438/438 439/439/439 440/440/440
f 439/439/439 441/441/441 440/440/440
f 440/440/440 441/441/441 442/442/442
f 443/443/443 444/444/444 445/445/445
f 444/444/444 446/446/446 445/445/445
f 445/445/445 446/446/446 447/447/447
f 448/448/448 449/449/449 450/450/450
f 449/449/449 451/451/451 450/450/450
f 450/450/450 451/451/451 452/452/452
f 453/453/453 454/454/454 455/455/455
f 454/454/454 456/456/456 455/455/455
f 455/455/455 456/456/456 457/457/457
f 458/458/458 459/459/459 460/460/460
f 459/459/459 461/461/461 460/460/460
f 460/460/460 461/461/461 462/462/462
##########################


##########################
g Root|Slalom_(Predeterminado)|Predeterminado|Saliente-Extruir1[4]|Saliente-Extruir1[4]_-_Part
##########################
v 2.5 1.2003 -1.975
v 2.505563 0.0003000498 -1.975627
v 2.505563 1.2003 -1.975627
v 2.510847 0.0003000498 -1.977476
v 2.510847 1.2003 -1.977476
v 2.515587 0.0003000498 -1.980454
v 2.515587 1.2003 -1.980454
v 2.519546 0.0003000498 -1.984413
v 2.519546 1.2003 -1.984413
v 2.522524 0.0003000498 -1.989153
v 2.522524 1.2003 -1.989153
v 2.524373 0.0003000498 -1.994437
v 2.524373 1.2003 -1.994437
v 2.525 0.0003000498 -2
v 2.525 1.2003 -2
v 2.524373 0.0003000498 -2.005563
v 2.524373 1.2003 -2.005563
v 2.522524 0.0003000498 -2.010847
v 2.522524 1.2003 -2.010847
v 2.519546 0.0003000498 -2.015587
v 2.519546 1.2003 -2.015587
v 2.515587 0.0003000498 -2.019546
v 2.515587 1.2003 -2.019546
v 2.510847 0.0003000498 -2.022524
v 2.510847 1.2003 -2.022524
v 2.505563 0.0003000498 -2.024373
v 2.505563 1.2003 -2.024373
v 2.5 0.0003000498 -2.025
v 2.5 1.2003 -2.025
v 2.494437 0.0003000498 -2.024373
v 2.494437 1.2003 -2.024373
v 2.489153 0.0003000498 -2.022524
v 2.489153 1.2003 -2.022524
v 2.484413 0.0003000498 -2.019546
v 2.484413 1.2003 -2.019546
v 2.480454 0.0003000498 -2.015587
v 2.480454 1.2003 -2.015587
v 2.477476 0.0003000498 -2.010847
v 2.477476 1.2003 -2.010847
v 2.475627 0.0003000498 -2.005563
v 2.475627 1.2003 -2.005563
v 2.475 0.0003000498 -2
v 2.475 1.2003 -2
v 2.475627 0.0003000498 -1.994437
v 2.475627 1.2003 -1.994437
v 2.477476 0.0003000498 -1.989153
v 2.477476 1.2003 -1.989153
v 2.480454 0.0003000498 -1.984413
v 2.480454 1.2003 -1.984413
v 2.484413 0.0003000498 -1.980454
v 2.484413 1.2003 -1.980454
v 2.489153 0.0003000498 -1.977476
v 2.489153 1.2003 -1.977476
v 2.494437 0.0003000498 -1.975627
v 2.494437 1.2003 -1.975627
v 2.5 0.0003000498 -1.975
v 2.5 1.2003 -1.975
v 2.505563 0.0003000498 -1.975627
v 2.5 0.0003000498 -1.975
v 2.494437 0.0003000498 -1.975627
v 2.5 0.0003000498 -2
v 2.515587 0.0003000498 -1.980454
v 2.510847 0.0003000498 -1.977476
v 2.5 0.0003000498 -2
v 2.505563 0.0003000498 -1.975627
v 2.5 0.0003000498 -1.975
v 2.524373 0.0003000498 -1.994437
v 2.522524 0.0003000498 -1.989153
v 2.5 0.0003000498 -2
v 2.519546 0.0003000498 -1.984413
v 2.515587 0.0003000498 -1.980454
v 2.522524 0.0003000498 -2.010847
v 2.524373 0.0003000498 -2.005563
v 2.5 0.0003000498 -2
v 2.525 0.0003000498 -2
v 2.524373 0.0003000498 -1.994437
v 2.510847 0.0003000498 -2.022524
v 2.515587 0.0003000498 -2.019546
v 2.5 0.0003000498 -2
v 2.519546 0.0003000498 -2.015587
v 2.522524 0.0003000498 -2.010847
v 2.494437 0.0003000498 -2.024373
v 2.5 0.0003000498 -2.025
v 2.5 0.0003000498 -2
v 2.505563 0.0003000498 -2.024373
v 2.510847 0.0003000498 -2.022524
v 2.480454 0.0003000498 -2.015587
v 2.484413 0.0003000498 -2.019546
v 2.5 0.0003000498 -2
v 2.489153 0.0003000498 -2.022524
v 2.494437 0.0003000498 -2.024373
v 2.475 0.0003000498 -2
v 2.475627 0.0003000498 -2.005563
v 2.5 0.0003000498 -2
v 2.477476 0.0003000498 -2.010847
v 2.480454 0.0003000498 -2.015587
v 2.480454 0.0003000498 -1.984413
v 2.477476 0.0003000498 -1.989153
v 2.5 0.0003000498 -2
v 2.475627 0.0003000498 -1.994437
v 2.475 0.0003000498 -2
v 2.494437 0.0003000498 -1.975627
v 2.489153 0.0003000498 -1.977476
v 2.5 0.0003000498 -2
v 2.484413 0.0003000498 -1.980454
v 2.480454 0.0003000498 -1.984413
v 2.5 1.2003 -1.975
v 2.505563 1.2003 -1.975627
v 2.5 1.2003 -2
v 2.484413 1.2003 -1.980454
v 2.489153 1.2003 -1.977476
v 2.5 1.2003 -2
v 2.494437 1.2003 -1.975627
v 2.5 1.2003 -1.975
v 2.475627 1.2003 -1.994437
v 2.477476 1.2003 -1.989153
v 2.5 1.2003 -2
v 2.480454 1.2003 -1.984413
v 2.484413 1.2003 -1.980454
v 2.477476 1.2003 -2.010847
v 2.475627 1.2003 -2.005563
v 2.5 1.2003 -2
v 2.475 1.2003 -2
v 2.475627 1.2003 -1.994437
v 2.489153 1.2003 -2.022524
v 2.484413 1.2003 -2.019546
v 2.5 1.2003 -2
v 2.480454 1.2003 -2.015587
v 2.477476 1.2003 -2.010847
v 2.505563 1.2003 -2.024373
v 2.5 1.2003 -2.025
v 2.5 1.2003 -2
v 2.494437 1.2003 -2.024373
v 2.489153 1.2003 -2.022524
v 2.519546 1.2003 -2.015587
v 2.515587 1.2003 -2.019546
v 2.5 1.2003 -2
v 2.510847 1.2003 -2.022524
v 2.505563 1.2003 -2.024373
v 2.525 1.2003 -2
v 2.524373 1.2003 -2.005563
v 2.5 1.2003 -2
v 2.522524 1.2003 -2.010847
v 2.519546 1.2003 -2.015587
v 2.519546 1.2003 -1.984413
v 2.522524 1.2003 -1.989153
v 2.5 1.2003 -2
v 2.524373 1.2003 -1.994437
v 2.525 1.2003 -2
v 2.505563 1.2003 -1.975627
v 2.510847 1.2003 -1.977476
v 2.5 1.2003 -2
v 2.515587 1.2003 -1.980454
v 2.519546 1.2003 -1.984413
vt 0.5 1
vt 0.504636 0
vt 0.504636 1
vt 0.5090394 0
vt 0.5090394 1
vt 0.5129895 0
vt 0.5129895 1
vt 0.4870107 0
vt 0.4870107 1
vt 0.4909607 0
vt 0.4909607 1
vt 0.4953642 0
vt 0.4953642 1
vt 0.5 0
vt 0.5 1
vt 0.5046358 0
vt 0.5046358 1
vt 0.5090393 0
vt 0.5090393 1
vt 0.5129894 0
vt 0.5129894 1
vt 0.4870105 0
vt 0.4870105 1
vt 0.4909606 0
vt 0.4909606 1
vt 0.495364 0
vt 0.495364 1
vt 0.5 0
vt 0.5 1
vt 0.5046358 0
vt 0.5046358 1
vt 0.5090392 0
vt 0.5090392 1
vt 0.5129893 0
vt 0.5129893 1
vt 0.4870106 0
vt 0.4870106 1
vt 0.4909607 0
vt 0.4909607 1
vt 0.4953642 0
vt 0.4953642 1
vt 0.5 0
vt 0.5 1
vt 0.5046358 0
vt 0.5046358 1
vt 0.5090393 0
vt 0.5090393 1
vt 0.5129893 0
vt 0.5129893 1
vt 0.4870107 0
vt 0.4870107 1
vt 0.4909608 0
vt 0.4909608 1
vt 0.4953642 0
vt 0.4953642 1
vt 0.5 0
vt 0.5 1
vt 0.504636 0
vt 0.5 0.4791667
vt 0.5046358 0.479689
vt 0.5 0.5
vt 0.4870105 0.4837118
vt 0.4909606 0.4812298
vt 0.5 0.5
vt 0.495364 0.479689
vt 0.5 0.4791667
vt 0.4796889 0.4953642
vt 0.4812298 0.4909607
vt 0.5 0.5
vt 0.4837117 0.4870107
vt 0.4870105 0.4837118
vt 0.4812298 0.5090393
vt 0.4796889 0.5046358
vt 0.5 0.5
vt 0.4791665 0.5
vt 0.4796889 0.4953642
vt 0.4909606 0.5187701
vt 0.4870105 0.5162882
vt 0.5 0.5
vt 0.4837117 0.5129894
vt 0.4812298 0.5090393
vt 0.5046358 0.5203111
vt 0.5 0.5208334
vt 0.5 0.5
vt 0.495364 0.5203111
vt 0.4909606 0.5187701
vt 0.516288 0.5129894
vt 0.5129893 0.5162882
vt 0.5 0.5
vt 0.5090392 0.5187701
vt 0.5046358 0.5203111
vt 0.5208333 0.5
vt 0.5203109 0.5046358
vt 0.5 0.5
vt 0.51877 0.5090393
vt 0.516288 0.5129894
vt 0.516288 0.4870107
vt 0.51877 0.4909607
vt 0.5 0.5
vt 0.5203109 0.4953642
vt 0.5208333 0.5
vt 0.5046358 0.479689
vt 0.5090392 0.4812298
vt 0.5 0.5
vt 0.5129893 0.4837118
vt 0.516288 0.4870107
vt 0.5 0.4791667
vt 0.504636 0.479689
vt 0.5 0.5
vt 0.4870107 0.4837118
vt 0.4909608 0.4812298
vt 0.5 0.5
vt 0.4953642 0.479689
vt 0.5 0.4791667
vt 0.4796891 0.4953642
vt 0.48123 0.4909607
vt 0.5 0.5
vt 0.483712 0.4870107
vt 0.4870107 0.4837118
vt 0.48123 0.5090393
vt 0.4796891 0.5046358
vt 0.5 0.5
vt 0.4791667 0.5
vt 0.4796891 0.4953642
vt 0.4909608 0.5187701
vt 0.4870107 0.5162882
vt 0.5 0.5
vt 0.483712 0.5129894
vt 0.48123 0.5090393
vt 0.504636 0.5203111
vt 0.5 0.5208334
vt 0.5 0.5
vt 0.4953642 0.5203111
vt 0.4909608 0.5187701
vt 0.5162883 0.5129894
vt 0.5129895 0.5162882
vt 0.5 0.5
vt 0.5090394 0.5187701
vt 0.504636 0.5203111
vt 0.5208335 0.5
vt 0.5203111 0.5046358
vt 0.5 0.5
vt 0.5187702 0.5090393
vt 0.5162883 0.5129894
vt 0.5162883 0.4870107
vt 0.5187702 0.4909607
vt 0.5 0.5
vt 0.5203111 0.4953642
vt 0.5208335 0.5
vt 0.504636 0.479689
vt 0.5090394 0.4812298
vt 0.5 0.5
vt 0.5129895 0.4837118
vt 0.5162883 0.4870107
vn 0 0 1
vn 0.222521 0 0.974928
vn 0.222521 0 0.974928
vn 0.4338838 0 0.900969
vn 0.4338838 0 0.900969
vn 0.6234898 0 0.7818315
vn 0.6234898 0 0.7818315
vn 0.7818315 0 0.6234898
vn 0.7818315 0 0.6234898
vn 0.900969 0 0.4338838
vn 0.900969 0 0.4338838
vn 0.974928 0 0.222521
vn 0.974928 0 0.222521
vn 1 0 6.123234E-17
vn 1 0 6.123234E-17
vn 0.974928 0 -0.222521
vn 0.974928 0 -0.222521
vn 0.900969 0 -0.4338838
vn 0.900969 0 -0.4338838
vn 0.7818315 0 -0.6234898
vn 0.7818315 0 -0.6234898
vn 0.6234898 0 -0.7818315
vn 0.6234898 0 -0.7818315
vn 0.4338838 0 -0.900969
vn 0.4338838 0 -0.900969
vn 0.222521 0 -0.974928
vn 0.222521 0 -0.974928
vn 1.224647E-16 0 -1
vn 1.224647E-16 0 -1
vn -0.222521 0 -0.974928
vn -0.222521 0 -0.974928
vn -0.4338838 0 -0.900969
vn -0.4338838 0 -0.900969
vn -0.6234898 0 -0.7818315
vn -0.6234898 0 -0.7818315
vn -0.7818315 0 -0.6234898
vn -0.7818315 0 -0.6234898
vn -0.900969 0 -0.4338838
vn -0.900969 0 -0.4338838
vn -0.974928 0 -0.222521
vn -0.974928 0 -0.222521
vn -1 0 -1.83697E-16
vn -1 0 -1.83697E-16
vn -0.974928 0 0.222521
vn -0.974928 0 0.222521
vn -0.900969 0 0.4338838
vn -0.900969 0 0.4338838
vn -0.7818315 0 0.6234898
vn -0.7818315 0 0.6234898
vn -0.6234898 0 0.7818315
vn -0.6234898 0 0.7818315
vn -0.4338838 0 0.900969
vn -0.4338838 0 0.900969
vn -0.222521 0 0.974928
vn -0.222521 0 0.974928
vn 0 0 1
vn 0 0 1
vn 0.222521 0 0.974928
vn 0 -1 0
vn 0 -1 0
vn 0 -1 0
vn 0 -1 0
vn 0 -1 0
vn 0 -1 0
vn 0 -1 0
vn 0 -1 0
vn 0 -1 0
vn 0 -1 0
vn 0 -1 0
vn 0 -1 0
vn 0 -1 0
vn 0 -1 0
vn 0 -1 0
vn 0 -1 0
vn 0 -1 0
vn 0 -1 0
vn 0 -1 0
vn 0 -1 0
vn 0 -1 0
vn 0 -1 0
vn 0 -1 0
vn 0 -1 0
vn 0 -1 0
vn 0 -1 0
vn 0 -1 0
vn 0 -1 0
vn 0 -1 0
vn 0 -1 0
vn 0 -1 0
vn 0 -1 0
vn 0 -1 0
vn 0 -1 0
vn 0 -1 0
vn 0 -1 0
vn 0 -1 0
vn 0 -1 0
vn 0 -1 0
vn 0 -1 0
vn 0 -1 0
vn 0 -1 0
vn 0 -1 0
vn 0 -1 0
vn 0 -1 0
vn 0 -1 0
vn 0 -1 0
vn 0 -1 0
vn 0 1 0
vn 0 1 0
vn 0 1 0
vn 0 1 0
vn 0 1 0
vn 0 1 0
vn 0 1 0
vn 0 1 0
vn 0 1 0
vn 0 1 0
vn 0 1 0
vn 0 1 0
vn 0 1 0
vn 0 1 0
vn 0 1 0
vn 0 1 0
vn 0 1 0
vn 0 1 0
vn 0 1 0
vn 0 1 0
vn 0 1 0
vn 0 1 0
vn 0 1 0
vn 0 1 0
vn 0 1 0
vn 0 1 0
vn 0 1 0
vn 0 1 0
vn 0 1 0
vn 0 1 0
vn 0 1 0
vn 0 1 0
vn 0 1 0
vn 0 1 0
vn 0 1 0
vn 0 1 0
vn 0 1 0
vn 0 1 0
vn 0 1 0
vn 0 1 0
vn 0 1 0
vn 0 1 0
vn 0 1 0
vn 0 1 0
vn 0 1 0
vn 0 1 0
vn 0 1 0
vn 0 1 0
usemtl white_low_gloss_plastic
f 463/463/463 464/464/464 465/465/465
f 464/464/464 466/466/466 465/465/465
f 465/465/465 466/466/466 467/467/467
f 466/466/466 468/468/468 467/467/467
f 467/467/467 468/468/468 469/469/469
f 468/468/468 470/470/470 469/469/469
f 469/469/469 470/470/470 471/471/471
f 470/470/470 472/472/472 471/471/471
f 471/471/471 472/472/472 473/473/473
f 472/472/472 474/474/474 473/473/473
f 473/473/473 474/474/474 475/475/475
f 474/474/474 476/476/476 475/475/475
f 475/475/475 476/476/476 477/477/477
f 476/476/476 478/478/478 477/477/477
f 477/477/477 478/478/478 479/479/479
f 478/478/478 480/480/480 479/479/479
f 479/479/479 480/480/480 481/481/481
f 480/480/480 482/482/482 481/481/481
f 481/481/481 482/482/482 483/483/483
f 482/482/482 484/484/484 483/483/483
f 483/483/483 484/484/484 485/485/485
f 484/484/484 486/486/486 485/485/485
f 485/485/485 486/486/486 487/487/487
f 486/486/486 488/488/488 487/487/487
f 487/487/487 488/488/488 489/489/489
f 488/488/488 490/490/490 489/489/489
f 489/489/489 490/490/490 491/491/491
f 490/490/490 492/492/492 491/491/491
f 491/491/491 492/492/492 493/493/493
f 492/492/492 494/494/494 493/493/493
f 493/493/493 494/494/494 495/495/495
f 494/494/494 496/496/496 495/495/495
f 495/495/495 496/496/496 497/497/497
f 496/496/496 498/498/498 497/497/497
f 497/497/497 498/498/498 499/499/499
f 498/498/498 500/500/500 499/499/499
f 499/499/499 500/500/500 501/501/501
f 500/500/500 502/502/502 501/501/501
f 501/501/501 502/502/502 503/503/503
f 502/502/502 504/504/504 503/503/503
f 503/503/503 504/504/504 505/505/505
f 504/504/504 506/506/506 505/505/505
f 505/505/505 506/506/506 507/507/507
f 506/506/506 508/508/508 507/507/507
f 507/507/507 508/508/508 509/509/509
f 508/508/508 510/510/510 509/509/509
f 509/509/509 510/510/510 511/511/511
f 510/510/510 512/512/512 511/511/511
f 511/511/511 512/512/512 513/513/513
f 512/512/512 514/514/514 513/513/513
f 513/513/513 514/514/514 515/515/515
f 514/514/514 516/516/516 515/515/515
f 515/515/515 516/516/516 517/517/517
f 516/516/516 518/518/518 517/517/517
f 517/517/517 518/518/518 519/519/519
f 518/518/518 520/520/520 519/519/519
f 521/521/521 522/522/522 523/523/523
f 524/524/524 525/525/525 526/526/526
f 525/525/525 527/527/527 526/526/526
f 526/526/526 527/527/527 528/528/528
f 529/529/529 530/530/530 531/531/531
f 530/530/530 532/532/532 531/531/531
f 531/531/531 532/532/532 533/533/533
f 534/534/534 535/535/535 536/536/536
f 535/535/535 537/537/537 536/536/536
f 536/536/536 537/537/537 538/538/538
f 539/539/539 540/540/540 541/541/541
f 540/540/540 542/542/542 541/541/541
f 541/541/541 542/542/542 543/543/543
f 544/544/544 545/545/545 546/546/546
f 545/545/545 547/547/547 546/546/546
f 546/546/546 547/547/547 548/548/548
f 549/549/549 550/550/550 551/551/551
f 550/550/550 552/552/552 551/551/551
f 551/551/551 552/552/552 553/553/553
f 554/554/554 555/555/555 556/556/556
f 555/555/555 557/557/557 556/556/556
f 556/556/556 557/557/557 558/558/558
f 559/559/559 560/560/560 561/561/561
f 560/560/560 562/562/562 561/561/561
f 561/561/561 562/562/562 563/563/563
f 564/564/564 565/565/565 566/566/566
f 565/565/565 567/567/567 566/566/566
f 566/566/566 567/567/567 568/568/568
f 569/569/569 570/570/570 571/571/571
f 572/572/572 573/573/573 574/574/574
f 573/573/573 575/575/575 574/574/574
f 574/574/574 575/575/575 576/576/576
f 577/577/577 578/578/578 579/579/579
f 578/578/578 580/580/580 579/579/579
f 579/579/579 580/580/580 581/581/581
f 582/582/582 583/583/583 584/584/584
f 583/583/583 585/585/585 584/584/584
f 584/584/584 585/585/585 586/586/586
f 587/587/587 588/588/588 589/589/589
f 588/588/588 590/590/590 589/589/589
f 589/589/589 590/590/590 591/591/591
f 592/592/592 593/593/593 594/594/594
f 593/593/593 595/595/595 594/594/594
f 594/594/594 595/595/595 596/596/596
f 597/597/597 598/598/598 599/599/599
f 598/598/598 600/600/600 599/599/599
f 599/599/599 600/600/600 601/601/601
f 602/602/602 603/603/603 604/604/604
f 603/603/603 605/605/605 604/604/604
f 604/604/604 605/605/605 606/606/606
f 607/607/607 608/608/608 609/609/609
f 608/608/608 610/610/610 609/609/609
f 609/609/609 610/610/610 611/611/611
f 612/612/612 613/613/613 614/614/614
f 613/613/613 615/615/615 614/614/614
f 614/614/614 615/615/615 616/616/616
##########################


##########################
g Root|Slalom_(Predeterminado)|Predeterminado|Saliente-Extruir1[5]|Saliente-Extruir1[5]_-_Part
##########################
v 1.5 1.2003 0.025
v 1.505563 0.0003000498 0.0243732
v 1.505563 1.2003 0.0243732
v 1.510847 0.0003000498 0.02252422
v 1.510847 1.2003 0.02252422
v 1.515587 0.0003000498 0.01954579
v 1.515587 1.2003 0.01954579
v 1.519546 0.0003000498 0.01558725
v 1.519546 1.2003 0.01558725
v 1.522524 0.0003000498 0.01084709
v 1.522524 1.2003 0.01084709
v 1.524373 0.0003000498 0.005563024
v 1.524373 1.2003 0.005563024
v 1.525 0.0003000498 1.530808E-18
v 1.525 1.2003 1.530808E-18
v 1.524373 0.0003000498 -0.005563024
v 1.524373 1.2003 -0.005563024
v 1.522524 0.0003000498 -0.01084709
v 1.522524 1.2003 -0.01084709
v 1.519546 0.0003000498 -0.01558725
v 1.519546 1.2003 -0.01558725
v 1.515587 0.0003000498 -0.01954579
v 1.515587 1.2003 -0.01954579
v 1.510847 0.0003000498 -0.02252422
v 1.510847 1.2003 -0.02252422
v 1.505563 0.0003000498 -0.0243732
v 1.505563 1.2003 -0.0243732
v 1.5 0.0003000498 -0.025
v 1.5 1.2003 -0.025
v 1.494437 0.0003000498 -0.0243732
v 1.494437 1.2003 -0.0243732
v 1.489153 0.0003000498 -0.02252422
v 1.489153 1.2003 -0.02252422
v 1.484413 0.0003000498 -0.01954579
v 1.484413 1.2003 -0.01954579
v 1.480454 0.0003000498 -0.01558725
v 1.480454 1.2003 -0.01558725
v 1.477476 0.0003000498 -0.01084709
v 1.477476 1.2003 -0.01084709
v 1.475627 0.0003000498 -0.005563024
v 1.475627 1.2003 -0.005563024
v 1.475 0.0003000498 -4.592426E-18
v 1.475 1.2003 -4.592426E-18
v 1.475627 0.0003000498 0.005563024
v 1.475627 1.2003 0.005563024
v 1.477476 0.0003000498 0.01084709
v 1.477476 1.2003 0.01084709
v 1.480454 0.0003000498 0.01558725
v 1.480454 1.2003 0.01558725
v 1.484413 0.0003000498 0.01954579
v 1.484413 1.2003 0.01954579
v 1.489153 0.0003000498 0.02252422
v 1.489153 1.2003 0.02252422
v 1.494437 0.0003000498 0.0243732
v 1.494437 1.2003 0.0243732
v 1.5 0.0003000498 0.025
v 1.5 1.2003 0.025
v 1.505563 0.0003000498 0.0243732
v 1.5 0.0003000498 0.025
v 1.494437 0.0003000498 0.0243732
v 1.5 0.0003000498 0
v 1.515587 0.0003000498 0.01954579
v 1.510847 0.0003000498 0.02252422
v 1.5 0.0003000498 0
v 1.505563 0.0003000498 0.0243732
v 1.5 0.0003000498 0.025
v 1.524373 0.0003000498 0.005563024
v 1.522524 0.0003000498 0.01084709
v 1.5 0.0003000498 0
v 1.519546 0.0003000498 0.01558725
v 1.515587 0.0003000498 0.01954579
v 1.522524 0.0003000498 -0.01084709
v 1.524373 0.0003000498 -0.005563024
v 1.5 0.0003000498 0
v 1.525 0.0003000498 1.530808E-18
v 1.524373 0.0003000498 0.005563024
v 1.510847 0.0003000498 -0.02252422
v 1.515587 0.0003000498 -0.01954579
v 1.5 0.0003000498 0
v 1.519546 0.0003000498 -0.01558725
v 1.522524 0.0003000498 -0.01084709
v 1.494437 0.0003000498 -0.0243732
v 1.5 0.0003000498 -0.025
v 1.5 0.0003000498 0
v 1.505563 0.0003000498 -0.0243732
v 1.510847 0.0003000498 -0.02252422
v 1.480454 0.0003000498 -0.01558725
v 1.484413 0.0003000498 -0.01954579
v 1.5 0.0003000498 0
v 1.489153 0.0003000498 -0.02252422
v 1.494437 0.0003000498 -0.0243732
v 1.475 0.0003000498 -4.592426E-18
v 1.475627 0.0003000498 -0.005563024
v 1.5 0.0003000498 0
v 1.477476 0.0003000498 -0.01084709
v 1.480454 0.0003000498 -0.01558725
v 1.480454 0.0003000498 0.01558725
v 1.477476 0.0003000498 0.01084709
v 1.5 0.0003000498 0
v 1.475627 0.0003000498 0.005563024
v 1.475 0.0003000498 -4.592426E-18
v 1.494437 0.0003000498 0.0243732
v 1.489153 0.0003000498 0.02252422
v 1.5 0.0003000498 0
v 1.484413 0.0003000498 0.01954579
v 1.480454 0.0003000498 0.01558725
v 1.5 1.2003 0.025
v 1.505563 1.2003 0.0243732
v 1.5 1.2003 0
v 1.484413 1.2003 0.01954579
v 1.489153 1.2003 0.02252422
v 1.5 1.2003 0
v 1.494437 1.2003 0.0243732
v 1.5 1.2003 0.025
v 1.475627 1.2003 0.005563024
v 1.477476 1.2003 0.01084709
v 1.5 1.2003 0
v 1.480454 1.2003 0.01558725
v 1.484413 1.2003 0.01954579
v 1.477476 1.2003 -0.01084709
v 1.475627 1.2003 -0.005563024
v 1.5 1.2003 0
v 1.475 1.2003 -4.592426E-18
v 1.475627 1.2003 0.005563024
v 1.489153 1.2003 -0.02252422
v 1.484413 1.2003 -0.01954579
v 1.5 1.2003 0
v 1.480454 1.2003 -0.01558725
v 1.477476 1.2003 -0.01084709
v 1.505563 1.2003 -0.0243732
v 1.5 1.2003 -0.025
v 1.5 1.2003 0
v 1.494437 1.2003 -0.0243732
v 1.489153 1.2003 -0.02252422
v 1.519546 1.2003 -0.01558725
v 1.515587 1.2003 -0.01954579
v 1.5 1.2003 0
v 1.510847 1.2003 -0.02252422
v 1.505563 1.2003 -0.0243732
v 1.525 1.2003 1.530808E-18
v 1.524373 1.2003 -0.005563024
v 1.5 1.2003 0
v 1.522524 1.2003 -0.01084709
v 1.519546 1.2003 -0.01558725
v 1.519546 1.2003 0.01558725
v 1.522524 1.2003 0.01084709
v 1.5 1.2003 0
v 1.524373 1.2003 0.005563024
v 1.525 1.2003 1.530808E-18
v 1.505563 1.2003 0.0243732
v 1.510847 1.2003 0.02252422
v 1.5 1.2003 0
v 1.515587 1.2003 0.01954579
v 1.519546 1.2003 0.01558725
vt 0.5 1
vt 0.5046358 0
vt 0.5046358 1
vt 0.5090393 0
vt 0.5090393 1
vt 0.5129893 0
vt 0.5129893 1
vt 0.4870106 0
vt 0.4870106 1
vt 0.4909607 0
vt 0.4909607 1
vt 0.4953642 0
vt 0.4953642 1
vt 0.5 0
vt 0.5 1
vt 0.5046359 0
vt 0.5046359 1
vt 0.5090392 0
vt 0.5090392 1
vt 0.5129893 0
vt 0.5129893 1
vt 0.4870107 0
vt 0.4870107 1
vt 0.4909607 0
vt 0.4909607 1
vt 0.4953642 0
vt 0.4953642 1
vt 0.5 0
vt 0.5 1
vt 0.5046358 0
vt 0.5046358 1
vt 0.5090393 0
vt 0.5090393 1
vt 0.5129893 0
vt 0.5129893 1
vt 0.4870106 0
vt 0.4870106 1
vt 0.4909607 0
vt 0.4909607 1
vt 0.4953642 0
vt 0.4953642 1
vt 0.5 0
vt 0.5 1
vt 0.5046359 0
vt 0.5046359 1
vt 0.5090392 0
vt 0.5090392 1
vt 0.5129893 0
vt 0.5129893 1
vt 0.4870107 0
vt 0.4870107 1
vt 0.4909607 0
vt 0.4909607 1
vt 0.4953642 0
vt 0.4953642 1
vt 0.5 0
vt 0.5 1
vt 0.5046358 0
vt 0.5 0.4791667
vt 0.5046358 0.479689
vt 0.5 0.5
vt 0.4870107 0.4837118
vt 0.4909607 0.4812298
vt 0.5 0.5
vt 0.4953642 0.479689
vt 0.5 0.4791667
vt 0.479689 0.4953641
vt 0.4812298 0.4909608
vt 0.5 0.5
vt 0.4837118 0.4870107
vt 0.4870107 0.4837118
vt 0.4812298 0.5090393
vt 0.479689 0.5046358
vt 0.5 0.5
vt 0.4791667 0.5
vt 0.479689 0.4953641
vt 0.4909607 0.5187702
vt 0.4870107 0.5162882
vt 0.5 0.5
vt 0.4837118 0.5129894
vt 0.4812298 0.5090393
vt 0.5046358 0.520311
vt 0.5 0.5208334
vt 0.5 0.5
vt 0.4953642 0.520311
vt 0.4909607 0.5187702
vt 0.5162882 0.5129894
vt 0.5129893 0.5162882
vt 0.5 0.5
vt 0.5090393 0.5187702
vt 0.5046358 0.520311
vt 0.5208333 0.5
vt 0.520311 0.5046358
vt 0.5 0.5
vt 0.5187702 0.5090393
vt 0.5162882 0.5129894
vt 0.5162882 0.4870107
vt 0.5187702 0.4909608
vt 0.5 0.5
vt 0.520311 0.4953641
vt 0.5208333 0.5
vt 0.5046358 0.479689
vt 0.5090393 0.4812298
vt 0.5 0.5
vt 0.5129893 0.4837118
vt 0.5162882 0.4870107
vt 0.5 0.4791667
vt 0.5046358 0.479689
vt 0.5 0.5
vt 0.4870107 0.4837118
vt 0.4909607 0.4812298
vt 0.5 0.5
vt 0.4953642 0.479689
vt 0.5 0.4791667
vt 0.479689 0.4953641
vt 0.4812298 0.4909608
vt 0.5 0.5
vt 0.4837118 0.4870107
vt 0.4870107 0.4837118
vt 0.4812298 0.5090393
vt 0.479689 0.5046358
vt 0.5 0.5
vt 0.4791667 0.5
vt 0.479689 0.4953641
vt 0.4909607 0.5187702
vt 0.4870107 0.5162882
vt 0.5 0.5
vt 0.4837118 0.5129894
vt 0.4812298 0.5090393
vt 0.5046358 0.520311
vt 0.5 0.5208334
vt 0.5 0.5
vt 0.4953642 0.520311
vt 0.4909607 0.5187702
vt 0.5162882 0.5129894
vt 0.5129893 0.5162882
vt 0.5 0.5
vt 0.5090393 0.5187702
vt 0.5046358 0.520311
vt 0.5208333 0.5
vt 0.520311 0.5046358
vt 0.5 0.5
vt 0.5187702 0.5090393
vt 0.5162882 0.5129894
vt 0.5162882 0.4870107
vt 0.5187702 0.4909608
vt 0.5 0.5
vt 0.520311 0.4953641
vt 0.5208333 0.5
vt 0.5046358 0.479689
vt 0.5090393 0.4812298
vt 0.5 0.5
vt 0.5129893 0.4837118
vt 0.5162882 0.4870107
vn 0 0 1
vn 0.222521 0 0.974928
vn 0.222521 0 0.974928
vn 0.4338838 0 0.900969
vn 0.4338838 0 0.900969
vn 0.6234898 0 0.7818315
vn 0.6234898 0 0.7818315
vn 0.7818315 0 0.6234898
vn 0.7818315 0 0.6234898
vn 0.900969 0 0.4338838
vn 0.900969 0 0.4338838
vn 0.974928 0 0.222521
vn 0.974928 0 0.222521
vn 1 0 6.123234E-17
vn 1 0 6.123234E-17
vn 0.974928 0 -0.222521
vn 0.974928 0 -0.222521
vn 0.900969 0 -0.4338838
vn 0.900969 0 -0.4338838
vn 0.7818315 0 -0.6234898
vn 0.7818315 0 -0.6234898
vn 0.6234898 0 -0.7818315
vn 0.6234898 0 -0.7818315
vn 0.4338838 0 -0.900969
vn 0.4338838 0 -0.900969
vn 0.222521 0 -0.974928
vn 0.222521 0 -0.974928
vn 1.224647E-16 0 -1
vn 1.224647E-16 0 -1
vn -0.222521 0 -0.974928
vn -0.222521 0 -0.974928
vn -0.4338838 0 -0.900969
vn -0.4338838 0 -0.900969
vn -0.6234898 0 -0.7818315
vn -0.6234898 0 -0.7818315
vn -0.7818315 0 -0.6234898
vn -0.7818315 0 -0.6234898
vn -0.900969 0 -0.4338838
vn -0.900969 0 -0.4338838
vn -0.974928 0 -0.222521
vn -0.974928 0 -0.222521
vn -1 0 -1.83697E-16
vn -1 0 -1.83697E-16
vn -0.974928 0 0.222521
vn -0.974928 0 0.222521
vn -0.900969 0 0.4338838
vn -0.900969 0 0.4338838
vn -0.7818315 0 0.6234898
vn -0.7818315 0 0.6234898
vn -0.6234898 0 0.7818315
vn -0.6234898 0 0.7818315
vn -0.4338838 0 0.900969
vn -0.4338838 0 0.900969
vn -0.222521 0 0.974928
vn -0.222521 0 0.974928
vn 0 0 1
vn 0 0 1
vn 0.222521 0 0.974928
vn 0 -1 0
vn 0 -1 0
vn 0 -1 0
vn 0 -1 0
vn 0 -1 0
vn 0 -1 0
vn 0 -1 0
vn 0 -1 0
vn 0 -1 0
vn 0 -1 0
vn 0 -1 0
vn 0 -1 0
vn 0 -1 0
vn 0 -1 0
vn 0 -1 0
vn 0 -1 0
vn 0 -1 0
vn 0 -1 0
vn 0 -1 0
vn 0 -1 0
vn 0 -1 0
vn 0 -1 0
vn 0 -1 0
vn 0 -1 0
vn 0 -1 0
vn 0 -1 0
vn 0 -1 0
vn 0 -1 0
vn 0 -1 0
vn 0 -1 0
vn 0 -1 0
vn 0 -1 0
vn 0 -1 0
vn 0 -1 0
vn 0 -1 0
vn 0 -1 0
vn 0 -1 0
vn 0 -1 0
vn 0 -1 0
vn 0 -1 0
vn 0 -1 0
vn 0 -1 0
vn 0 -1 0
vn 0 -1 0
vn 0 -1 0
vn 0 -1 0
vn 0 -1 0
vn 0 -1 0
vn 0 1 0
vn 0 1 0
vn 0 1 0
vn 0 1 0
vn 0 1 0
vn 0 1 0
vn 0 1 0
vn 0 1 0
vn 0 1 0
vn 0 1 0
vn 0 1 0
vn 0 1 0
vn 0 1 0
vn 0 1 0
vn 0 1 0
vn 0 1 0
vn 0 1 0
vn 0 1 0
vn 0 1 0
vn 0 1 0
vn 0 1 0
vn 0 1 0
vn 0 1 0
vn 0 1 0
vn 0 1 0
vn 0 1 0
vn 0 1 0
vn 0 1 0
vn 0 1 0
vn 0 1 0
vn 0 1 0
vn 0 1 0
vn 0 1 0
vn 0 1 0
vn 0 1 0
vn 0 1 0
vn 0 1 0
vn 0 1 0
vn 0 1 0
vn 0 1 0
vn 0 1 0
vn 0 1 0
vn 0 1 0
vn 0 1 0
vn 0 1 0
vn 0 1 0
vn 0 1 0
vn 0 1 0
usemtl white_low_gloss_plastic
f 617/617/617 618/618/618 619/619/619
f 618/618/618 620/620/620 619/619/619
f 619/619/619 620/620/620 621/621/621
f 620/620/620 622/622/622 621/621/621
f 621/621/621 622/622/622 623/623/623
f 622/622/622 624/624/624 623/623/623
f 623/623/623 624/624/624 625/625/625
f 624/624/624 626/626/626 625/625/625
f 625/625/625 626/626/626 627/627/627
f 626/626/626 628/628/628 627/627/627
f 627/627/627 628/628/628 629/629/629
f 628/628/628 630/630/630 629/629/629
f 629/629/629 630/630/630 631/631/631
f 630/630/630 632/632/632 631/631/631
f 631/631/631 632/632/632 633/633/633
f 632/632/632 634/634/634 633/633/633
f 633/633/633 634/634/634 635/635/635
f 634/634/634 636/636/636 635/635/635
f 635/635/635 636/636/636 637/637/637
f 636/636/636 638/638/638 637/637/637
f 637/637/637 638/638/638 639/639/639
f 638/638/638 640/640/640 639/639/639
f 639/639/639 640/640/640 641/641/641
f 640/640/640 642/642/642 641/641/641
f 641/641/641 642/642/642 643/643/643
f 642/642/642 644/644/644 643/643/643
f 643/643/643 644/644/644 645/645/645
f 644/644/644 646/646/646 645/645/645
f 645/645/645 646/646/646 647/647/647
f 646/646/646 648/648/648 647/647/647
f 647/647/647 648/648/648 649/649/649
f 648/648/648 650/650/650 649/649/649
f 649/649/649 650/650/650 651/651/651
f 650/650/650 652/652/652 651/651/651
f 651/651/651 652/652/652 653/653/653
f 652/652/652 654/654/654 653/653/653
f 653/653/653 654/654/654 655/655/655
f 654/654/654 656/656/656 655/655/655
f 655/655/655 656/656/656 657/657/657
f 656/656/656 658/658/658 657/657/657
f 657/657/657 658/658/658 659/659/659
f 658/658/658 660/660/660 659/659/659
f 659/659/659 660/660/660 661/661/661
f 660/660/660 662/662/662 661/661/661
f 661/661/661 662/662/662 663/663/663
f 662/662/662 664/664/664 663/663/663
f 663/663/663 664/664/664 665/665/665
f 664/664/664 666/666/666 665/665/665
f 665/665/665 666/666/666 667/667/667
f 666/666/666 668/668/668 667/667/667
f 667/667/667 668/668/668 669/669/669
f 668/668/668 670/670/670 669/669/669
f 669/669/669 670/670/670 671/671/671
f 670/670/670 672/672/672 671/671/671
f 671/671/671 672/672/672 673/673/673
f 672/672/672 674/674/674 673/673/673
f 675/675/675 676/676/676 677/677/677
f 678/678/678 679/679/679 680/680/680
f 679/679/679 681/681/681 680/680/680
f 680/680/680 681/681/681 682/682/682
f 683/683/683 684/684/684 685/685/685
f 684/684/684 686/686/686 685/685/685
f 685/685/685 686/686/686 687/687/687
f 688/688/688 689/689/689 690/690/690
f 689/689/689 691/691/691 690/690/690
f 690/690/690 691/691/691 692/692/692
f 693/693/693 694/694/694 695/695/695
f 694/694/694 696/696/696 695/695/695
f 695/695/695 696/696/696 697/697/697
f 698/698/698 699/699/699 700/700/700
f 699/699/699 701/701/701 700/700/700
f 700/700/700 701/701/701 702/702/702
f 703/703/703 704/704/704 705/705/705
f 704/704/704 706/706/706 705/705/705
f 705/705/705 706/706/706 707/707/707
f 708/708/708 709/709/709 710/710/710
f 709/709/709 711/711/711 710/710/710
f 710/710/710 711/711/711 712/712/712
f 713/713/713 714/714/714 715/715/715
f 714/714/714 716/716/716 715/715/715
f 715/715/715 716/716/716 717/717/717
f 718/718/718 719/719/719 720/720/720
f 719/719/719 721/721/721 720/720/720
f 720/720/720 721/721/721 722/722/722
f 723/723/723 724/724/724 725/725/725
f 726/726/726 727/727/727 728/728/728
f 727/727/727 729/729/729 728/728/728
f 728/728/728 729/729/729 730/730/730
f 731/731/731 732/732/732 733/733/733
f 732/732/732 734/734/734 733/733/733
f 733/733/733 734/734/734 735/735/735
f 736/736/736 737/737/737 738/738/738
f 737/737/737 739/739/739 738/738/738
f 738/738/738 739/739/739 740/740/740
f 741/741/741 742/742/742 743/743/743
f 742/742/742 744/744/744 743/743/743
f 743/743/743 744/744/744 745/745/745
f 746/746/746 747/747/747 748/748/748
f 747/747/747 749/749/749 748/748/748
f 748/748/748 749/749/749 750/750/750
f 751/751/751 752/752/752 753/753/753
f 752/752/752 754/754/754 753/753/753
f 753/753/753 754/754/754 755/755/755
f 756/756/756 757/757/757 758/758/758
f 757/757/757 759/759/759 758/758/758
f 758/758/758 759/759/759 760/760/760
f 761/761/761 762/762/762 763/763/763
f 762/762/762 764/764/764 763/763/763
f 763/763/763 764/764/764 765/765/765
f 766/766/766 767/767/767 768/768/768
f 767/767/767 769/769/769 768/768/768
f 768/768/768 769/769/769 770/770/770
##########################


##########################
g Root|Slalom_(Predeterminado)|Predeterminado|Saliente-Extruir1[6]|Saliente-Extruir1[6]_-_Part
##########################
v -1.5 1.2003 0.025
v -1.494437 0.0003000498 0.0243732
v -1.494437 1.2003 0.0243732
v -1.489153 0.0003000498 0.02252422
v -1.489153 1.2003 0.02252422
v -1.484413 0.0003000498 0.01954579
v -1.484413 1.2003 0.01954579
v -1.480454 0.0003000498 0.01558725
v -1.480454 1.2003 0.01558725
v -1.477476 0.0003000498 0.01084709
v -1.477476 1.2003 0.01084709
v -1.475627 0.0003000498 0.005563024
v -1.475627 1.2003 0.005563024
v -1.475 0.0003000498 1.530808E-18
v -1.475 1.2003 1.530808E-18
v -1.475627 0.0003000498 -0.005563024
v -1.475627 1.2003 -0.005563024
v -1.477476 0.0003000498 -0.01084709
v -1.477476 1.2003 -0.01084709
v -1.480454 0.0003000498 -0.01558725
v -1.480454 1.2003 -0.01558725
v -1.484413 0.0003000498 -0.01954579
v -1.484413 1.2003 -0.01954579
v -1.489153 0.0003000498 -0.02252422
v -1.489153 1.2003 -0.02252422
v -1.494437 0.0003000498 -0.0243732
v -1.494437 1.2003 -0.0243732
v -1.5 0.0003000498 -0.025
v -1.5 1.2003 -0.025
v -1.505563 0.0003000498 -0.0243732
v -1.505563 1.2003 -0.0243732
v -1.510847 0.0003000498 -0.02252422
v -1.510847 1.2003 -0.02252422
v -1.515587 0.0003000498 -0.01954579
v -1.515587 1.2003 -0.01954579
v -1.519546 0.0003000498 -0.01558725
v -1.519546 1.2003 -0.01558725
v -1.522524 0.0003000498 -0.01084709
v -1.522524 1.2003 -0.01084709
v -1.524373 0.0003000498 -0.005563024
v -1.524373 1.2003 -0.005563024
v -1.525 0.0003000498 -4.592426E-18
v -1.525 1.2003 -4.592426E-18
v -1.524373 0.0003000498 0.005563024
v -1.524373 1.2003 0.005563024
v -1.522524 0.0003000498 0.01084709
v -1.522524 1.2003 0.01084709
v -1.519546 0.0003000498 0.01558725
v -1.519546 1.2003 0.01558725
v -1.515587 0.0003000498 0.01954579
v -1.515587 1.2003 0.01954579
v -1.510847 0.0003000498 0.02252422
v -1.510847 1.2003 0.02252422
v -1.505563 0.0003000498 0.0243732
v -1.505563 1.2003 0.0243732
v -1.5 0.0003000498 0.025
v -1.5 1.2003 0.025
v -1.494437 0.0003000498 0.0243732
v -1.5 0.0003000498 0.025
v -1.505563 0.0003000498 0.0243732
v -1.5 0.0003000498 0
v -1.484413 0.0003000498 0.01954579
v -1.489153 0.0003000498 0.02252422
v -1.5 0.0003000498 0
v -1.494437 0.0003000498 0.0243732
v -1.5 0.0003000498 0.025
v -1.475627 0.0003000498 0.005563024
v -1.477476 0.0003000498 0.01084709
v -1.5 0.0003000498 0
v -1.480454 0.0003000498 0.01558725
v -1.484413 0.0003000498 0.01954579
v -1.477476 0.0003000498 -0.01084709
v -1.475627 0.0003000498 -0.005563024
v -1.5 0.0003000498 0
v -1.475 0.0003000498 1.530808E-18
v -1.475627 0.0003000498 0.005563024
v -1.489153 0.0003000498 -0.02252422
v -1.484413 0.0003000498 -0.01954579
v -1.5 0.0003000498 0
v -1.480454 0.0003000498 -0.01558725
v -1.477476 0.0003000498 -0.01084709
v -1.505563 0.0003000498 -0.0243732
v -1.5 0.0003000498 -0.025
v -1.5 0.0003000498 0
v -1.494437 0.0003000498 -0.0243732
v -1.489153 0.0003000498 -0.02252422
v -1.519546 0.0003000498 -0.01558725
v -1.515587 0.0003000498 -0.01954579
v -1.5 0.0003000498 0
v -1.510847 0.0003000498 -0.02252422
v -1.505563 0.0003000498 -0.0243732
v -1.525 0.0003000498 -4.592426E-18
v -1.524373 0.0003000498 -0.005563024
v -1.5 0.0003000498 0
v -1.522524 0.0003000498 -0.01084709
v -1.519546 0.0003000498 -0.01558725
v -1.519546 0.0003000498 0.01558725
v -1.522524 0.0003000498 0.01084709
v -1.5 0.0003000498 0
v -1.524373 0.0003000498 0.005563024
v -1.525 0.0003000498 -4.592426E-18
v -1.505563 0.0003000498 0.0243732
v -1.510847 0.0003000498 0.02252422
v -1.5 0.0003000498 0
v -1.515587 0.0003000498 0.01954579
v -1.519546 0.0003000498 0.01558725
v -1.5 1.2003 0.025
v -1.494437 1.2003 0.0243732
v -1.5 1.2003 0
v -1.515587 1.2003 0.01954579
v -1.510847 1.2003 0.02252422
v -1.5 1.2003 0
v -1.505563 1.2003 0.0243732
v -1.5 1.2003 0.025
v -1.524373 1.2003 0.005563024
v -1.522524 1.2003 0.01084709
v -1.5 1.2003 0
v -1.519546 1.2003 0.01558725
v -1.515587 1.2003 0.01954579
v -1.522524 1.2003 -0.01084709
v -1.524373 1.2003 -0.005563024
v -1.5 1.2003 0
v -1.525 1.2003 -4.592426E-18
v -1.524373 1.2003 0.005563024
v -1.510847 1.2003 -0.02252422
v -1.515587 1.2003 -0.01954579
v -1.5 1.2003 0
v -1.519546 1.2003 -0.01558725
v -1.522524 1.2003 -0.01084709
v -1.494437 1.2003 -0.0243732
v -1.5 1.2003 -0.025
v -1.5 1.2003 0
v -1.505563 1.2003 -0.0243732
v -1.510847 1.2003 -0.02252422
v -1.480454 1.2003 -0.01558725
v -1.484413 1.2003 -0.01954579
v -1.5 1.2003 0
v -1.489153 1.2003 -0.02252422
v -1.494437 1.2003 -0.0243732
v -1.475 1.2003 1.530808E-18
v -1.475627 1.2003 -0.005563024
v -1.5 1.2003 0
v -1.477476 1.2003 -0.01084709
v -1.480454 1.2003 -0.01558725
v -1.480454 1.2003 0.01558725
v -1.477476 1.2003 0.01084709
v -1.5 1.2003 0
v -1.475627 1.2003 0.005563024
v -1.475 1.2003 1.530808E-18
v -1.494437 1.2003 0.0243732
v -1.489153 1.2003 0.02252422
v -1.5 1.2003 0
v -1.484413 1.2003 0.01954579
v -1.480454 1.2003 0.01558725
vt 0.5 1
vt 0.5046358 0
vt 0.5046358 1
vt 0.5090393 0
vt 0.5090393 1
vt 0.5129893 0
vt 0.5129893 1
vt 0.4870106 0
vt 0.4870106 1
vt 0.4909607 0
vt 0.4909607 1
vt 0.4953642 0
vt 0.4953642 1
vt 0.5 0
vt 0.5 1
vt 0.5046359 0
vt 0.5046359 1
vt 0.5090392 0
vt 0.5090392 1
vt 0.5129893 0
vt 0.5129893 1
vt 0.4870107 0
vt 0.4870107 1
vt 0.4909607 0
vt 0.4909607 1
vt 0.4953642 0
vt 0.4953642 1
vt 0.5 0
vt 0.5 1
vt 0.5046358 0
vt 0.5046358 1
vt 0.5090393 0
vt 0.5090393 1
vt 0.5129893 0
vt 0.5129893 1
vt 0.4870106 0
vt 0.4870106 1
vt 0.4909607 0
vt 0.4909607 1
vt 0.4953642 0
vt 0.4953642 1
vt 0.5 0
vt 0.5 1
vt 0.5046359 0
vt 0.5046359 1
vt 0.5090392 0
vt 0.5090392 1
vt 0.5129893 0
vt 0.5129893 1
vt 0.4870107 0
vt 0.4870107 1
vt 0.4909607 0
vt 0.4909607 1
vt 0.4953642 0
vt 0.4953642 1
vt 0.5 0
vt 0.5 1
vt 0.5046358 0
vt 0.5 0.4791667
vt 0.5046358 0.479689
vt 0.5 0.5
vt 0.4870107 0.4837118
vt 0.4909607 0.4812298
vt 0.5 0.5
vt 0.4953642 0.479689
vt 0.5 0.4791667
vt 0.479689 0.4953641
vt 0.4812298 0.4909608
vt 0.5 0.5
vt 0.4837118 0.4870107
vt 0.4870107 0.4837118
vt 0.4812298 0.5090393
vt 0.479689 0.5046358
vt 0.5 0.5
vt 0.4791667 0.5
vt 0.479689 0.4953641
vt 0.4909607 0.5187702
vt 0.4870107 0.5162882
vt 0.5 0.5
vt 0.4837118 0.5129894
vt 0.4812298 0.5090393
vt 0.5046358 0.520311
vt 0.5 0.5208334
vt 0.5 0.5
vt 0.4953642 0.520311
vt 0.4909607 0.5187702
vt 0.5162882 0.5129894
vt 0.5129893 0.5162882
vt 0.5 0.5
vt 0.5090393 0.5187702
vt 0.5046358 0.520311
vt 0.5208333 0.5
vt 0.520311 0.5046358
vt 0.5 0.5
vt 0.5187702 0.5090393
vt 0.5162882 0.5129894
vt 0.5162882 0.4870107
vt 0.5187702 0.4909608
vt 0.5 0.5
vt 0.520311 0.4953641
vt 0.5208333 0.5
vt 0.5046358 0.479689
vt 0.5090393 0.4812298
vt 0.5 0.5
vt 0.5129893 0.4837118
vt 0.5162882 0.4870107
vt 0.5 0.4791667
vt 0.5046358 0.479689
vt 0.5 0.5
vt 0.4870107 0.4837118
vt 0.4909607 0.4812298
vt 0.5 0.5
vt 0.4953642 0.479689
vt 0.5 0.4791667
vt 0.479689 0.4953641
vt 0.4812298 0.4909608
vt 0.5 0.5
vt 0.4837118 0.4870107
vt 0.4870107 0.4837118
vt 0.4812298 0.5090393
vt 0.479689 0.5046358
vt 0.5 0.5
vt 0.4791667 0.5
vt 0.479689 0.4953641
vt 0.4909607 0.5187702
vt 0.4870107 0.5162882
vt 0.5 0.5
vt 0.4837118 0.5129894
vt 0.4812298 0.5090393
vt 0.5046358 0.520311
vt 0.5 0.5208334
vt 0.5 0.5
vt 0.4953642 0.520311
vt 0.4909607 0.5187702
vt 0.5162882 0.5129894
vt 0.5129893 0.5162882
vt 0.5 0.5
vt 0.5090393 0.5187702
vt 0.5046358 0.520311
vt 0.5208333 0.5
vt 0.520311 0.5046358
vt 0.5 0.5
vt 0.5187702 0.5090393
vt 0.5162882 0.5129894
vt 0.5162882 0.4870107
vt 0.5187702 0.4909608
vt 0.5 0.5
vt 0.520311 0.4953641
vt 0.5208333 0.5
vt 0.5046358 0.479689
vt 0.5090393 0.4812298
vt 0.5 0.5
vt 0.5129893 0.4837118
vt 0.5162882 0.4870107
vn 0 0 1
vn 0.222521 0 0.974928
vn 0.222521 0 0.974928
vn 0.4338838 0 0.900969
vn 0.4338838 0 0.900969
vn 0.6234898 0 0.7818315
vn 0.6234898 0 0.7818315
vn 0.7818315 0 0.6234898
vn 0.7818315 0 0.6234898
vn 0.900969 0 0.4338838
vn 0.900969 0 0.4338838
vn 0.974928 0 0.222521
vn 0.974928 0 0.222521
vn 1 0 6.123234E-17
vn 1 0 6.123234E-17
vn 0.974928 0 -0.222521
vn 0.974928 0 -0.222521
vn 0.900969 0 -0.4338838
vn 0.900969 0 -0.4338838
vn 0.7818315 0 -0.6234898
vn 0.7818315 0 -0.6234898
vn 0.6234898 0 -0.7818315
vn 0.6234898 0 -0.7818315
vn 0.4338838 0 -0.900969
vn 0.4338838 0 -0.900969
vn 0.222521 0 -0.974928
vn 0.222521 0 -0.974928
vn 1.224647E-16 0 -1
vn 1.224647E-16 0 -1
vn -0.222521 0 -0.974928
vn -0.222521 0 -0.974928
vn -0.4338838 0 -0.900969
vn -0.4338838 0 -0.900969
vn -0.6234898 0 -0.7818315
vn -0.6234898 0 -0.7818315
vn -0.7818315 0 -0.6234898
vn -0.7818315 0 -0.6234898
vn -0.900969 0 -0.4338838
vn -0.900969 0 -0.4338838
vn -0.974928 0 -0.222521
vn -0.974928 0 -0.222521
vn -1 0 -1.83697E-16
vn -1 0 -1.83697E-16
vn -0.974928 0 0.222521
vn -0.974928 0 0.222521
vn -0.900969 0 0.4338838
vn -0.900969 0 0.4338838
vn -0.7818315 0 0.6234898
vn -0.7818315 0 0.6234898
vn -0.6234898 0 0.7818315
vn -0.6234898 0 0.7818315
vn -0.4338838 0 0.900969
vn -0.4338838 0 0.900969
vn -0.222521 0 0.974928
vn -0.222521 0 0.974928
vn 0 0 1
vn 0 0 1
vn 0.222521 0 0.974928
vn 0 -1 0
vn 0 -1 0
vn 0 -1 0
vn 0 -1 0
vn 0 -1 0
vn 0 -1 0
vn 0 -1 0
vn 0 -1 0
vn 0 -1 0
vn 0 -1 0
vn 0 -1 0
vn 0 -1 0
vn 0 -1 0
vn 0 -1 0
vn 0 -1 0
vn 0 -1 0
vn 0 -1 0
vn 0 -1 0
vn 0 -1 0
vn 0 -1 0
vn 0 -1 0
vn 0 -1 0
vn 0 -1 0
vn 0 -1 0
vn 0 -1 0
vn 0 -1 0
vn 0 -1 0
vn 0 -1 0
vn 0 -1 0
vn 0 -1 0
vn 0 -1 0
vn 0 -1 0
vn 0 -1 0
vn 0 -1 0
vn 0 -1 0
vn 0 -1 0
vn 0 -1 0
vn 0 -1 0
vn 0 -1 0
vn 0 -1 0
vn 0 -1 0
vn 0 -1 0
vn 0 -1 0
vn 0 -1 0
vn 0 -1 0
vn 0 -1 0
vn 0 -1 0
vn 0 -1 0
vn 0 1 0
vn 0 1 0
vn 0 1 0
vn 0 1 0
vn 0 1 0
vn 0 1 0
vn 0 1 0
vn 0 1 0
vn 0 1 0
vn 0 1 0
vn 0 1 0
vn 0 1 0
vn 0 1 0
vn 0 1 0
vn 0 1 0
vn 0 1 0
vn 0 1 0
vn 0 1 0
vn 0 1 0
vn 0 1 0
vn 0 1 0
vn 0 1 0
vn 0 1 0
vn 0 1 0
vn 0 1 0
vn 0 1 0
vn 0 1 0
vn 0 1 0
vn 0 1 0
vn 0 1 0
vn 0 1 0
vn 0 1 0
vn 0 1 0
vn 0 1 0
vn 0 1 0
vn 0 1 0
vn 0 1 0
vn 0 1 0
vn 0 1 0
vn 0 1 0
vn 0 1 0
vn 0 1 0
vn 0 1 0
vn 0 1 0
vn 0 1 0
vn 0 1 0
vn 0 1 0
vn 0 1 0
usemtl white_low_gloss_plastic
f 771/771/771 772/772/772 773/773/773
f 772/772/772 774/774/774 773/773/773
f 773/773/773 774/774/774 775/775/775
f 774/774/774 776/776/776 775/775/775
f 775/775/775 776/776/776 777/777/777
f 776/776/776 778/778/778 777/777/777
f 777/777/777 778/778/778 779/779/779
f 778/778/778 780/780/780 779/779/779
f 779/779/779 780/780/780 781/781/781
f 780/780/780 782/782/782 781/781/781
f 781/781/781 782/782/782 783/783/783
f 782/782/782 784/784/784 783/783/783
f 783/783/783 784/784/784 785/785/785
f 784/784/784 786/786/786 785/785/785
f 785/785/785 786/786/786 787/787/787
f 786/786/786 788/788/788 787/787/787
f 787/787/787 788/788/788 789/789/789
f 788/788/788 790/790/790 789/789/789
f 789/789/789 790/790/790 791/791/791
f 790/790/790 792/792/792 791/791/791
f 791/791/791 792/792/792 793/793/793
f 792/792/792 794/794/794 793/793/793
f 793/793/793 794/794/794 795/795/795
f 794/794/794 796/796/796 795/795/795
f 795/795/795 796/796/796 797/797/797
f 796/796/796 798/798/798 797/797/797
f 797/797/797 798/798/798 799/799/799
f 798/798/798 800/800/800 799/799/799
f 799/799/799 800/800/800 801/801/801
f 800/800/800 802/802/802 801/801/801
f 801/801/801 802/802/802 803/803/803
f 802/802/802 804/804/804 803/803/803
f 803/803/803 804/804/804 805/805/805
f 804/804/804 806/806/806 805/805/805
f 805/805/805 806/806/806 807/807/807
f 806/806/806 808/808/808 807/807/807
f 807/807/807 808/808/808 809/809/809
f 808/808/808 810/810/810 809/809/809
f 809/809/809 810/810/810 811/811/811
f 810/810/810 812/812/812 811/811/811
f 811/811/811 812/812/812 813/813/813
f 812/812/812 814/814/814 813/813/813
f 813/813/813 814/814/814 815/815/815
f 814/814/814 816/816/816 815/815/815
f 815/815/815 816/816/816 817/817/817
f 816/816/816 818/818/818 817/817/817
f 817/817/817 818/818/818 819/819/819
f 818/818/818 820/820/820 819/819/819
f 819/819/819 820/820/820 821/821/821
f 820/820/820 822/822/822 821/821/821
f 821/821/821 822/822/822 823/823/823
f 822/822/822 824/824/824 823/823/823
f 823/823/823 824/824/824 825/825/825
f 824/824/824 826/826/826 825/825/825
f 825/825/825 826/826/826 827/827/827
f 826/826/826 828/828/828 827/827/827
f 829/829/829 830/830/830 831/831/831
f 832/832/832 833/833/833 834/834/834
f 833/833/833 835/835/835 834/834/834
f 834/834/834 835/835/835 836/836/836
f 837/837/837 838/838/838 839/839/839
f 838/838/838 840/840/840 839/839/839
f 839/839/839 840/840/840 841/841/841
f 842/842/842 843/843/843 844/844/844
f 843/843/843 845/845/845 844/844/844
f 844/844/844 845/845/845 846/846/846
f 847/847/847 848/848/848 849/849/849
f 848/848/848 850/850/850 849/849/849
f 849/849/849 850/850/850 851/851/851
f 852/852/852 853/853/853 854/854/854
f 853/853/853 855/855/855 854/854/854
f 854/854/854 855/855/855 856/856/856
f 857/857/857 858/858/858 859/859/859
f 858/858/858 860/860/860 859/859/859
f 859/859/859 860/860/860 861/861/861
f 862/862/862 863/863/863 864/864/864
f 863/863/863 865/865/865 864/864/864
f 864/864/864 865/865/865 866/866/866
f 867/867/867 868/868/868 869/869/869
f 868/868/868 870/870/870 869/869/869
f 869/869/869 870/870/870 871/871/871
f 872/872/872 873/873/873 874/874/874
f 873/873/873 875/875/875 874/874/874
f 874/874/874 875/875/875 876/876/876
f 877/877/877 878/878/878 879/879/879
f 880/880/880 881/881/881 882/882/882
f 881/881/881 883/883/883 882/882/882
f 882/882/882 883/883/883 884/884/884
f 885/885/885 886/886/886 887/887/887
f 886/886/886 888/888/888 887/887/887
f 887/887/887 888/888/888 889/889/889
f 890/890/890 891/891/891 892/892/892
f 891/891/891 893/893/893 892/892/892
f 892/892/892 893/893/893 894/894/894
f 895/895/895 896/896/896 897/897/897
f 896/896/896 898/898/898 897/897/897
f 897/897/897 898/898/898 899/899/899
f 900/900/900 901/901/901 902/902/902
f 901/901/901 903/903/903 902/902/902
f 902/902/902 903/903/903 904/904/904
f 905/905/905 906/906/906 907/907/907
f 906/906/906 908/908/908 907/907/907
f 907/907/907 908/908/908 909/909/909
f 910/910/910 911/911/911 912/912/912
f 911/911/911 913/913/913 912/912/912
f 912/912/912 913/913/913 914/914/914
f 915/915/915 916/916/916 917/917/917
f 916/916/916 918/918/918 917/917/917
f 917/917/917 918/918/918 919/919/919
f 920/920/920 921/921/921 922/922/922
f 921/921/921 923/923/923 922/922/922
f 922/922/922 923/923/923 924/924/924
##########################


##########################
g Root|Slalom_(Predeterminado)|Predeterminado|Saliente-Extruir1[7]|Saliente-Extruir1[7]_-_Part
##########################
v -0.5 1.2003 2.025
v -0.494437 0.0003000498 2.024373
v -0.494437 1.2003 2.024373
v -0.4891529 0.0003000498 2.022524
v -0.4891529 1.2003 2.022524
v -0.4844128 0.0003000498 2.019546
v -0.4844128 1.2003 2.019546
v -0.4804542 0.0003000498 2.015587
v -0.4804542 1.2003 2.015587
v -0.4774758 0.0003000498 2.010847
v -0.4774758 1.2003 2.010847
v -0.4756268 0.0003000498 2.005563
v -0.4756268 1.2003 2.005563
v -0.475 0.0003000498 2
v -0.475 1.2003 2
v -0.4756268 0.0003000498 1.994437
v -0.4756268 1.2003 1.994437
v -0.4774758 0.0003000498 1.989153
v -0.4774758 1.2003 1.989153
v -0.4804542 0.0003000498 1.984413
v -0.4804542 1.2003 1.984413
v -0.4844128 0.0003000498 1.980454
v -0.4844128 1.2003 1.980454
v -0.4891529 0.0003000498 1.977476
v -0.4891529 1.2003 1.977476
v -0.494437 0.0003000498 1.975627
v -0.494437 1.2003 1.975627
v -0.5 0.0003000498 1.975
v -0.5 1.2003 1.975
v -0.505563 0.0003000498 1.975627
v -0.505563 1.2003 1.975627
v -0.5108471 0.0003000498 1.977476
v -0.5108471 1.2003 1.977476
v -0.5155873 0.0003000498 1.980454
v -0.5155873 1.2003 1.980454
v -0.5195458 0.0003000498 1.984413
v -0.5195458 1.2003 1.984413
v -0.5225242 0.0003000498 1.989153
v -0.5225242 1.2003 1.989153
v -0.5243732 0.0003000498 1.994437
v -0.5243732 1.2003 1.994437
v -0.525 0.0003000498 2
v -0.525 1.2003 2
v -0.5243732 0.0003000498 2.005563
v -0.5243732 1.2003 2.005563
v -0.5225242 0.0003000498 2.010847
v -0.5225242 1.2003 2.010847
v -0.5195458 0.0003000498 2.015587
v -0.5195458 1.2003 2.015587
v -0.5155873 0.0003000498 2.019546
v -0.5155873 1.2003 2.019546
v -0.5108471 0.0003000498 2.022524
v -0.5108471 1.2003 2.022524
v -0.505563 0.0003000498 2.024373
v -0.505563 1.2003 2.024373
v -0.5 0.0003000498 2.025
v -0.5 1.2003 2.025
v -0.494437 0.0003000498 2.024373
v -0.5 0.0003000498 2.025
v -0.505563 0.0003000498 2.024373
v -0.5 0.0003000498 2
v -0.4844128 0.0003000498 2.019546
v -0.4891529 0.0003000498 2.022524
v -0.5 0.0003000498 2
v -0.494437 0.0003000498 2.024373
v -0.5 0.0003000498 2.025
v -0.4756268 0.0003000498 2.005563
v -0.4774758 0.0003000498 2.010847
v -0.5 0.0003000498 2
v -0.4804542 0.0003000498 2.015587
v -0.4844128 0.0003000498 2.019546
v -0.4774758 0.0003000498 1.989153
v -0.4756268 0.0003000498 1.994437
v -0.5 0.0003000498 2
v -0.475 0.0003000498 2
v -0.4756268 0.0003000498 2.005563
v -0.4891529 0.0003000498 1.977476
v -0.4844128 0.0003000498 1.980454
v -0.5 0.0003000498 2
v -0.4804542 0.0003000498 1.984413
v -0.4774758 0.0003000498 1.989153
v -0.505563 0.0003000498 1.975627
v -0.5 0.0003000498 1.975
v -0.5 0.0003000498 2
v -0.494437 0.0003000498 1.975627
v -0.4891529 0.0003000498 1.977476
v -0.5195458 0.0003000498 1.984413
v -0.5155873 0.0003000498 1.980454
v -0.5 0.0003000498 2
v -0.5108471 0.0003000498 1.977476
v -0.505563 0.0003000498 1.975627
v -0.525 0.0003000498 2
v -0.5243732 0.0003000498 1.994437
v -0.5 0.0003000498 2
v -0.5225242 0.0003000498 1.989153
v -0.5195458 0.0003000498 1.984413
v -0.5195458 0.0003000498 2.015587
v -0.5225242 0.0003000498 2.010847
v -0.5 0.0003000498 2
v -0.5243732 0.0003000498 2.005563
v -0.525 0.0003000498 2
v -0.505563 0.0003000498 2.024373
v -0.5108471 0.0003000498 2.022524
v -0.5 0.0003000498 2
v -0.5155873 0.0003000498 2.019546
v -0.5195458 0.0003000498 2.015587
v -0.5 1.2003 2.025
v -0.494437 1.2003 2.024373
v -0.5 1.2003 2
v -0.5155873 1.2003 2.019546
v -0.5108471 1.2003 2.022524
v -0.5 1.2003 2
v -0.505563 1.2003 2.024373
v -0.5 1.2003 2.025
v -0.5243732 1.2003 2.005563
v -0.5225242 1.2003 2.010847
v -0.5 1.2003 2
v -0.5195458 1.2003 2.015587
v -0.5155873 1.2003 2.019546
v -0.5225242 1.2003 1.989153
v -0.5243732 1.2003 1.994437
v -0.5 1.2003 2
v -0.525 1.2003 2
v -0.5243732 1.2003 2.005563
v -0.5108471 1.2003 1.977476
v -0.5155873 1.2003 1.980454
v -0.5 1.2003 2
v -0.5195458 1.2003 1.984413
v -0.5225242 1.2003 1.989153
v -0.494437 1.2003 1.975627
v -0.5 1.2003 1.975
v -0.5 1.2003 2
v -0.505563 1.2003 1.975627
v -0.5108471 1.2003 1.977476
v -0.4804542 1.2003 1.984413
v -0.4844128 1.2003 1.980454
v -0.5 1.2003 2
v -0.4891529 1.2003 1.977476
v -0.494437 1.2003 1.975627
v -0.475 1.2003 2
v -0.4756268 1.2003 1.994437
v -0.5 1.2003 2
v -0.4774758 1.2003 1.989153
v -0.4804542 1.2003 1.984413
v -0.4804542 1.2003 2.015587
v -0.4774758 1.2003 2.010847
v -0.5 1.2003 2
v -0.4756268 1.2003 2.005563
v -0.475 1.2003 2
v -0.494437 1.2003 2.024373
v -0.4891529 1.2003 2.022524
v -0.5 1.2003 2
v -0.4844128 1.2003 2.019546
v -0.4804542 1.2003 2.015587
vt 0.5 1
vt 0.5046358 0
vt 0.5046358 1
vt 0.5090393 0
vt 0.5090393 1
vt 0.5129894 0
vt 0.5129894 1
vt 0.4870106 0
vt 0.4870106 1
vt 0.4909607 0
vt 0.4909607 1
vt 0.4953642 0
vt 0.4953642 1
vt 0.5 0
vt 0.5 1
vt 0.5046358 0
vt 0.5046358 1
vt 0.5090393 0
vt 0.5090393 1
vt 0.5129893 0
vt 0.5129893 1
vt 0.4870106 0
vt 0.4870106 1
vt 0.4909607 0
vt 0.4909607 1
vt 0.4953642 0
vt 0.4953642 1
vt 0.5 0
vt 0.5 1
vt 0.5046358 0
vt 0.5046358 1
vt 0.5090393 0
vt 0.5090393 1
vt 0.5129894 0
vt 0.5129894 1
vt 0.4870107 0
vt 0.4870107 1
vt 0.4909607 0
vt 0.4909607 1
vt 0.4953642 0
vt 0.4953642 1
vt 0.5 0
vt 0.5 1
vt 0.5046358 0
vt 0.5046358 1
vt 0.5090393 0
vt 0.5090393 1
vt 0.5129894 0
vt 0.5129894 1
vt 0.4870106 0
vt 0.4870106 1
vt 0.4909607 0
vt 0.4909607 1
vt 0.4953642 0
vt 0.4953642 1
vt 0.5 0
vt 0.5 1
vt 0.5046358 0
vt 0.5 0.4791666
vt 0.5046358 0.4796889
vt 0.5 0.5
vt 0.4870106 0.4837118
vt 0.4909607 0.4812299
vt 0.5 0.5
vt 0.4953642 0.4796889
vt 0.5 0.4791666
vt 0.479689 0.4953642
vt 0.4812298 0.4909607
vt 0.5 0.5
vt 0.4837118 0.4870106
vt 0.4870106 0.4837118
vt 0.4812298 0.5090393
vt 0.479689 0.5046358
vt 0.5 0.5
vt 0.4791667 0.5
vt 0.479689 0.4953642
vt 0.4909607 0.5187702
vt 0.4870106 0.5162882
vt 0.5 0.5
vt 0.4837118 0.5129893
vt 0.4812298 0.5090393
vt 0.5046358 0.520311
vt 0.5 0.5208333
vt 0.5 0.5
vt 0.4953642 0.520311
vt 0.4909607 0.5187702
vt 0.5162882 0.5129893
vt 0.5129894 0.5162882
vt 0.5 0.5
vt 0.5090393 0.5187702
vt 0.5046358 0.520311
vt 0.5208333 0.5
vt 0.520311 0.5046358
vt 0.5 0.5
vt 0.5187702 0.5090393
vt 0.5162882 0.5129893
vt 0.5162882 0.4870106
vt 0.5187702 0.4909607
vt 0.5 0.5
vt 0.520311 0.4953642
vt 0.5208333 0.5
vt 0.5046358 0.4796889
vt 0.5090393 0.4812299
vt 0.5 0.5
vt 0.5129894 0.4837118
vt 0.5162882 0.4870106
vt 0.5 0.4791666
vt 0.5046358 0.4796889
vt 0.5 0.5
vt 0.4870106 0.4837118
vt 0.4909607 0.4812299
vt 0.5 0.5
vt 0.4953642 0.4796889
vt 0.5 0.4791666
vt 0.479689 0.4953642
vt 0.4812298 0.4909607
vt 0.5 0.5
vt 0.4837118 0.4870106
vt 0.4870106 0.4837118
vt 0.4812298 0.5090393
vt 0.479689 0.5046358
vt 0.5 0.5
vt 0.4791667 0.5
vt 0.479689 0.4953642
vt 0.4909607 0.5187702
vt 0.4870106 0.5162882
vt 0.5 0.5
vt 0.4837118 0.5129893
vt 0.4812298 0.5090393
vt 0.5046358 0.520311
vt 0.5 0.5208333
vt 0.5 0.5
vt 0.4953642 0.520311
vt 0.4909607 0.5187702
vt 0.5162882 0.5129893
vt 0.5129894 0.5162882
vt 0.5 0.5
vt 0.5090393 0.5187702
vt 0.5046358 0.520311
vt 0.5208334 0.5
vt 0.520311 0.5046358
vt 0.5 0.5
vt 0.5187702 0.5090393
vt 0.5162882 0.5129893
vt 0.5162882 0.4870106
vt 0.5187702 0.4909607
vt 0.5 0.5
vt 0.520311 0.4953642
vt 0.5208334 0.5
vt 0.5046358 0.4796889
vt 0.5090393 0.4812299
vt 0.5 0.5
vt 0.5129894 0.4837118
vt 0.5162882 0.4870106
vn 0 0 1
vn 0.222521 0 0.974928
vn 0.222521 0 0.974928
vn 0.4338838 0 0.900969
vn 0.4338838 0 0.900969
vn 0.6234898 0 0.7818315
vn 0.6234898 0 0.7818315
vn 0.7818315 0 0.6234898
vn 0.7818315 0 0.6234898
vn 0.900969 0 0.4338838
vn 0.900969 0 0.4338838
vn 0.974928 0 0.222521
vn 0.974928 0 0.222521
vn 1 0 6.123234E-17
vn 1 0 6.123234E-17
vn 0.974928 0 -0.222521
vn 0.974928 0 -0.222521
vn 0.900969 0 -0.4338838
vn 0.900969 0 -0.4338838
vn 0.7818315 0 -0.6234898
vn 0.7818315 0 -0.6234898
vn 0.6234898 0 -0.7818315
vn 0.6234898 0 -0.7818315
vn 0.4338838 0 -0.900969
vn 0.4338838 0 -0.900969
vn 0.222521 0 -0.974928
vn 0.222521 0 -0.974928
vn 1.224647E-16 0 -1
vn 1.224647E-16 0 -1
vn -0.222521 0 -0.974928
vn -0.222521 0 -0.974928
vn -0.4338838 0 -0.900969
vn -0.4338838 0 -0.900969
vn -0.6234898 0 -0.7818315
vn -0.6234898 0 -0.7818315
vn -0.7818315 0 -0.6234898
vn -0.7818315 0 -0.6234898
vn -0.900969 0 -0.4338838
vn -0.900969 0 -0.4338838
vn -0.974928 0 -0.222521
vn -0.974928 0 -0.222521
vn -1 0 -1.83697E-16
vn -1 0 -1.83697E-16
vn -0.974928 0 0.222521
vn -0.974928 0 0.222521
vn -0.900969 0 0.4338838
vn -0.900969 0 0.4338838
vn -0.7818315 0 0.6234898
vn -0.7818315 0 0.6234898
vn -0.6234898 0 0.7818315
vn -0.6234898 0 0.7818315
vn -0.4338838 0 0.900969
vn -0.4338838 0 0.900969
vn -0.222521 0 0.974928
vn -0.222521 0 0.974928
vn 0 0 1
vn 0 0 1
vn 0.222521 0 0.974928
vn 0 -1 0
vn 0 -1 0
vn 0 -1 0
vn 0 -1 0
vn 0 -1 0
vn 0 -1 0
vn 0 -1 0
vn 0 -1 0
vn 0 -1 0
vn 0 -1 0
vn 0 -1 0
vn 0 -1 0
vn 0 -1 0
vn 0 -1 0
vn 0 -1 0
vn 0 -1 0
vn 0 -1 0
vn 0 -1 0
vn 0 -1 0
vn 0 -1 0
vn 0 -1 0
vn 0 -1 0
vn 0 -1 0
vn 0 -1 0
vn 0 -1 0
vn 0 -1 0
vn 0 -1 0
vn 0 -1 0
vn 0 -1 0
vn 0 -1 0
vn 0 -1 0
vn 0 -1 0
vn 0 -1 0
vn 0 -1 0
vn 0 -1 0
vn 0 -1 0
vn 0 -1 0
vn 0 -1 0
vn 0 -1 0
vn 0 -1 0
vn 0 -1 0
vn 0 -1 0
vn 0 -1 0
vn 0 -1 0
vn 0 -1 0
vn 0 -1 0
vn 0 -1 0
vn 0 -1 0
vn 0 1 0
vn 0 1 0
vn 0 1 0
vn 0 1 0
vn 0 1 0
vn 0 1 0
vn 0 1 0
vn 0 1 0
vn 0 1 0
vn 0 1 0
vn 0 1 0
vn 0 1 0
vn 0 1 0
vn 0 1 0
vn 0 1 0
vn 0 1 0
vn 0 1 0
vn 0 1 0
vn 0 1 0
vn 0 1 0
vn 0 1 0
vn 0 1 0
vn 0 1 0
vn 0 1 0
vn 0 1 0
vn 0 1 0
vn 0 1 0
vn 0 1 0
vn 0 1 0
vn 0 1 0
vn 0 1 0
vn 0 1 0
vn 0 1 0
vn 0 1 0
vn 0 1 0
vn 0 1 0
vn 0 1 0
vn 0 1 0
vn 0 1 0
vn 0 1 0
vn 0 1 0
vn 0 1 0
vn 0 1 0
vn 0 1 0
vn 0 1 0
vn 0 1 0
vn 0 1 0
vn 0 1 0
usemtl white_low_gloss_plastic
f 925/925/925 926/926/926 927/927/927
f 926/926/926 928/928/928 927/927/927
f 927/927/927 928/928/928 929/929/929
f 928/928/928 930/930/930 929/929/929
f 929/929/929 930/930/930 931/931/931
f 930/930/930 932/932/932 931/931/931
f 931/931/931 932/932/932 933/933/933
f 932/932/932 934/934/934 933/933/933
f 933/933/933 934/934/934 935/935/935
f 934/934/934 936/936/936 935/935/935
f 935/935/935 936/936/936 937/937/937
f 936/936/936 938/938/938 937/937/937
f 937/937/937 938/938/938 939/939/939
f 938/938/938 940/940/940 939/939/939
f 939/939/939 940/940/940 941/941/941
f 940/940/940 942/942/942 941/941/941
f 941/941/941 942/942/942 943/943/943
f 942/942/942 944/944/944 943/943/943
f 943/943/943 944/944/944 945/945/945
f 944/944/944 946/946/946 945/945/945
f 945/945/945 946/946/946 947/947/947
f 946/946/946 948/948/948 947/947/947
f 947/947/947 948/948/948 949/949/949
f 948/948/948 950/950/950 949/949/949
f 949/949/949 950/950/950 951/951/951
f 950/950/950 952/952/952 951/951/951
f 951/951/951 952/952/952 953/953/953
f 952/952/952 954/954/954 953/953/953
f 953/953/953 954/954/954 955/955/955
f 954/954/954 956/956/956 955/955/955
f 955/955/955 956/956/956 957/957/957
f 956/956/956 958/958/958 957/957/957
f 957/957/957 958/958/958 959/959/959
f 958/958/958 960/960/960 959/959/959
f 959/959/959 960/960/960 961/961/961
f 960/960/960 962/962/962 961/961/961
f 961/961/961 962/962/962 963/963/963
f 962/962/962 964/964/964 963/963/963
f 963/963/963 964/964/964 965/965/965
f 964/964/964 966/966/966 965/965/965
f 965/965/965 966/966/966 967/967/967
f 966/966/966 968/968/968 967/967/967
f 967/967/967 968/968/968 969/969/969
f 968/968/968 970/970/970 969/969/969
f 969/969/969 970/970/970 971/971/971
f 970/970/970 972/972/972 971/971/971
f 971/971/971 972/972/972 973/973/973
f 972/972/972 974/974/974 973/973/973
f 973/973/973 974/974/974 975/975/975
f 974/974/974 976/976/976 975/975/975
f 975/975/975 976/976/976 977/977/977
f 976/976/976 978/978/978 977/977/977
f 977/977/977 978/978/978 979/979/979
f 978/978/978 980/980/980 979/979/979
f 979/979/979 980/980/980 981/981/981
f 980/980/980 982/982/982 981/981/981
f 983/983/983 984/984/984 985/985/985
f 986/986/986 987/987/987 988/988/988
f 987/987/987 989/989/989 988/988/988
f 988/988/988 989/989/989 990/990/990
f 991/991/991 992/992/992 993/993/993
f 992/992/992 994/994/994 993/993/993
f 993/993/993 994/994/994 995/995/995
f 996/996/996 997/997/997 998/998/998
f 997/997/997 999/999/999 998/998/998
f 998/998/998 999/999/999 1000/1000/1000
f 1001/1001/1001 1002/1002/1002 1003/1003/1003
f 1002/1002/1002 1004/1004/1004 1003/1003/1003
f 1003/1003/1003 1004/1004/1004 1005/1005/1005
f 1006/1006/1006 1007/1007/1007 1008/1008/1008
f 1007/1007/1007 1009/1009/1009 1008/1008/1008
f 1008/1008/1008 1009/1009/1009 1010/1010/1010
f 1011/1011/1011 1012/1012/1012 1013/1013/1013
f 1012/1012/1012 1014/1014/1014 1013/1013/1013
f 1013/1013/1013 1014/1014/1014 1015/1015/1015
f 1016/1016/1016 1017/1017/1017 1018/1018/1018
f 1017/1017/1017 1019/1019/1019 1018/1018/1018
f 1018/1018/1018 1019/1019/1019 1020/1020/1020
f 1021/1021/1021 1022/1022/1022 1023/1023/1023
f 1022/1022/1022 1024/1024/1024 1023/1023/1023
f 1023/1023/1023 1024/1024/1024 1025/1025/1025
f 1026/1026/1026 1027/1027/1027 1028/1028/1028
f 1027/1027/1027 1029/1029/1029 1028/1028/1028
f 1028/1028/1028 1029/1029/1029 1030/1030/1030
f 1031/1031/1031 1032/1032/1032 1033/1033/1033
f 1034/1034/1034 1035/1035/1035 1036/1036/1036
f 1035/1035/1035 1037/1037/1037 1036/1036/1036
f 1036/1036/1036 1037/1037/1037 1038/1038/1038
f 1039/1039/1039 1040/1040/1040 1041/1041/1041
f 1040/1040/1040 1042/1042/1042 1041/1041/1041
f 1041/1041/1041 1042/1042/1042 1043/1043/1043
f 1044/1044/1044 1045/1045/1045 1046/1046/1046
f 1045/1045/1045 1047/1047/1047 1046/1046/1046
f 1046/1046/1046 1047/1047/1047 1048/1048/1048
f 1049/1049/1049 1050/1050/1050 1051/1051/1051
f 1050/1050/1050 1052/1052/1052 1051/1051/1051
f 1051/1051/1051 1052/1052/1052 1053/1053/1053
f 1054/1054/1054 1055/1055/1055 1056/1056/1056
f 1055/1055/1055 1057/1057/1057 1056/1056/1056
f 1056/1056/1056 1057/1057/1057 1058/1058/1058
f 1059/1059/1059 1060/1060/1060 1061/1061/1061
f 1060/1060/1060 1062/1062/1062 1061/1061/1061
f 1061/1061/1061 1062/1062/1062 1063/1063/1063
f 1064/1064/1064 1065/1065/1065 1066/1066/1066
f 1065/1065/1065 1067/1067/1067 1066/1066/1066
f 1066/1066/1066 1067/1067/1067 1068/1068/1068
f 1069/1069/1069 1070/1070/1070 1071/1071/1071
f 1070/1070/1070 1072/1072/1072 1071/1071/1071
f 1071/1071/1071 1072/1072/1072 1073/1073/1073
f 1074/1074/1074 1075/1075/1075 1076/1076/1076
f 1075/1075/1075 1077/1077/1077 1076/1076/1076
f 1076/1076/1076 1077/1077/1077 1078/1078/1078
##########################


##########################
g Root|Slalom_(Predeterminado)|Predeterminado|Saliente-Extruir1[8]|Saliente-Extruir1[8]_-_Part
##########################
v 1 1.2003 2.025
v 1.005563 0.0003000498 2.024373
v 1.005563 1.2003 2.024373
v 1.010847 0.0003000498 2.022524
v 1.010847 1.2003 2.022524
v 1.015587 0.0003000498 2.019546
v 1.015587 1.2003 2.019546
v 1.019546 0.0003000498 2.015587
v 1.019546 1.2003 2.015587
v 1.022524 0.0003000498 2.010847
v 1.022524 1.2003 2.010847
v 1.024373 0.0003000498 2.005563
v 1.024373 1.2003 2.005563
v 1.025 0.0003000498 2
v 1.025 1.2003 2
v 1.024373 0.0003000498 1.994437
v 1.024373 1.2003 1.994437
v 1.022524 0.0003000498 1.989153
v 1.022524 1.2003 1.989153
v 1.019546 0.0003000498 1.984413
v 1.019546 1.2003 1.984413
v 1.015587 0.0003000498 1.980454
v 1.015587 1.2003 1.980454
v 1.010847 0.0003000498 1.977476
v 1.010847 1.2003 1.977476
v 1.005563 0.0003000498 1.975627
v 1.005563 1.2003 1.975627
v 1 0.0003000498 1.975
v 1 1.2003 1.975
v 0.994437 0.0003000498 1.975627
v 0.994437 1.2003 1.975627
v 0.9891529 0.0003000498 1.977476
v 0.9891529 1.2003 1.977476
v 0.9844127 0.0003000498 1.980454
v 0.9844127 1.2003 1.980454
v 0.9804542 0.0003000498 1.984413
v 0.9804542 1.2003 1.984413
v 0.9774758 0.0003000498 1.989153
v 0.9774758 1.2003 1.989153
v 0.9756268 0.0003000498 1.994437
v 0.9756268 1.2003 1.994437
v 0.975 0.0003000498 2
v 0.975 1.2003 2
v 0.9756268 0.0003000498 2.005563
v 0.9756268 1.2003 2.005563
v 0.9774758 0.0003000498 2.010847
v 0.9774758 1.2003 2.010847
v 0.9804542 0.0003000498 2.015587
v 0.9804542 1.2003 2.015587
v 0.9844127 0.0003000498 2.019546
v 0.9844127 1.2003 2.019546
v 0.9891529 0.0003000498 2.022524
v 0.9891529 1.2003 2.022524
v 0.994437 0.0003000498 2.024373
v 0.994437 1.2003 2.024373
v 1 0.0003000498 2.025
v 1 1.2003 2.025
v 1.005563 0.0003000498 2.024373
vt 0.5 1
vt 0.5046359 0
vt 0.5046359 1
vt 0.5090392 0
vt 0.5090392 1
vt 0.5129893 0
vt 0.5129893 1
vt 0.4870106 0
vt 0.4870106 1
vt 0.4909607 0
vt 0.4909607 1
vt 0.4953642 0
vt 0.4953642 1
vt 0.5 0
vt 0.5 1
vt 0.5046358 0
vt 0.5046358 1
vt 0.5090393 0
vt 0.5090393 1
vt 0.5129893 0
vt 0.5129893 1
vt 0.4870107 0
vt 0.4870107 1
vt 0.4909608 0
vt 0.4909608 1
vt 0.4953641 0
vt 0.4953641 1
vt 0.5 0
vt 0.5 1
vt 0.5046359 0
vt 0.5046359 1
vt 0.5090392 0
vt 0.5090392 1
vt 0.5129894 0
vt 0.5129894 1
vt 0.4870107 0
vt 0.4870107 1
vt 0.4909607 0
vt 0.4909607 1
vt 0.4953642 0
vt 0.4953642 1
vt 0.5 0
vt 0.5 1
vt 0.5046358 0
vt 0.5046358 1
vt 0.5090393 0
vt 0.5090393 1
vt 0.5129894 0
vt 0.5129894 1
vt 0.4870106 0
vt 0.4870106 1
vt 0.4909608 0
vt 0.4909608 1
vt 0.4953641 0
vt 0.4953641 1
vt 0.5 0
vt 0.5 1
vt 0.5046359 0
vn 0 0 1
vn 0.222521 0 0.974928
vn 0.222521 0 0.974928
vn 0.4338838 0 0.900969
vn 0.4338838 0 0.900969
vn 0.6234898 0 0.7818315
vn 0.6234898 0 0.7818315
vn 0.7818315 0 0.6234898
vn 0.7818315 0 0.6234898
vn 0.900969 0 0.4338838
vn 0.900969 0 0.4338838
vn 0.974928 0 0.222521
vn 0.974928 0 0.222521
vn 1 0 6.123234E-17
vn 1 0 6.123234E-17
vn 0.974928 0 -0.222521
vn 0.974928 0 -0.222521
vn 0.900969 0 -0.4338838
vn 0.900969 0 -0.4338838
vn 0.7818315 0 -0.6234898
vn 0.7818315 0 -0.6234898
vn 0.6234898 0 -0.7818315
vn 0.6234898 0 -0.7818315
vn 0.4338838 0 -0.900969
vn 0.4338838 0 -0.900969
vn 0.222521 0 -0.974928
vn 0.222521 0 -0.974928
vn 1.224647E-16 0 -1
vn 1.224647E-16 0 -1
vn -0.222521 0 -0.974928
vn -0.222521 0 -0.974928
vn -0.4338838 0 -0.900969
vn -0.4338838 0 -0.900969
vn -0.6234898 0 -0.7818315
vn -0.6234898 0 -0.7818315
vn -0.7818315 0 -0.6234898
vn -0.7818315 0 -0.6234898
vn -0.900969 0 -0.4338838
vn -0.900969 0 -0.4338838
vn -0.974928 0 -0.222521
vn -0.974928 0 -0.222521
vn -1 0 -1.83697E-16
vn -1 0 -1.83697E-16
vn -0.974928 0 0.222521
vn -0.974928 0 0.222521
vn -0.900969 0 0.4338838
vn -0.900969 0 0.4338838
vn -0.7818315 0 0.6234898
vn -0.7818315 0 0.6234898
vn -0.6234898 0 0.7818315
vn -0.6234898 0 0.7818315
vn -0.4338838 0 0.900969
vn -0.4338838 0 0.900969
vn -0.222521 0 0.974928
vn -0.222521 0 0.974928
vn 0 0 1
vn 0 0 1
vn 0.222521 0 0.974928
usemtl red_low_gloss_plastic
f 1079/1079/1079 1080/1080/1080 1081/1081/1081
f 1080/1080/1080 1082/1082/1082 1081/1081/1081
f 1081/1081/1081 1082/1082/1082 1083/1083/1083
f 1082/1082/1082 1084/1084/1084 1083/1083/1083
f 1083/1083/1083 1084/1084/1084 1085/1085/1085
f 1084/1084/1084 1086/1086/1086 1085/1085/1085
f 1085/1085/1085 1086/1086/1086 1087/1087/1087
f 1086/1086/1086 1088/1088/1088 1087/1087/1087
f 1087/1087/1087 1088/1088/1088 1089/1089/1089
f 1088/1088/1088 1090/1090/1090 1089/1089/1089
f 1089/1089/1089 1090/1090/1090 1091/1091/1091
f 1090/1090/1090 1092/1092/1092 1091/1091/1091
f 1091/1091/1091 1092/1092/1092 1093/1093/1093
f 1092/1092/1092 1094/1094/1094 1093/1093/1093
f 1093/1093/1093 1094/1094/1094 1095/1095/1095
f 1094/1094/1094 1096/1096/1096 1095/1095/1095
f 1095/1095/1095 1096/1096/1096 1097/1097/1097
f 1096/1096/1096 1098/1098/1098 1097/1097/1097
f 1097/1097/1097 1098/1098/1098 1099/1099/1099
f 1098/1098/1098 1100/1100/1100 1099/1099/1099
f 1099/1099/1099 1100/1100/1100 1101/1101/1101
f 1100/1100/1100 1102/1102/1102 1101/1101/1101
f 1101/1101/1101 1102/1102/1102 1103/1103/1103
f 1102/1102/1102 1104/1104/1104 1103/1103/1103
f 1103/1103/1103 1104/1104/1104 1105/1105/1105
f 1104/1104/1104 1106/1106/1106 1105/1105/1105
f 1105/1105/1105 1106/1106/1106 1107/1107/1107
f 1106/1106/1106 1108/1108/1108 1107/1107/1107
f 1107/1107/1107 1108/1108/1108 1109/1109/1109
f 1108/1108/1108 1110/1110/1110 1109/1109/1109
f 1109/1109/1109 1110/1110/1110 1111/1111/1111
f 1110/1110/1110 1112/1112/1112 1111/1111/1111
f 1111/1111/1111 1112/1112/1112 1113/1113/1113
f 1112/1112/1112 1114/1114/1114 1113/1113/1113
f 1113/1113/1113 1114/1114/1114 1115/1115/1115
f 1114/1114/1114 1116/1116/1116 1115/1115/1115
f 1115/1115/1115 1116/1116/1116 1117/1117/1117
f 1116/1116/1116 1118/1118/1118 1117/1117/1117
f 1117/1117/1117 1118/1118/1118 1119/1119/1119
f 1118/1118/1118 1120/1120/1120 1119/1119/1119
f 1119/1119/1119 1120/1120/1120 1121/1121/1121
f 1120/1120/1120 1122/1122/1122 1121/1121/1121
f 1121/1121/1121 1122/1122/1122 1123/1123/1123
f 1122/1122/1122 1124/1124/1124 1123/1123/1123
f 1123/1123/1123 1124/1124/1124 1125/1125/1125
f 1124/1124/1124 1126/1126/1126 1125/1125/1125
f 1125/1125/1125 1126/1126/1126 1127/1127/1127
f 1126/1126/1126 1128/1128/1128 1127/1127/1127
f 1127/1127/1127 1128/1128/1128 1129/1129/1129
f 1128/1128/1128 1130/1130/1130 1129/1129/1129
f 1129/1129/1129 1130/1130/1130 1131/1131/1131
f 1130/1130/1130 1132/1132/1132 1131/1131/1131
f 1131/1131/1131 1132/1132/1132 1133/1133/1133
f 1132/1132/1132 1134/1134/1134 1133/1133/1133
f 1133/1133/1133 1134/1134/1134 1135/1135/1135
f 1134/1134/1134 1136/1136/1136 1135/1135/1135
##########################


##########################
g Root|Slalom_(Predeterminado)|Predeterminado|Saliente-Extruir1[8]|Saliente-Extruir18_-_Part_2
##########################
v 1 0.0003000498 2.025
v 0.994437 0.0003000498 2.024373
v 1 0.0003000498 2
v 1.015587 0.0003000498 2.019546
v 1.010847 0.0003000498 2.022524
v 1 0.0003000498 2
v 1.005563 0.0003000498 2.024373
v 1 0.0003000498 2.025
v 1.024373 0.0003000498 2.005563
v 1.022524 0.0003000498 2.010847
v 1 0.0003000498 2
v 1.019546 0.0003000498 2.015587
v 1.015587 0.0003000498 2.019546
v 1.022524 0.0003000498 1.989153
v 1.024373 0.0003000498 1.994437
v 1 0.0003000498 2
v 1.025 0.0003000498 2
v 1.024373 0.0003000498 2.005563
v 1.010847 0.0003000498 1.977476
v 1.015587 0.0003000498 1.980454
v 1 0.0003000498 2
v 1.019546 0.0003000498 1.984413
v 1.022524 0.0003000498 1.989153
v 0.994437 0.0003000498 1.975627
v 1 0.0003000498 1.975
v 1 0.0003000498 2
v 1.005563 0.0003000498 1.975627
v 1.010847 0.0003000498 1.977476
v 0.9804542 0.0003000498 1.984413
v 0.9844127 0.0003000498 1.980454
v 1 0.0003000498 2
v 0.9891529 0.0003000498 1.977476
v 0.994437 0.0003000498 1.975627
v 0.975 0.0003000498 2
v 0.9756268 0.0003000498 1.994437
v 1 0.0003000498 2
v 0.9774758 0.0003000498 1.989153
v 0.9804542 0.0003000498 1.984413
v 0.9804542 0.0003000498 2.015587
v 0.9774758 0.0003000498 2.010847
v 1 0.0003000498 2
v 0.9756268 0.0003000498 2.005563
v 0.975 0.0003000498 2
v 0.994437 0.0003000498 2.024373
v 0.9891529 0.0003000498 2.022524
v 1 0.0003000498 2
v 0.9844127 0.0003000498 2.019546
v 0.9804542 0.0003000498 2.015587
v 1 1.2003 2.025
v 1.005563 1.2003 2.024373
v 1 1.2003 2
v 0.9844127 1.2003 2.019546
v 0.9891529 1.2003 2.022524
v 1 1.2003 2
v 0.994437 1.2003 2.024373
v 1 1.2003 2.025
v 0.9756268 1.2003 2.005563
v 0.9774758 1.2003 2.010847
v 1 1.2003 2
v 0.9804542 1.2003 2.015587
v 0.9844127 1.2003 2.019546
v 0.9774758 1.2003 1.989153
v 0.9756268 1.2003 1.994437
v 1 1.2003 2
v 0.975 1.2003 2
v 0.9756268 1.2003 2.005563
v 0.9891529 1.2003 1.977476
v 0.9844127 1.2003 1.980454
v 1 1.2003 2
v 0.9804542 1.2003 1.984413
v 0.9774758 1.2003 1.989153
v 1.005563 1.2003 1.975627
v 1 1.2003 1.975
v 1 1.2003 2
v 0.994437 1.2003 1.975627
v 0.9891529 1.2003 1.977476
v 1.019546 1.2003 1.984413
v 1.015587 1.2003 1.980454
v 1 1.2003 2
v 1.010847 1.2003 1.977476
v 1.005563 1.2003 1.975627
v 1.025 1.2003 2
v 1.024373 1.2003 1.994437
v 1 1.2003 2
v 1.022524 1.2003 1.989153
v 1.019546 1.2003 1.984413
v 1.019546 1.2003 2.015587
v 1.022524 1.2003 2.010847
v 1 1.2003 2
v 1.024373 1.2003 2.005563
v 1.025 1.2003 2
v 1.005563 1.2003 2.024373
v 1.010847 1.2003 2.022524
v 1 1.2003 2
v 1.015587 1.2003 2.019546
v 1.019546 1.2003 2.015587
vt 0.5 0.4791666
vt 0.5046359 0.4796889
vt 0.5 0.5
vt 0.4870107 0.4837118
vt 0.4909608 0.4812299
vt 0.5 0.5
vt 0.4953641 0.4796889
vt 0.5 0.4791666
vt 0.479689 0.4953642
vt 0.4812298 0.4909607
vt 0.5 0.5
vt 0.4837118 0.4870106
vt 0.4870107 0.4837118
vt 0.4812298 0.5090393
vt 0.479689 0.5046358
vt 0.5 0.5
vt 0.4791667 0.5
vt 0.479689 0.4953642
vt 0.4909608 0.5187702
vt 0.4870107 0.5162882
vt 0.5 0.5
vt 0.4837118 0.5129893
vt 0.4812298 0.5090393
vt 0.5046359 0.520311
vt 0.5 0.5208333
vt 0.5 0.5
vt 0.4953641 0.520311
vt 0.4909608 0.5187702
vt 0.5162882 0.5129893
vt 0.5129894 0.5162882
vt 0.5 0.5
vt 0.5090392 0.5187702
vt 0.5046359 0.520311
vt 0.5208333 0.5
vt 0.520311 0.5046358
vt 0.5 0.5
vt 0.5187702 0.5090393
vt 0.5162882 0.5129893
vt 0.5162882 0.4870106
vt 0.5187702 0.4909607
vt 0.5 0.5
vt 0.520311 0.4953642
vt 0.5208333 0.5
vt 0.5046359 0.4796889
vt 0.5090392 0.4812299
vt 0.5 0.5
vt 0.5129894 0.4837118
vt 0.5162882 0.4870106
vt 0.5 0.4791666
vt 0.5046359 0.4796889
vt 0.5 0.5
vt 0.4870106 0.4837118
vt 0.4909608 0.4812299
vt 0.5 0.5
vt 0.4953641 0.4796889
vt 0.5 0.4791666
vt 0.479689 0.4953642
vt 0.4812298 0.4909607
vt 0.5 0.5
vt 0.4837118 0.4870106
vt 0.4870106 0.4837118
vt 0.4812298 0.5090393
vt 0.479689 0.5046358
vt 0.5 0.5
vt 0.4791667 0.5
vt 0.479689 0.4953642
vt 0.4909608 0.5187702
vt 0.4870106 0.5162882
vt 0.5 0.5
vt 0.4837118 0.5129893
vt 0.4812298 0.5090393
vt 0.5046359 0.520311
vt 0.5 0.5208333
vt 0.5 0.5
vt 0.4953641 0.520311
vt 0.4909608 0.5187702
vt 0.5162882 0.5129893
vt 0.5129893 0.5162882
vt 0.5 0.5
vt 0.5090392 0.5187702
vt 0.5046359 0.520311
vt 0.5208333 0.5
vt 0.520311 0.5046358
vt 0.5 0.5
vt 0.5187702 0.5090393
vt 0.5162882 0.5129893
vt 0.5162882 0.4870106
vt 0.5187702 0.4909607
vt 0.5 0.5
vt 0.520311 0.4953642
vt 0.5208333 0.5
vt 0.5046359 0.4796889
vt 0.5090392 0.4812299
vt 0.5 0.5
vt 0.5129893 0.4837118
vt 0.5162882 0.4870106
vn 0 -1 0
vn 0 -1 0
vn 0 -1 0
vn 0 -1 0
vn 0 -1 0
vn 0 -1 0
vn 0 -1 0
vn 0 -1 0
vn 0 -1 0
vn 0 -1 0
vn 0 -1 0
vn 0 -1 0
vn 0 -1 0
vn 0 -1 0
vn 0 -1 0
vn 0 -1 0
vn 0 -1 0
vn 0 -1 0
vn 0 -1 0
vn 0 -1 0
vn 0 -1 0
vn 0 -1 0
vn 0 -1 0
vn 0 -1 0
vn 0 -1 0
vn 0 -1 0
vn 0 -1 0
vn 0 -1 0
vn 0 -1 0
vn 0 -1 0
vn 0 -1 0
vn 0 -1 0
vn 0 -1 0
vn 0 -1 0
vn 0 -1 0
vn 0 -1 0
vn 0 -1 0
vn 0 -1 0
vn 0 -1 0
vn 0 -1 0
vn 0 -1 0
vn 0 -1 0
vn 0 -1 0
vn 0 -1 0
vn 0 -1 0
vn 0 -1 0
vn 0 -1 0
vn 0 -1 0
vn 0 1 0
vn 0 1 0
vn 0 1 0
vn 0 1 0
vn 0 1 0
vn 0 1 0
vn 0 1 0
vn 0 1 0
vn 0 1 0
vn 0 1 0
vn 0 1 0
vn 0 1 0
vn 0 1 0
vn 0 1 0
vn 0 1 0
vn 0 1 0
vn 0 1 0
vn 0 1 0
vn 0 1 0
vn 0 1 0
vn 0 1 0
vn 0 1 0
vn 0 1 0
vn 0 1 0
vn 0 1 0
vn 0 1 0
vn 0 1 0
vn 0 1 0
vn 0 1 0
vn 0 1 0
vn 0 1 0
vn 0 1 0
vn 0 1 0
vn 0 1 0
vn 0 1 0
vn 0 1 0
vn 0 1 0
vn 0 1 0
vn 0 1 0
vn 0 1 0
vn 0 1 0
vn 0 1 0
vn 0 1 0
vn 0 1 0
vn 0 1 0
vn 0 1 0
vn 0 1 0
vn 0 1 0
usemtl white_low_gloss_plastic
f 1137/1137/1137 1138/1138/1138 1139/1139/1139
f 1140/1140/1140 1141/1141/1141 1142/1142/1142
f 1141/1141/1141 1143/1143/1143 1142/1142/1142
f 1142/1142/1142 1143/1143/1143 1144/1144/1144
f 1145/1145/1145 1146/1146/1146 1147/1147/1147
f 1146/1146/1146 1148/1148/1148 1147/1147/1147
f 1147/1147/1147 1148/1148/1148 1149/1149/1149
f 1150/1150/1150 1151/1151/1151 1152/1152/1152
f 1151/1151/1151 1153/1153/1153 1152/1152/1152
f 1152/1152/1152 1153/1153/1153 1154/1154/1154
f 1155/1155/1155 1156/1156/1156 1157/1157/1157
f 1156/1156/1156 1158/1158/1158 1157/1157/1157
f 1157/1157/1157 1158/1158/1158 1159/1159/1159
f 1160/1160/1160 1161/1161/1161 1162/1162/1162
f 1161/1161/1161 1163/1163/1163 1162/1162/1162
f 1162/1162/1162 1163/1163/1163 1164/1164/1164
f 1165/1165/1165 1166/1166/1166 1167/1167/1167
f 1166/1166/1166 1168/1168/1168 1167/1167/1167
f 1167/1167/1167 1168/1168/1168 1169/1169/1169
f 1170/1170/1170 1171/1171/1171 1172/1172/1172
f 1171/1171/1171 1173/1173/1173 1172/1172/1172
f 1172/1172/1172 1173/1173/1173 1174/1174/1174
f 1175/1175/1175 1176/1176/1176 1177/1177/1177
f 1176/1176/1176 1178/1178/1178 1177/1177/1177
f 1177/1177/1177 1178/1178/1178 1179/1179/1179
f 1180/1180/1180 1181/1181/1181 1182/1182/1182
f 1181/1181/1181 1183/1183/1183 1182/1182/1182
f 1182/1182/1182 1183/1183/1183 1184/1184/1184
f 1185/1185/1185 1186/1186/1186 1187/1187/1187
f 1188/1188/1188 1189/1189/1189 1190/1190/1190
f 1189/1189/1189 1191/1191/1191 1190/1190/1190
f 1190/1190/1190 1191/1191/1191 1192/1192/1192
f 1193/1193/1193 1194/1194/1194 1195/1195/1195
f 1194/1194/1194 1196/1196/1196 1195/1195/1195
f 1195/1195/1195 1196/1196/1196 1197/1197/1197
f 1198/1198/1198 1199/1199/1199 1200/1200/1200
f 1199/1199/1199 1201/1201/1201 1200/1200/1200
f 1200/1200/1200 1201/1201/1201 1202/1202/1202
f 1203/1203/1203 1204/1204/1204 1205/1205/1205
f 1204/1204/1204 1206/1206/1206 1205/1205/1205
f 1205/1205/1205 1206/1206/1206 1207/1207/1207
f 1208/1208/1208 1209/1209/1209 1210/1210/1210
f 1209/1209/1209 1211/1211/1211 1210/1210/1210
f 1210/1210/1210 1211/1211/1211 1212/1212/1212
f 1213/1213/1213 1214/1214/1214 1215/1215/1215
f 1214/1214/1214 1216/1216/1216 1215/1215/1215
f 1215/1215/1215 1216/1216/1216 1217/1217/1217
f 1218/1218/1218 1219/1219/1219 1220/1220/1220
f 1219/1219/1219 1221/1221/1221 1220/1220/1220
f 1220/1220/1220 1221/1221/1221 1222/1222/1222
f 1223/1223/1223 1224/1224/1224 1225/1225/1225
f 1224/1224/1224 1226/1226/1226 1225/1225/1225
f 1225/1225/1225 1226/1226/1226 1227/1227/1227
f 1228/1228/1228 1229/1229/1229 1230/1230/1230
f 1229/1229/1229 1231/1231/1231 1230/1230/1230
f 1230/1230/1230 1231/1231/1231 1232/1232/1232
##########################


##########################
g Root|Slalom_(Predeterminado)|Predeterminado|Saliente-Extruir1[9]|Saliente-Extruir1[9]_-_Part
##########################
v 2.5 1.2003 2.025
v 2.505563 0.0003000498 2.024373
v 2.505563 1.2003 2.024373
v 2.510847 0.0003000498 2.022524
v 2.510847 1.2003 2.022524
v 2.515587 0.0003000498 2.019546
v 2.515587 1.2003 2.019546
v 2.519546 0.0003000498 2.015587
v 2.519546 1.2003 2.015587
v 2.522524 0.0003000498 2.010847
v 2.522524 1.2003 2.010847
v 2.524373 0.0003000498 2.005563
v 2.524373 1.2003 2.005563
v 2.525 0.0003000498 2
v 2.525 1.2003 2
v 2.524373 0.0003000498 1.994437
v 2.524373 1.2003 1.994437
v 2.522524 0.0003000498 1.989153
v 2.522524 1.2003 1.989153
v 2.519546 0.0003000498 1.984413
v 2.519546 1.2003 1.984413
v 2.515587 0.0003000498 1.980454
v 2.515587 1.2003 1.980454
v 2.510847 0.0003000498 1.977476
v 2.510847 1.2003 1.977476
v 2.505563 0.0003000498 1.975627
v 2.505563 1.2003 1.975627
v 2.5 0.0003000498 1.975
v 2.5 1.2003 1.975
v 2.494437 0.0003000498 1.975627
v 2.494437 1.2003 1.975627
v 2.489153 0.0003000498 1.977476
v 2.489153 1.2003 1.977476
v 2.484413 0.0003000498 1.980454
v 2.484413 1.2003 1.980454
v 2.480454 0.0003000498 1.984413
v 2.480454 1.2003 1.984413
v 2.477476 0.0003000498 1.989153
v 2.477476 1.2003 1.989153
v 2.475627 0.0003000498 1.994437
v 2.475627 1.2003 1.994437
v 2.475 0.0003000498 2
v 2.475 1.2003 2
v 2.475627 0.0003000498 2.005563
v 2.475627 1.2003 2.005563
v 2.477476 0.0003000498 2.010847
v 2.477476 1.2003 2.010847
v 2.480454 0.0003000498 2.015587
v 2.480454 1.2003 2.015587
v 2.484413 0.0003000498 2.019546
v 2.484413 1.2003 2.019546
v 2.489153 0.0003000498 2.022524
v 2.489153 1.2003 2.022524
v 2.494437 0.0003000498 2.024373
v 2.494437 1.2003 2.024373
v 2.5 0.0003000498 2.025
v 2.5 1.2003 2.025
v 2.505563 0.0003000498 2.024373
v 2.5 0.0003000498 2.025
v 2.494437 0.0003000498 2.024373
v 2.5 0.0003000498 2
v 2.515587 0.0003000498 2.019546
v 2.510847 0.0003000498 2.022524
v 2.5 0.0003000498 2
v 2.505563 0.0003000498 2.024373
v 2.5 0.0003000498 2.025
v 2.524373 0.0003000498 2.005563
v 2.522524 0.0003000498 2.010847
v 2.5 0.0003000498 2
v 2.519546 0.0003000498 2.015587
v 2.515587 0.0003000498 2.019546
v 2.522524 0.0003000498 1.989153
v 2.524373 0.0003000498 1.994437
v 2.5 0.0003000498 2
v 2.525 0.0003000498 2
v 2.524373 0.0003000498 2.005563
v 2.510847 0.0003000498 1.977476
v 2.515587 0.0003000498 1.980454
v 2.5 0.0003000498 2
v 2.519546 0.0003000498 1.984413
v 2.522524 0.0003000498 1.989153
v 2.494437 0.0003000498 1.975627
v 2.5 0.0003000498 1.975
v 2.5 0.0003000498 2
v 2.505563 0.0003000498 1.975627
v 2.510847 0.0003000498 1.977476
v 2.480454 0.0003000498 1.984413
v 2.484413 0.0003000498 1.980454
v 2.5 0.0003000498 2
v 2.489153 0.0003000498 1.977476
v 2.494437 0.0003000498 1.975627
v 2.475 0.0003000498 2
v 2.475627 0.0003000498 1.994437
v 2.5 0.0003000498 2
v 2.477476 0.0003000498 1.989153
v 2.480454 0.0003000498 1.984413
v 2.480454 0.0003000498 2.015587
v 2.477476 0.0003000498 2.010847
v 2.5 0.0003000498 2
v 2.475627 0.0003000498 2.005563
v 2.475 0.0003000498 2
v 2.494437 0.0003000498 2.024373
v 2.489153 0.0003000498 2.022524
v 2.5 0.0003000498 2
v 2.484413 0.0003000498 2.019546
v 2.480454 0.0003000498 2.015587
v 2.5 1.2003 2.025
v 2.505563 1.2003 2.024373
v 2.5 1.2003 2
v 2.484413 1.2003 2.019546
v 2.489153 1.2003 2.022524
v 2.5 1.2003 2
v 2.494437 1.2003 2.024373
v 2.5 1.2003 2.025
v 2.475627 1.2003 2.005563
v 2.477476 1.2003 2.010847
v 2.5 1.2003 2
v 2.480454 1.2003 2.015587
v 2.484413 1.2003 2.019546
v 2.477476 1.2003 1.989153
v 2.475627 1.2003 1.994437
v 2.5 1.2003 2
v 2.475 1.2003 2
v 2.475627 1.2003 2.005563
v 2.489153 1.2003 1.977476
v 2.484413 1.2003 1.980454
v 2.5 1.2003 2
v 2.480454 1.2003 1.984413
v 2.477476 1.2003 1.989153
v 2.505563 1.2003 1.975627
v 2.5 1.2003 1.975
v 2.5 1.2003 2
v 2.494437 1.2003 1.975627
v 2.489153 1.2003 1.977476
v 2.519546 1.2003 1.984413
v 2.515587 1.2003 1.980454
v 2.5 1.2003 2
v 2.510847 1.2003 1.977476
v 2.505563 1.2003 1.975627
v 2.525 1.2003 2
v 2.524373 1.2003 1.994437
v 2.5 1.2003 2
v 2.522524 1.2003 1.989153
v 2.519546 1.2003 1.984413
v 2.519546 1.2003 2.015587
v 2.522524 1.2003 2.010847
v 2.5 1.2003 2
v 2.524373 1.2003 2.005563
v 2.525 1.2003 2
v 2.505563 1.2003 2.024373
v 2.510847 1.2003 2.022524
v 2.5 1.2003 2
v 2.515587 1.2003 2.019546
v 2.519546 1.2003 2.015587
vt 0.5 1
vt 0.504636 0
vt 0.504636 1
vt 0.5090394 0
vt 0.5090394 1
vt 0.5129895 0
vt 0.5129895 1
vt 0.4870106 0
vt 0.4870106 1
vt 0.4909607 0
vt 0.4909607 1
vt 0.4953642 0
vt 0.4953642 1
vt 0.5 0
vt 0.5 1
vt 0.5046358 0
vt 0.5046358 1
vt 0.5090393 0
vt 0.5090393 1
vt 0.5129893 0
vt 0.5129893 1
vt 0.4870105 0
vt 0.4870105 1
vt 0.4909606 0
vt 0.4909606 1
vt 0.495364 0
vt 0.495364 1
vt 0.5 0
vt 0.5 1
vt 0.5046358 0
vt 0.5046358 1
vt 0.5090392 0
vt 0.5090392 1
vt 0.5129893 0
vt 0.5129893 1
vt 0.4870107 0
vt 0.4870107 1
vt 0.4909607 0
vt 0.4909607 1
vt 0.4953642 0
vt 0.4953642 1
vt 0.5 0
vt 0.5 1
vt 0.5046358 0
vt 0.5046358 1
vt 0.5090393 0
vt 0.5090393 1
vt 0.5129894 0
vt 0.5129894 1
vt 0.4870107 0
vt 0.4870107 1
vt 0.4909608 0
vt 0.4909608 1
vt 0.4953642 0
vt 0.4953642 1
vt 0.5 0
vt 0.5 1
vt 0.504636 0
vt 0.5 0.4791666
vt 0.5046358 0.4796889
vt 0.5 0.5
vt 0.4870105 0.4837118
vt 0.4909606 0.4812299
vt 0.5 0.5
vt 0.495364 0.4796889
vt 0.5 0.4791666
vt 0.4796889 0.4953642
vt 0.4812298 0.4909607
vt 0.5 0.5
vt 0.4837117 0.4870106
vt 0.4870105 0.4837118
vt 0.4812298 0.5090393
vt 0.4796889 0.5046358
vt 0.5 0.5
vt 0.4791665 0.5
vt 0.4796889 0.4953642
vt 0.4909606 0.5187702
vt 0.4870105 0.5162882
vt 0.5 0.5
vt 0.4837117 0.5129893
vt 0.4812298 0.5090393
vt 0.5046358 0.520311
vt 0.5 0.5208333
vt 0.5 0.5
vt 0.495364 0.520311
vt 0.4909606 0.5187702
vt 0.516288 0.5129893
vt 0.5129893 0.5162882
vt 0.5 0.5
vt 0.5090392 0.5187702
vt 0.5046358 0.520311
vt 0.5208333 0.5
vt 0.5203109 0.5046358
vt 0.5 0.5
vt 0.51877 0.5090393
vt 0.516288 0.5129893
vt 0.516288 0.4870106
vt 0.51877 0.4909607
vt 0.5 0.5
vt 0.5203109 0.4953642
vt 0.5208333 0.5
vt 0.5046358 0.4796889
vt 0.5090392 0.4812299
vt 0.5 0.5
vt 0.5129893 0.4837118
vt 0.516288 0.4870106
vt 0.5 0.4791666
vt 0.504636 0.4796889
vt 0.5 0.5
vt 0.4870107 0.4837118
vt 0.4909608 0.4812299
vt 0.5 0.5
vt 0.4953642 0.4796889
vt 0.5 0.4791666
vt 0.4796891 0.4953642
vt 0.48123 0.4909607
vt 0.5 0.5
vt 0.483712 0.4870106
vt 0.4870107 0.4837118
vt 0.48123 0.5090393
vt 0.4796891 0.5046358
vt 0.5 0.5
vt 0.4791667 0.5
vt 0.4796891 0.4953642
vt 0.4909608 0.5187702
vt 0.4870107 0.5162882
vt 0.5 0.5
vt 0.483712 0.5129893
vt 0.48123 0.5090393
vt 0.504636 0.520311
vt 0.5 0.5208333
vt 0.5 0.5
vt 0.4953642 0.520311
vt 0.4909608 0.5187702
vt 0.5162883 0.5129893
vt 0.5129895 0.5162882
vt 0.5 0.5
vt 0.5090394 0.5187702
vt 0.504636 0.520311
vt 0.5208335 0.5
vt 0.5203111 0.5046358
vt 0.5 0.5
vt 0.5187702 0.5090393
vt 0.5162883 0.5129893
vt 0.5162883 0.4870106
vt 0.5187702 0.4909607
vt 0.5 0.5
vt 0.5203111 0.4953642
vt 0.5208335 0.5
vt 0.504636 0.4796889
vt 0.5090394 0.4812299
vt 0.5 0.5
vt 0.5129895 0.4837118
vt 0.5162883 0.4870106
vn 0 0 1
vn 0.222521 0 0.974928
vn 0.222521 0 0.974928
vn 0.4338838 0 0.900969
vn 0.4338838 0 0.900969
vn 0.6234898 0 0.7818315
vn 0.6234898 0 0.7818315
vn 0.7818315 0 0.6234898
vn 0.7818315 0 0.6234898
vn 0.900969 0 0.4338838
vn 0.900969 0 0.4338838
vn 0.974928 0 0.222521
vn 0.974928 0 0.222521
vn 1 0 6.123234E-17
vn 1 0 6.123234E-17
vn 0.974928 0 -0.222521
vn 0.974928 0 -0.222521
vn 0.900969 0 -0.4338838
vn 0.900969 0 -0.4338838
vn 0.7818315 0 -0.6234898
vn 0.7818315 0 -0.6234898
vn 0.6234898 0 -0.7818315
vn 0.6234898 0 -0.7818315
vn 0.4338838 0 -0.900969
vn 0.4338838 0 -0.900969
vn 0.222521 0 -0.974928
vn 0.222521 0 -0.974928
vn 1.224647E-16 0 -1
vn 1.224647E-16 0 -1
vn -0.222521 0 -0.974928
vn -0.222521 0 -0.974928
vn -0.4338838 0 -0.900969
vn -0.4338838 0 -0.900969
vn -0.6234898 0 -0.7818315
vn -0.6234898 0 -0.7818315
vn -0.7818315 0 -0.6234898
vn -0.7818315 0 -0.6234898
vn -0.900969 0 -0.4338838
vn -0.900969 0 -0.4338838
vn -0.974928 0 -0.222521
vn -0.974928 0 -0.222521
vn -1 0 -1.83697E-16
vn -1 0 -1.83697E-16
vn -0.974928 0 0.222521
vn -0.974928 0 0.222521
vn -0.900969 0 0.4338838
vn -0.900969 0 0.4338838
vn -0.7818315 0 0.6234898
vn -0.7818315 0 0.6234898
vn -0.6234898 0 0.7818315
vn -0.6234898 0 0.7818315
vn -0.4338838 0 0.900969
vn -0.4338838 0 0.900969
vn -0.222521 0 0.974928
vn -0.222521 0 0.974928
vn 0 0 1
vn 0 0 1
vn 0.222521 0 0.974928
vn 0 -1 0
vn 0 -1 0
vn 0 -1 0
vn 0 -1 0
vn 0 -1 0
vn 0 -1 0
vn 0 -1 0
vn 0 -1 0
vn 0 -1 0
vn 0 -1 0
vn 0 -1 0
vn 0 -1 0
vn 0 -1 0
vn 0 -1 0
vn 0 -1 0
vn 0 -1 0
vn 0 -1 0
vn 0 -1 0
vn 0 -1 0
vn 0 -1 0
vn 0 -1 0
vn 0 -1 0
vn 0 -1 0
vn 0 -1 0
vn 0 -1 0
vn 0 -1 0
vn 0 -1 0
vn 0 -1 0
vn 0 -1 0
vn 0 -1 0
vn 0 -1 0
vn 0 -1 0
vn 0 -1 0
vn 0 -1 0
vn 0 -1 0
vn 0 -1 0
vn 0 -1 0
vn 0 -1 0
vn 0 -1 0
vn 0 -1 0
vn 0 -1 0
vn 0 -1 0
vn 0 -1 0
vn 0 -1 0
vn 0 -1 0
vn 0 -1 0
vn 0 -1 0
vn 0 -1 0
vn 0 1 0
vn 0 1 0
vn 0 1 0
vn 0 1 0
vn 0 1 0
vn 0 1 0
vn 0 1 0
vn 0 1 0
vn 0 1 0
vn 0 1 0
vn 0 1 0
vn 0 1 0
vn 0 1 0
vn 0 1 0
vn 0 1 0
vn 0 1 0
vn 0 1 0
vn 0 1 0
vn 0 1 0
vn 0 1 0
vn 0 1 0
vn 0 1 0
vn 0 1 0
vn 0 1 0
vn 0 1 0
vn 0 1 0
vn 0 1 0
vn 0 1 0
vn 0 1 0
vn 0 1 0
vn 0 1 0
vn 0 1 0
vn 0 1 0
vn 0 1 0
vn 0 1 0
vn 0 1 0
vn 0 1 0
vn 0 1 0
vn 0 1 0
vn 0 1 0
vn 0 1 0
vn 0 1 0
vn 0 1 0
vn 0 1 0
vn 0 1 0
vn 0 1 0
vn 0 1 0
vn 0 1 0
usemtl white_low_gloss_plastic
f 1233/1233/1233 1234/1234/1234 1235/1235/1235
f 1234/1234/1234 1236/1236/1236 1235/1235/1235
f 1235/1235/1235 1236/1236/1236 1237/1237/1237
f 1236/1236/1236 1238/1238/1238 1237/1237/1237
f 1237/1237/1237 1238/1238/1238 1239/1239/1239
f 1238/1238/1238 1240/1240/1240 1239/1239/1239
f 1239/1239/1239 1240/1240/1240 1241/1241/1241
f 1240/1240/1240 1242/1242/1242 1241/1241/1241
f 1241/1241/1241 1242/1242/1242 1243/1243/1243
f 1242/1242/1242 1244/1244/1244 1243/1243/1243
f 1243/1243/1243 1244/1244/1244 1245/1245/1245
f 1244/1244/1244 1246/1246/1246 1245/1245/1245
f 1245/1245/1245 1246/1246/1246 1247/1247/1247
f 1246/1246/1246 1248/1248/1248 1247/1247/1247
f 1247/1247/1247 1248/1248/1248 1249/1249/1249
f 1248/1248/1248 1250/1250/1250 1249/1249/1249
f 1249/1249/1249 1250/1250/1250 1251/1251/1251
f 1250/1250/1250 1252/1252/1252 1251/1251/1251
f 1251/1251/1251 1252/1252/1252 1253/1253/1253
f 1252/1252/1252 1254/1254/1254 1253/1253/1253
f 1253/1253/1253 1254/1254/1254 1255/1255/1255
f 1254/1254/1254 1256/1256/1256 1255/1255/1255
f 1255/1255/1255 1256/1256/1256 1257/1257/1257
f 1256/1256/1256 1258/1258/1258 1257/1257/1257
f 1257/1257/1257 1258/1258/1258 1259/1259/1259
f 1258/1258/1258 1260/1260/1260 1259/1259/1259
f 1259/1259/1259 1260/1260/1260 1261/1261/1261
f 1260/1260/1260 1262/1262/1262 1261/1261/1261
f 1261/1261/1261 1262/1262/1262 1263/1263/1263
f 1262/1262/1262 1264/1264/1264 1263/1263/1263
f 1263/1263/1263 1264/1264/1264 1265/1265/1265
f 1264/1264/1264 1266/1266/1266 1265/1265/1265
f 1265/1265/1265 1266/1266/1266 1267/1267/1267
f 1266/1266/1266 1268/1268/1268 1267/1267/1267
f 1267/1267/1267 1268/1268/1268 1269/1269/1269
f 1268/1268/1268 1270/1270/1270 1269/1269/1269
f 1269/1269/1269 1270/1270/1270 1271/1271/1271
f 1270/1270/1270 1272/1272/1272 1271/1271/1271
f 1271/1271/1271 1272/1272/1272 1273/1273/1273
f 1272/1272/1272 1274/1274/1274 1273/1273/1273
f 1273/1273/1273 1274/1274/1274 1275/1275/1275
f 1274/1274/1274 1276/1276/1276 1275/1275/1275
f 1275/1275/1275 1276/1276/1276 1277/1277/1277
f 1276/1276/1276 1278/1278/1278 1277/1277/1277
f 1277/1277/1277 1278/1278/1278 1279/1279/1279
f 1278/1278/1278 1280/1280/1280 1279/1279/1279
f 1279/1279/1279 1280/1280/1280 1281/1281/1281
f 1280/1280/1280 1282/1282/1282 1281/1281/1281
f 1281/1281/1281 1282/1282/1282 1283/1283/1283
f 1282/1282/1282 1284/1284/1284 1283/1283/1283
f 1283/1283/1283 1284/1284/1284 1285/1285/1285
f 1284/1284/1284 1286/1286/1286 1285/1285/1285
f 1285/1285/1285 1286/1286/1286 1287/1287/1287
f 1286/1286/1286 1288/1288/1288 1287/1287/1287
f 1287/1287/1287 1288/1288/1288 1289/1289/1289
f 1288/1288/1288 1290/1290/1290 1289/1289/1289
f 1291/1291/1291 1292/1292/1292 1293/1293/1293
f 1294/1294/1294 1295/1295/1295 1296/1296/1296
f 1295/1295/1295 1297/1297/1297 1296/1296/1296
f 1296/1296/1296 1297/1297/1297 1298/1298/1298
f 1299/1299/1299 1300/1300/1300 1301/1301/1301
f 1300/1300/1300 1302/1302/1302 1301/1301/1301
f 1301/1301/1301 1302/1302/1302 1303/1303/1303
f 1304/1304/1304 1305/1305/1305 1306/1306/1306
f 1305/1305/1305 1307/1307/1307 1306/1306/1306
f 1306/1306/1306 1307/1307/1307 1308/1308/1308
f 1309/1309/1309 1310/1310/1310 1311/1311/1311
f 1310/1310/1310 1312/1312/1312 1311/1311/1311
f 1311/1311/1311 1312/1312/1312 1313/1313/1313
f 1314/1314/1314 1315/1315/1315 1316/1316/1316
f 1315/1315/1315 1317/1317/1317 1316/1316/1316
f 1316/1316/1316 1317/1317/1317 1318/1318/1318
f 1319/1319/1319 1320/1320/1320 1321/1321/1321
f 1320/1320/1320 1322/1322/1322 1321/1321/1321
f 1321/1321/1321 1322/1322/1322 1323/1323/1323
f 1324/1324/1324 1325/1325/1325 1326/1326/1326
f 1325/1325/1325 1327/1327/1327 1326/1326/1326
f 1326/1326/1326 1327/1327/1327 1328/1328/1328
f 1329/1329/1329 1330/1330/1330 1331/1331/1331
f 1330/1330/1330 1332/1332/1332 1331/1331/1331
f 1331/1331/1331 1332/1332/1332 1333/1333/1333
f 1334/1334/1334 1335/1335/1335 1336/1336/1336
f 1335/1335/1335 1337/1337/1337 1336/1336/1336
f 1336/1336/1336 1337/1337/1337 1338/1338/1338
f 1339/1339/1339 1340/1340/1340 1341/1341/1341
f 1342/1342/1342 1343/1343/1343 1344/1344/1344
f 1343/1343/1343 1345/1345/1345 1344/1344/1344
f 1344/1344/1344 1345/1345/1345 1346/1346/1346
f 1347/1347/1347 1348/1348/1348 1349/1349/1349
f 1348/1348/1348 1350/1350/1350 1349/1349/1349
f 1349/1349/1349 1350/1350/1350 1351/1351/1351
f 1352/1352/1352 1353/1353/1353 1354/1354/1354
f 1353/1353/1353 1355/1355/1355 1354/1354/1354
f 1354/1354/1354 1355/1355/1355 1356/1356/1356
f 1357/1357/1357 1358/1358/1358 1359/1359/1359
f 1358/1358/1358 1360/1360/1360 1359/1359/1359
f 1359/1359/1359 1360/1360/1360 1361/1361/1361
f 1362/1362/1362 1363/1363/1363 1364/1364/1364
f 1363/1363/1363 1365/1365/1365 1364/1364/1364
f 1364/1364/1364 1365/1365/1365 1366/1366/1366
f 1367/1367/1367 1368/1368/1368 1369/1369/1369
f 1368/1368/1368 1370/1370/1370 1369/1369/1369
f 1369/1369/1369 1370/1370/1370 1371/1371/1371
f 1372/1372/1372 1373/1373/1373 1374/1374/1374
f 1373/1373/1373 1375/1375/1375 1374/1374/1374
f 1374/1374/1374 1375/1375/1375 1376/1376/1376
f 1377/1377/1377 1378/1378/1378 1379/1379/1379
f 1378/1378/1378 1380/1380/1380 1379/1379/1379
f 1379/1379/1379 1380/1380/1380 1381/1381/1381
f 1382/1382/1382 1383/1383/1383 1384/1384/1384
f 1383/1383/1383 1385/1385/1385 1384/1384/1384
f 1384/1384/1384 1385/1385/1385 1386/1386/1386
##########################

